# https://github.com/mikedh/trimesh
mtllib material.mtl
usemtl material_0
v 1.14340401 0.49644698 0.12614000
v 1.15192002 0.43311200 0.12614000
v 1.15188402 0.48521799 0.12614000
v 1.14310801 0.42128599 0.12614000
v 1.15188402 0.48521799 0.12614000
v 1.15192002 0.43311200 0.12614000
v 1.15192002 0.43311200 0.09427900
v 1.15188402 0.48521799 0.09427900
v 1.14310801 0.42128599 0.12614000
v 1.14310801 0.42128599 0.09427900
v 1.15192002 0.43311200 0.12614000
v 1.15192002 0.43311200 0.09427900
v 1.14340401 0.49644698 0.09427900
v 1.14340401 0.49644698 0.12614000
v 1.15188402 0.48521799 0.12614000
v 1.15188402 0.48521799 0.09427900
v 1.12660801 0.41518499 0.12614000
v 1.12652302 0.50280298 0.12614000
v 1.14340401 0.49644698 0.09427900
v 1.15192002 0.43311200 0.09427900
v 1.14310801 0.42128599 0.09427900
v 1.15188402 0.48521799 0.09427900
v 1.12660801 0.41518499 0.12614000
v 1.12660801 0.41518499 0.09427900
v 1.14310801 0.42128599 0.12614000
v 1.14310801 0.42128599 0.09427900
v 1.12652302 0.50280298 0.09427900
v 1.12652302 0.50280298 0.12614000
v 1.14340401 0.49644698 0.12614000
v 1.14340401 0.49644698 0.09427900
v 1.12660801 0.41518499 0.09427900
v 1.12652302 0.50280298 0.09427900
v 1.09204602 0.51387098 0.12614000
v 1.09096205 0.40346499 0.12614000
v 1.12660801 0.41518499 0.12614000
v 1.09096205 0.40346499 0.12614000
v 1.09096205 0.40346499 0.09427900
v 1.12660801 0.41518499 0.09427900
v 1.09204602 0.51387098 0.12614000
v 1.12652302 0.50280298 0.09427900
v 1.09204602 0.51387098 0.09427900
v 1.02180302 0.45917599 0.12614000
v 1.03439701 0.38486699 0.12614000
v 1.09096205 0.40346499 0.09427900
v 1.09204602 0.51387098 0.09427900
v 1.03439701 0.38486699 0.12614000
v 1.03439701 0.38486699 0.07178400
v 1.03665000 0.53165600 0.12614000
v 1.03665000 0.53165600 0.07178400
v 1.01333106 0.43526399 0.12614000
v 1.00614902 0.43113299 0.12614000
v 1.01908404 0.44515499 0.12614000
v 1.03439701 0.38486699 0.07178400
v 1.02180302 0.45917599 0.07178400
v 1.09096205 0.40346499 0.09427900
v 0.84363902 0.38689899 0.12614000
v 1.03439701 0.38486699 0.07178400
v 1.03439701 0.38486699 0.12614000
v 0.84363902 0.38689899 0.07178400
v 0.84470603 0.53100100 0.12614000
v 0.24507904 0.52895498 0.07178400
v 0.24507904 0.52895498 0.12614000
v 0.84470603 0.53100100 0.07178400
v 0.24519601 0.39327299 0.12614000
v 0.24507904 0.52895498 0.12614000
v 0.24507904 0.52895498 0.07178400
v 0.24519601 0.39327299 0.07178400
v 0.88243303 0.44515499 0.12614000
v 0.88243303 0.44515499 0.07178400
v 0.87971404 0.45917599 0.12614000
v 0.87971404 0.45917599 0.07178400
v 0.87971404 0.45917599 0.12614000
v 0.87971404 0.45917599 0.07178400
v 0.88243303 0.47319798 0.12614000
v 0.88243303 0.47319798 0.07178400
v 0.88818604 0.43526399 0.12614000
v 0.88818604 0.43526399 0.07178400
v 0.88243303 0.44515499 0.12614000
v 0.88243303 0.44515499 0.07178400
v 0.88243303 0.47319798 0.12614000
v 0.88243303 0.47319798 0.07178400
v 0.88818604 0.48308799 0.12614000
v 0.88818604 0.48308799 0.07178400
v 1.00614902 0.43113299 0.07178400
v 0.89536804 0.43113299 0.12614000
v 1.00614902 0.43113299 0.12614000
v 0.89536804 0.43113299 0.07178400
v 1.01908404 0.44515499 0.12614000
v 1.01908404 0.44515499 0.07178400
v 1.01333106 0.43526399 0.12614000
v 1.01333106 0.43526399 0.07178400
v 1.01333106 0.48308799 0.12614000
v 1.01333106 0.48308799 0.07178400
v 1.01908404 0.47319798 0.12614000
v 1.01908404 0.47319798 0.07178400
v 1.02180302 0.45917599 0.12614000
v 1.02180302 0.45917599 0.07178400
v 1.01908404 0.44515499 0.12614000
v 1.01908404 0.44515499 0.07178400
v 1.01908404 0.47319798 0.12614000
v 1.01908404 0.47319798 0.07178400
v 1.02180302 0.45917599 0.12614000
v 1.02180302 0.45917599 0.07178400
v 0.84470603 0.53100100 0.12614000
v 0.24507904 0.52895498 0.12614000
v 0.24519601 0.39327299 0.12614000
v 0.84363902 0.38689899 0.12614000
v 0.24519601 0.39327299 0.12614000
v 0.24519601 0.39327299 0.07178400
v 1.03665000 0.53165600 0.07178400
v 1.03665000 0.53165600 0.12614000
v 0.24507904 0.52895498 0.07178400
v 0.84470603 0.53100100 0.07178400
v 0.24519601 0.39327299 0.07178400
v 0.84363902 0.38689899 0.07178400
v 0.89536804 0.43113299 0.12614000
v 1.01908404 0.47319798 0.12614000
v 1.03665000 0.53165600 0.12614000
v 1.01333106 0.48308799 0.12614000
v 0.87971404 0.45917599 0.12614000
v 0.88243303 0.44515499 0.12614000
v 0.88243303 0.47319798 0.12614000
v 0.89536804 0.48721899 0.12614000
v 1.00614902 0.48721899 0.12614000
v 0.88818604 0.48308799 0.12614000
v 0.89536804 0.48721899 0.12614000
v 1.00614902 0.48721899 0.07178400
v 1.00614902 0.48721899 0.12614000
v 0.89536804 0.48721899 0.07178400
v 0.88243303 0.44515499 0.07178400
v 0.88818604 0.43526399 0.07178400
v 0.87971404 0.45917599 0.07178400
v 0.88243303 0.47319798 0.07178400
v 0.88818604 0.48308799 0.07178400
v 1.03439701 0.38486699 0.07178400
v 0.89536804 0.43113299 0.07178400
v 1.00614902 0.43113299 0.07178400
v 1.01908404 0.44515499 0.07178400
v 1.01333106 0.43526399 0.07178400
v 1.03665000 0.53165600 0.07178400
v 1.01333106 0.48308799 0.07178400
v 1.00614902 0.48721899 0.07178400
v 1.01908404 0.47319798 0.07178400
v 0.89536804 0.48721899 0.07178400
v 0.88818604 0.43526399 0.12614000
v 0.88818604 0.43526399 0.07178400
v 0.88818604 0.43526399 0.12614000
v 0.89536804 0.43113299 0.12614000
v 0.89536804 0.43113299 0.07178400
v 0.88818604 0.48308799 0.12614000
v 0.89536804 0.48721899 0.07178400
v 0.89536804 0.48721899 0.12614000
v 0.88818604 0.48308799 0.07178400
v 1.00614902 0.43113299 0.07178400
v 1.00614902 0.43113299 0.12614000
v 1.01333106 0.43526399 0.12614000
v 1.01333106 0.43526399 0.07178400
v 1.01333106 0.48308799 0.07178400
v 1.01333106 0.48308799 0.12614000
v 1.00614902 0.48721899 0.12614000
v 1.00614902 0.48721899 0.07178400
v 0.36138403 0.26582799 0.49079399
v 0.38080703 0.26582799 0.12632200
v 0.36138403 0.32913699 0.49079399
v 0.38080703 0.52512099 0.12632200
v 0.36138403 0.32913699 0.49079399
v 0.25964102 0.52512099 0.12632200
v 0.27906303 0.33527799 0.49079399
v 0.38080703 0.52512099 0.12632200
v 0.35692103 0.26582799 0.57455199
v 0.35692103 0.30485399 0.57455199
v 0.28352603 0.31291199 0.57455199
v 0.35692103 0.30485399 0.57455199
v 0.27906303 0.33527799 0.49079399
v 0.36138403 0.32913699 0.49079399
v 0.38074403 0.26582799 0.52638100
v 0.39426703 0.26582799 0.52638100
v 0.39426703 0.25026799 0.52638100
v 0.36721903 0.26582799 0.52638100
v 0.39426703 0.28138799 0.52638100
v 0.38074403 0.26582799 0.52638100
v 0.37398203 0.30995399 0.52638100
v 0.34017202 0.26582799 0.52638100
v 0.34017202 0.32949899 0.52638100
v 0.18313503 0.32949899 0.52638100
v 0.34017202 0.32949899 0.59945898
v 0.18313503 0.32949899 0.59986799
v 0.14256403 0.30243699 0.59986799
v 0.14256403 0.30243699 0.52638100
v 0.12903902 0.28138799 0.59986799
v 0.12903902 0.28138799 0.52638100
v 0.16284904 0.32198199 0.59986799
v 0.16284904 0.32198199 0.52638100
v 0.14256403 0.30243699 0.59986799
v 0.14256403 0.30243699 0.52638100
v 0.18313503 0.32949899 0.59986799
v 0.18313503 0.32949899 0.52638100
v 0.16284904 0.32198199 0.59986799
v 0.16284904 0.32198199 0.52638100
v 0.37398203 0.30995399 0.59433400
v 0.34017202 0.32949899 0.52638100
v 0.34017202 0.32949899 0.59945898
v 0.37398203 0.30995399 0.52638100
v 0.37398203 0.30995399 0.59433400
v 0.34017202 0.26582799 0.59945898
v 0.36721903 0.26582799 0.59690498
v 0.34017202 0.32949899 0.59945898
v 0.39426703 0.28138799 0.58357601
v 0.37398203 0.30995399 0.52638100
v 0.37398203 0.30995399 0.59433400
v 0.39426703 0.28138799 0.52638100
v 0.18313503 0.26582799 0.52638100
v 0.18313503 0.32949899 0.52638100
v 0.34017202 0.32949899 0.52638100
v 0.15608704 0.26582799 0.52638100
v 0.14256403 0.30243699 0.52638100
v 0.14873102 0.31293799 0.27930399
v 0.16276202 0.31293799 0.28740500
v 0.15393904 0.31464999 0.27493401
v 0.16394302 0.31464999 0.28071000
v 0.14319003 0.31293799 0.26407899
v 0.14873102 0.31293799 0.27930399
v 0.15393904 0.31464999 0.27493401
v 0.14998803 0.31464999 0.26407899
v 0.14873102 0.31293799 0.24885501
v 0.14319003 0.31293799 0.26407899
v 0.14998803 0.31464999 0.26407899
v 0.15393904 0.31464999 0.25322400
v 0.15393904 0.31464999 0.25322400
v 0.16394302 0.31464999 0.24744900
v 0.16276202 0.31293799 0.24075400
v 0.14873102 0.31293799 0.24885501
v 0.17531902 0.31464999 0.24945401
v 0.16276202 0.31293799 0.24075400
v 0.16394302 0.31464999 0.24744900
v 0.17871803 0.31293799 0.24356701
v 0.17871803 0.31293799 0.24356701
v 0.18274403 0.31464999 0.25830301
v 0.18913203 0.31293799 0.25597801
v 0.17531902 0.31464999 0.24945401
v 0.18913203 0.31293799 0.27218001
v 0.18913203 0.31293799 0.25597801
v 0.18274403 0.31464999 0.26985501
v 0.18274403 0.31464999 0.25830301
v 0.18274403 0.31464999 0.26985501
v 0.17871803 0.31293799 0.28459101
v 0.18913203 0.31293799 0.27218001
v 0.17531902 0.31464999 0.27870401
v 0.17871803 0.31293799 0.28459101
v 0.16394302 0.31464999 0.28071000
v 0.16276202 0.31293799 0.28740500
v 0.17531902 0.31464999 0.27870401
v 0.15589303 0.35141899 0.27329500
v 0.16526702 0.35141899 0.27319999
v 0.15978104 0.35141899 0.27003201
v 0.16438603 0.35141899 0.27819799
v 0.15253901 0.35141899 0.26407899
v 0.15761402 0.35141899 0.26407899
v 0.15589303 0.35141899 0.25486400
v 0.15978104 0.35141899 0.25812601
v 0.16526702 0.35141899 0.25495901
v 0.15589303 0.35141899 0.25486400
v 0.15978104 0.35141899 0.25812601
v 0.16438603 0.35141899 0.24995999
v 0.17150602 0.35141899 0.25605901
v 0.17404404 0.35141899 0.25166299
v 0.18034703 0.35141899 0.25917600
v 0.17557803 0.35141899 0.26091199
v 0.17557803 0.35141899 0.26724701
v 0.18034703 0.35141899 0.26898300
v 0.17404404 0.35141899 0.27649500
v 0.17150602 0.35141899 0.27209999
v 0.17150602 0.35141899 0.27209999
v 0.17404404 0.35141899 0.27649500
v 0.15978104 0.35522299 0.27003201
v 0.17150602 0.35522299 0.27209999
v 0.17557803 0.35522299 0.26724701
v 0.16526702 0.35522299 0.27319999
v 0.16526702 0.35522299 0.27319999
v 0.15978104 0.35522299 0.27003201
v 0.16526702 0.35141899 0.27319999
v 0.15978104 0.35141899 0.27003201
v 0.15978104 0.35141899 0.27003201
v 0.15978104 0.35522299 0.27003201
v 0.15761402 0.35522299 0.26407899
v 0.15761402 0.35141899 0.26407899
v 0.15761402 0.35141899 0.26407899
v 0.15761402 0.35522299 0.26407899
v 0.15978104 0.35522299 0.25812601
v 0.15978104 0.35141899 0.25812601
v 0.16526702 0.35141899 0.25495901
v 0.15978104 0.35141899 0.25812601
v 0.16526702 0.35522299 0.25495901
v 0.15978104 0.35522299 0.25812601
v 0.17150602 0.35141899 0.25605901
v 0.16526702 0.35141899 0.25495901
v 0.17150602 0.35522299 0.25605901
v 0.16526702 0.35522299 0.25495901
v 0.17557803 0.35141899 0.26091199
v 0.17150602 0.35141899 0.25605901
v 0.17557803 0.35522299 0.26091199
v 0.17150602 0.35522299 0.25605901
v 0.17557803 0.35141899 0.26724701
v 0.17557803 0.35141899 0.26091199
v 0.17557803 0.35522299 0.26724701
v 0.17557803 0.35522299 0.26091199
v 0.17150602 0.35141899 0.27209999
v 0.17557803 0.35141899 0.26724701
v 0.17150602 0.35522299 0.27209999
v 0.17557803 0.35522299 0.26724701
v 0.17150602 0.35522299 0.27209999
v 0.16526702 0.35522299 0.27319999
v 0.17150602 0.35141899 0.27209999
v 0.16526702 0.35141899 0.27319999
v 0.14873102 0.31293799 0.27930399
v 0.14873102 0.21871799 0.27930399
v 0.16276202 0.31293799 0.28740500
v 0.16276202 0.21871799 0.28740500
v 0.14319003 0.31293799 0.26407899
v 0.14319003 0.21871799 0.26407899
v 0.14873102 0.31293799 0.27930399
v 0.14873102 0.21871799 0.27930399
v 0.14873102 0.31293799 0.24885501
v 0.14873102 0.21871799 0.24885501
v 0.14319003 0.31293799 0.26407899
v 0.14319003 0.21871799 0.26407899
v 0.14873102 0.21871799 0.24885501
v 0.14873102 0.31293799 0.24885501
v 0.16276202 0.21871799 0.24075400
v 0.16276202 0.31293799 0.24075400
v 0.16276202 0.21871799 0.24075400
v 0.16276202 0.31293799 0.24075400
v 0.17871803 0.21871799 0.24356701
v 0.17871803 0.31293799 0.24356701
v 0.18913203 0.21871799 0.25597801
v 0.17871803 0.31293799 0.24356701
v 0.18913203 0.31293799 0.25597801
v 0.17871803 0.21871799 0.24356701
v 0.18913203 0.21871799 0.27218001
v 0.18913203 0.31293799 0.25597801
v 0.18913203 0.31293799 0.27218001
v 0.18913203 0.21871799 0.25597801
v 0.17871803 0.21871799 0.28459101
v 0.18913203 0.31293799 0.27218001
v 0.17871803 0.31293799 0.28459101
v 0.18913203 0.21871799 0.27218001
v 0.16276202 0.31293799 0.28740500
v 0.16276202 0.21871799 0.28740500
v 0.17871803 0.31293799 0.28459101
v 0.17871803 0.21871799 0.28459101
v 0.17557803 0.35522299 0.26091199
v 0.17150602 0.35522299 0.25605901
v 0.15761402 0.35522299 0.26407899
v 0.16526702 0.35522299 0.25495901
v 0.15978104 0.35522299 0.25812601
v 0.16394302 0.31464999 0.28071000
v 0.16438603 0.35141899 0.27819799
v 0.15589303 0.35141899 0.27329500
v 0.15393904 0.31464999 0.27493401
v 0.15253901 0.35141899 0.26407899
v 0.14998803 0.31464999 0.26407899
v 0.15589303 0.35141899 0.27329500
v 0.15393904 0.31464999 0.27493401
v 0.14998803 0.31464999 0.26407899
v 0.15253901 0.35141899 0.26407899
v 0.15589303 0.35141899 0.25486400
v 0.15393904 0.31464999 0.25322400
v 0.15393904 0.31464999 0.25322400
v 0.15589303 0.35141899 0.25486400
v 0.16394302 0.31464999 0.24744900
v 0.16438603 0.35141899 0.24995999
v 0.16394302 0.31464999 0.24744900
v 0.17404404 0.35141899 0.25166299
v 0.17531902 0.31464999 0.24945401
v 0.16438603 0.35141899 0.24995999
v 0.17531902 0.31464999 0.24945401
v 0.17404404 0.35141899 0.25166299
v 0.18274403 0.31464999 0.25830301
v 0.18034703 0.35141899 0.25917600
v 0.18274403 0.31464999 0.26985501
v 0.18034703 0.35141899 0.25917600
v 0.18034703 0.35141899 0.26898300
v 0.18274403 0.31464999 0.25830301
v 0.17404404 0.35141899 0.27649500
v 0.17531902 0.31464999 0.27870401
v 0.18274403 0.31464999 0.26985501
v 0.18034703 0.35141899 0.26898300
v 0.16438603 0.35141899 0.27819799
v 0.16394302 0.31464999 0.28071000
v 0.17404404 0.35141899 0.27649500
v 0.17531902 0.31464999 0.27870401
v 0.13335204 0.33817799 0.25503700
v 0.28044502 0.33817799 0.25239601
v 0.14406204 0.33817799 0.29169901
v 0.13159502 0.33817799 0.26246201
v 0.28044502 0.33817799 0.19733601
v 0.14406204 0.34888999 0.29169901
v 0.28044502 0.34888999 0.25239601
v 0.13335204 0.34888999 0.25503700
v 0.13159502 0.34888999 0.26246201
v 0.13482502 0.34888999 0.28158100
v 0.13233203 0.34888999 0.27573400
v 0.13335204 0.33817799 0.25503700
v 0.28044502 0.34888999 0.19733601
v 0.28044502 0.33817799 0.19733601
v 0.13335204 0.34888999 0.25503700
v 0.28044502 0.34888999 0.19733601
v 0.28044502 0.34888999 0.25239601
v 0.28044502 0.33817799 0.25239601
v 0.28044502 0.33817799 0.19733601
v 0.28044502 0.34888999 0.25239601
v 0.14406204 0.34888999 0.29169901
v 0.14406204 0.33817799 0.29169901
v 0.28044502 0.33817799 0.25239601
v 0.13482502 0.34888999 0.28158100
v 0.13233203 0.33817799 0.27573400
v 0.13482502 0.33817799 0.28158100
v 0.13233203 0.34888999 0.27573400
v 0.13159502 0.33817799 0.26246201
v 0.13159502 0.34888999 0.26246201
v 0.13335204 0.33817799 0.25503700
v 0.13335204 0.34888999 0.25503700
v 0.13233203 0.33817799 0.27573400
v 0.13233203 0.34888999 0.27573400
v 0.13159502 0.33817799 0.26246201
v 0.13159502 0.34888999 0.26246201
v 0.14406204 0.34888999 0.29169901
v 0.13482502 0.33817799 0.28158100
v 0.14406204 0.33817799 0.29169901
v 0.13482502 0.34888999 0.28158100
v 0.13482502 0.33817799 0.28158100
v 0.13233203 0.33817799 0.27573400
v 0.28044502 0.34888999 0.19733601
v 0.25964102 0.26582799 0.12632200
v 0.25964102 0.52512099 0.12632200
v 0.38080703 0.26582799 0.12632200
v 0.38080703 0.52512099 0.12632200
v 0.27906303 0.33527799 0.49079399
v 0.25964102 0.26582799 0.12632200
v 0.27906303 0.26582799 0.49079399
v 0.25964102 0.52512099 0.12632200
v 0.28352603 0.31291199 0.57455199
v 0.28352603 0.26582799 0.57455199
v 0.16284904 0.32198199 0.59986799
v 0.18313503 0.26582799 0.59986799
v 0.18313503 0.32949899 0.59986799
v 0.14256403 0.30243699 0.59986799
v 0.14256403 0.26582799 0.59986799
v 0.12903902 0.28138799 0.59986799
v 0.12903902 0.28138799 0.59986799
v 0.12903902 0.26582799 0.52638100
v 0.12903902 0.26582799 0.59986799
v 0.12903902 0.28138799 0.52638100
v 0.14256403 0.26582799 0.59986799
v 0.12903902 0.26582799 0.59986799
v 0.12903902 0.25026799 0.59986799
v 0.39426703 0.28138799 0.52638100
v 0.39426703 0.28138799 0.58357601
v 0.39426703 0.26582799 0.58357601
v 0.39426703 0.26582799 0.52638100
v 0.37398203 0.30995399 0.59433400
v 0.36721903 0.26582799 0.59690498
v 0.39426703 0.28138799 0.58357601
v 0.34017202 0.32949899 0.59945898
v 0.34017202 0.26582799 0.59945898
v 1.15192002 0.09854399 0.12614000
v 1.15188402 0.04643799 0.12614000
v 1.15192002 0.09854399 0.09427900
v 1.15188402 0.04643799 0.09427900
v 1.15192002 0.09854399 0.12614000
v 1.14310801 0.11037000 0.09427900
v 1.14310801 0.11037000 0.12614000
v 1.15192002 0.09854399 0.09427900
v 1.14340401 0.03520899 0.12614000
v 1.15192002 0.09854399 0.12614000
v 1.14310801 0.11037000 0.12614000
v 1.15188402 0.04643799 0.12614000
v 1.14340401 0.03520899 0.09427900
v 1.15188402 0.04643799 0.12614000
v 1.14340401 0.03520899 0.12614000
v 1.15188402 0.04643799 0.09427900
v 1.14340401 0.03520899 0.09427900
v 1.15192002 0.09854399 0.09427900
v 1.15188402 0.04643799 0.09427900
v 1.14310801 0.11037000 0.09427900
v 1.12660801 0.11647099 0.12614000
v 1.12652302 0.02885300 0.12614000
v 1.14310801 0.11037000 0.12614000
v 1.12660801 0.11647099 0.09427900
v 1.12660801 0.11647099 0.12614000
v 1.14310801 0.11037000 0.09427900
v 1.12652302 0.02885300 0.12614000
v 1.12652302 0.02885300 0.09427900
v 1.14340401 0.03520899 0.12614000
v 1.14340401 0.03520899 0.09427900
v 1.12660801 0.11647099 0.09427900
v 1.12652302 0.02885300 0.09427900
v 1.09096205 0.12819099 0.12614000
v 1.09204602 0.01778498 0.12614000
v 1.09096205 0.12819099 0.12614000
v 1.12660801 0.11647099 0.12614000
v 1.09096205 0.12819099 0.09427900
v 1.12660801 0.11647099 0.09427900
v 1.12652302 0.02885300 0.12614000
v 1.09204602 0.01778498 0.12614000
v 1.09204602 0.01778498 0.09427900
v 1.03439701 0.14678898 0.12614000
v 1.02180302 0.07247999 0.12614000
v 1.09204602 0.01778498 0.09427900
v 1.09096205 0.12819099 0.09427900
v 1.03439701 0.14678898 0.12614000
v 1.03439701 0.14678898 0.07178400
v 1.03665000 0.00000000 0.12614000
v 1.03665000 0.00000000 0.07178400
v 1.01908404 0.08650099 0.12614000
v 1.01333106 0.09639199 0.12614000
v 1.09096205 0.12819099 0.09427900
v 1.02180302 0.07247999 0.07178400
v 1.03439701 0.14678898 0.07178400
v 0.84363902 0.14475699 0.12614000
v 1.03439701 0.14678898 0.12614000
v 1.03439701 0.14678898 0.07178400
v 0.84363902 0.14475699 0.07178400
v 0.84470603 0.00065500 0.12614000
v 0.24507904 0.00270098 0.12614000
v 0.24507904 0.00270098 0.07178400
v 0.84470603 0.00065500 0.07178400
v 0.24519601 0.13838299 0.12614000
v 0.24507904 0.00270098 0.07178400
v 0.24507904 0.00270098 0.12614000
v 0.24519601 0.13838299 0.07178400
v 0.88243303 0.08650099 0.07178400
v 0.88243303 0.08650099 0.12614000
v 0.87971404 0.07247999 0.12614000
v 0.87971404 0.07247999 0.07178400
v 0.87971404 0.07247999 0.07178400
v 0.87971404 0.07247999 0.12614000
v 0.88243303 0.05845799 0.12614000
v 0.88243303 0.05845799 0.07178400
v 0.88243303 0.08650099 0.12614000
v 0.88818604 0.09639199 0.07178400
v 0.88818604 0.09639199 0.12614000
v 0.88243303 0.08650099 0.07178400
v 0.88243303 0.05845799 0.07178400
v 0.88243303 0.05845799 0.12614000
v 0.88818604 0.04856800 0.12614000
v 0.88818604 0.04856800 0.07178400
v 0.89536804 0.10052299 0.07178400
v 1.00614902 0.10052299 0.07178400
v 0.89536804 0.10052299 0.12614000
v 1.00614902 0.10052299 0.12614000
v 1.01333106 0.09639199 0.12614000
v 1.01908404 0.08650099 0.07178400
v 1.01908404 0.08650099 0.12614000
v 1.01333106 0.09639199 0.07178400
v 1.01333106 0.04856800 0.07178400
v 1.01333106 0.04856800 0.12614000
v 1.01908404 0.05845799 0.12614000
v 1.01908404 0.05845799 0.07178400
v 1.02180302 0.07247999 0.07178400
v 1.02180302 0.07247999 0.12614000
v 1.01908404 0.08650099 0.12614000
v 1.01908404 0.08650099 0.07178400
v 1.01908404 0.05845799 0.07178400
v 1.01908404 0.05845799 0.12614000
v 1.02180302 0.07247999 0.12614000
v 1.02180302 0.07247999 0.07178400
v 0.24507904 0.00270098 0.12614000
v 0.84470603 0.00065500 0.12614000
v 0.24519601 0.13838299 0.12614000
v 0.84363902 0.14475699 0.12614000
v 0.24519601 0.13838299 0.07178400
v 0.24519601 0.13838299 0.12614000
v 1.03665000 0.00000000 0.07178400
v 1.03665000 0.00000000 0.12614000
v 0.24519601 0.13838299 0.07178400
v 0.84470603 0.00065500 0.07178400
v 0.24507904 0.00270098 0.07178400
v 0.84363902 0.14475699 0.07178400
v 0.89536804 0.10052299 0.12614000
v 1.00614902 0.10052299 0.12614000
v 1.03665000 0.00000000 0.12614000
v 1.01908404 0.05845799 0.12614000
v 1.01333106 0.04856800 0.12614000
v 0.88243303 0.08650099 0.12614000
v 0.87971404 0.07247999 0.12614000
v 0.88243303 0.05845799 0.12614000
v 0.89536804 0.04443699 0.12614000
v 1.00614902 0.04443699 0.12614000
v 0.88818604 0.04856800 0.12614000
v 0.89536804 0.04443699 0.12614000
v 1.00614902 0.04443699 0.12614000
v 1.00614902 0.04443699 0.07178400
v 0.89536804 0.04443699 0.07178400
v 0.87971404 0.07247999 0.07178400
v 0.88243303 0.08650099 0.07178400
v 0.88243303 0.05845799 0.07178400
v 0.88818604 0.04856800 0.07178400
v 1.03439701 0.14678898 0.07178400
v 0.89536804 0.10052299 0.07178400
v 1.00614902 0.10052299 0.07178400
v 1.01908404 0.08650099 0.07178400
v 1.01333106 0.09639199 0.07178400
v 1.03665000 0.00000000 0.07178400
v 1.01908404 0.05845799 0.07178400
v 1.02180302 0.07247999 0.07178400
v 0.89536804 0.04443699 0.07178400
v 1.00614902 0.04443699 0.07178400
v 0.88818604 0.09639199 0.12614000
v 0.88818604 0.09639199 0.07178400
v 1.01333106 0.04856800 0.07178400
v 0.88818604 0.09639199 0.12614000
v 0.88818604 0.09639199 0.07178400
v 0.89536804 0.10052299 0.12614000
v 0.89536804 0.10052299 0.07178400
v 0.89536804 0.04443699 0.12614000
v 0.89536804 0.04443699 0.07178400
v 0.88818604 0.04856800 0.12614000
v 0.88818604 0.04856800 0.07178400
v 1.00614902 0.10052299 0.12614000
v 1.00614902 0.10052299 0.07178400
v 1.01333106 0.09639199 0.12614000
v 1.01333106 0.09639199 0.07178400
v 1.01333106 0.04856800 0.12614000
v 1.01333106 0.04856800 0.07178400
v 1.00614902 0.04443699 0.12614000
v 1.00614902 0.04443699 0.07178400
v 0.38080703 0.26582799 0.12632200
v 0.36138403 0.26582799 0.49079399
v 0.36138403 0.20251898 0.49079399
v 0.38080703 0.00653499 0.12632200
v 0.36138403 0.20251898 0.49079399
v 0.25964102 0.00653499 0.12632200
v 0.38080703 0.00653499 0.12632200
v 0.27906303 0.19637799 0.49079399
v 0.35692103 0.22680199 0.57455199
v 0.35692103 0.26582799 0.57455199
v 0.27906303 0.19637799 0.49079399
v 0.35692103 0.22680199 0.57455199
v 0.28352603 0.21874399 0.57455199
v 0.36138403 0.20251898 0.49079399
v 0.36721903 0.26582799 0.52638100
v 0.37398203 0.22170199 0.52638100
v 0.34017202 0.20215699 0.59945898
v 0.18313503 0.20215699 0.59986799
v 0.18313503 0.20215699 0.52638100
v 0.34017202 0.20215699 0.52638100
v 0.14256403 0.22921899 0.52638100
v 0.14256403 0.22921899 0.59986799
v 0.12903902 0.25026799 0.59986799
v 0.12903902 0.25026799 0.52638100
v 0.16284904 0.20967399 0.52638100
v 0.16284904 0.20967399 0.59986799
v 0.14256403 0.22921899 0.59986799
v 0.14256403 0.22921899 0.52638100
v 0.16284904 0.20967399 0.59986799
v 0.18313503 0.20215699 0.52638100
v 0.18313503 0.20215699 0.59986799
v 0.16284904 0.20967399 0.52638100
v 0.34017202 0.20215699 0.59945898
v 0.34017202 0.20215699 0.52638100
v 0.37398203 0.22170199 0.59433400
v 0.37398203 0.22170199 0.52638100
v 0.37398203 0.22170199 0.59433400
v 0.37398203 0.22170199 0.52638100
v 0.39426703 0.25026799 0.58357601
v 0.39426703 0.25026799 0.52638100
v 0.18313503 0.20215699 0.52638100
v 0.34017202 0.26582799 0.52638100
v 0.34017202 0.20215699 0.52638100
v 0.18313503 0.26582799 0.52638100
v 0.16284904 0.20967399 0.52638100
v 0.14256403 0.22921899 0.52638100
v 0.12903902 0.25026799 0.52638100
v 0.15608704 0.26582799 0.52638100
v 0.16276202 0.21871799 0.28740500
v 0.14873102 0.21871799 0.27930399
v 0.15393904 0.21700599 0.27493401
v 0.16394302 0.21700599 0.28071000
v 0.14319003 0.21871799 0.26407899
v 0.15393904 0.21700599 0.27493401
v 0.14873102 0.21871799 0.27930399
v 0.14998803 0.21700599 0.26407899
v 0.14319003 0.21871799 0.26407899
v 0.14873102 0.21871799 0.24885501
v 0.14998803 0.21700599 0.26407899
v 0.15393904 0.21700599 0.25322400
v 0.15393904 0.21700599 0.25322400
v 0.16276202 0.21871799 0.24075400
v 0.16394302 0.21700599 0.24744900
v 0.14873102 0.21871799 0.24885501
v 0.16276202 0.21871799 0.24075400
v 0.17531902 0.21700599 0.24945401
v 0.16394302 0.21700599 0.24744900
v 0.17871803 0.21871799 0.24356701
v 0.17871803 0.21871799 0.24356701
v 0.18913203 0.21871799 0.25597801
v 0.18274403 0.21700599 0.25830301
v 0.17531902 0.21700599 0.24945401
v 0.18913203 0.21871799 0.25597801
v 0.18913203 0.21871799 0.27218001
v 0.18274403 0.21700599 0.26985501
v 0.18274403 0.21700599 0.25830301
v 0.18274403 0.21700599 0.26985501
v 0.17871803 0.21871799 0.28459101
v 0.17531902 0.21700599 0.27870401
v 0.18913203 0.21871799 0.27218001
v 0.17871803 0.21871799 0.28459101
v 0.16276202 0.21871799 0.28740500
v 0.16394302 0.21700599 0.28071000
v 0.17531902 0.21700599 0.27870401
v 0.15589303 0.18023699 0.27329500
v 0.16526702 0.18023699 0.27319999
v 0.16438603 0.18023699 0.27819799
v 0.15978104 0.18023699 0.27003201
v 0.15253901 0.18023699 0.26407899
v 0.15761402 0.18023699 0.26407899
v 0.15589303 0.18023699 0.25486400
v 0.15978104 0.18023699 0.25812601
v 0.16526702 0.18023699 0.25495901
v 0.15589303 0.18023699 0.25486400
v 0.16438603 0.18023699 0.24995999
v 0.15978104 0.18023699 0.25812601
v 0.17150602 0.18023699 0.25605901
v 0.17404404 0.18023699 0.25166299
v 0.18034703 0.18023699 0.25917600
v 0.17557803 0.18023699 0.26091199
v 0.18034703 0.18023699 0.26898300
v 0.17557803 0.18023699 0.26724701
v 0.17404404 0.18023699 0.27649500
v 0.17150602 0.18023699 0.27209999
v 0.17150602 0.18023699 0.27209999
v 0.17404404 0.18023699 0.27649500
v 0.15978104 0.17643299 0.27003201
v 0.17557803 0.17643299 0.26724701
v 0.17150602 0.17643299 0.27209999
v 0.16526702 0.17643299 0.27319999
v 0.16526702 0.18023699 0.27319999
v 0.15978104 0.18023699 0.27003201
v 0.15978104 0.17643299 0.27003201
v 0.16526702 0.17643299 0.27319999
v 0.15978104 0.17643299 0.27003201
v 0.15978104 0.18023699 0.27003201
v 0.15761402 0.17643299 0.26407899
v 0.15761402 0.18023699 0.26407899
v 0.15761402 0.17643299 0.26407899
v 0.15761402 0.18023699 0.26407899
v 0.15978104 0.17643299 0.25812601
v 0.15978104 0.18023699 0.25812601
v 0.15978104 0.17643299 0.25812601
v 0.15978104 0.18023699 0.25812601
v 0.16526702 0.17643299 0.25495901
v 0.16526702 0.18023699 0.25495901
v 0.16526702 0.17643299 0.25495901
v 0.16526702 0.18023699 0.25495901
v 0.17150602 0.17643299 0.25605901
v 0.17150602 0.18023699 0.25605901
v 0.17557803 0.18023699 0.26091199
v 0.17557803 0.17643299 0.26091199
v 0.17150602 0.18023699 0.25605901
v 0.17150602 0.17643299 0.25605901
v 0.17557803 0.18023699 0.26724701
v 0.17557803 0.17643299 0.26724701
v 0.17557803 0.18023699 0.26091199
v 0.17557803 0.17643299 0.26091199
v 0.17150602 0.18023699 0.27209999
v 0.17150602 0.17643299 0.27209999
v 0.17557803 0.18023699 0.26724701
v 0.17557803 0.17643299 0.26724701
v 0.17150602 0.18023699 0.27209999
v 0.16526702 0.18023699 0.27319999
v 0.16526702 0.17643299 0.27319999
v 0.17150602 0.17643299 0.27209999
v 0.17557803 0.17643299 0.26091199
v 0.17150602 0.17643299 0.25605901
v 0.15761402 0.17643299 0.26407899
v 0.16526702 0.17643299 0.25495901
v 0.15978104 0.17643299 0.25812601
v 0.15393904 0.21700599 0.27493401
v 0.15589303 0.18023699 0.27329500
v 0.16394302 0.21700599 0.28071000
v 0.16438603 0.18023699 0.27819799
v 0.15589303 0.18023699 0.27329500
v 0.15393904 0.21700599 0.27493401
v 0.14998803 0.21700599 0.26407899
v 0.15253901 0.18023699 0.26407899
v 0.14998803 0.21700599 0.26407899
v 0.15589303 0.18023699 0.25486400
v 0.15253901 0.18023699 0.26407899
v 0.15393904 0.21700599 0.25322400
v 0.16394302 0.21700599 0.24744900
v 0.16438603 0.18023699 0.24995999
v 0.15589303 0.18023699 0.25486400
v 0.15393904 0.21700599 0.25322400
v 0.16438603 0.18023699 0.24995999
v 0.16394302 0.21700599 0.24744900
v 0.17404404 0.18023699 0.25166299
v 0.17531902 0.21700599 0.24945401
v 0.18274403 0.21700599 0.25830301
v 0.18034703 0.18023699 0.25917600
v 0.17404404 0.18023699 0.25166299
v 0.17531902 0.21700599 0.24945401
v 0.18034703 0.18023699 0.25917600
v 0.18274403 0.21700599 0.26985501
v 0.18034703 0.18023699 0.26898300
v 0.18274403 0.21700599 0.25830301
v 0.18034703 0.18023699 0.26898300
v 0.18274403 0.21700599 0.26985501
v 0.17404404 0.18023699 0.27649500
v 0.17531902 0.21700599 0.27870401
v 0.17404404 0.18023699 0.27649500
v 0.17531902 0.21700599 0.27870401
v 0.16394302 0.21700599 0.28071000
v 0.16438603 0.18023699 0.27819799
v 0.28044502 0.19347799 0.19733601
v 0.13335204 0.19347799 0.25503700
v 0.28044502 0.19347799 0.25239601
v 0.14406204 0.19347799 0.29169901
v 0.13159502 0.19347799 0.26246201
v 0.13335204 0.18276599 0.25503700
v 0.28044502 0.18276599 0.25239601
v 0.14406204 0.18276599 0.29169901
v 0.13159502 0.18276599 0.26246201
v 0.13482502 0.18276599 0.28158100
v 0.13233203 0.18276599 0.27573400
v 0.28044502 0.18276599 0.19733601
v 0.13335204 0.18276599 0.25503700
v 0.13335204 0.19347799 0.25503700
v 0.28044502 0.19347799 0.19733601
v 0.28044502 0.18276599 0.19733601
v 0.28044502 0.19347799 0.25239601
v 0.28044502 0.18276599 0.25239601
v 0.28044502 0.19347799 0.19733601
v 0.14406204 0.18276599 0.29169901
v 0.28044502 0.18276599 0.25239601
v 0.14406204 0.19347799 0.29169901
v 0.28044502 0.19347799 0.25239601
v 0.13482502 0.18276599 0.28158100
v 0.13482502 0.19347799 0.28158100
v 0.13233203 0.19347799 0.27573400
v 0.13233203 0.18276599 0.27573400
v 0.13159502 0.18276599 0.26246201
v 0.13159502 0.19347799 0.26246201
v 0.13335204 0.19347799 0.25503700
v 0.13335204 0.18276599 0.25503700
v 0.13233203 0.18276599 0.27573400
v 0.13233203 0.19347799 0.27573400
v 0.13159502 0.19347799 0.26246201
v 0.13159502 0.18276599 0.26246201
v 0.13482502 0.19347799 0.28158100
v 0.14406204 0.18276599 0.29169901
v 0.14406204 0.19347799 0.29169901
v 0.13482502 0.18276599 0.28158100
v 0.13482502 0.19347799 0.28158100
v 0.13233203 0.19347799 0.27573400
v 0.28044502 0.18276599 0.19733601
v 0.38080703 0.26582799 0.12632200
v 0.38080703 0.00653499 0.12632200
v 0.25964102 0.00653499 0.12632200
v 0.25964102 0.26582799 0.12632200
v 0.27906303 0.26582799 0.49079399
v 0.25964102 0.26582799 0.12632200
v 0.27906303 0.19637799 0.49079399
v 0.25964102 0.00653499 0.12632200
v 0.28352603 0.26582799 0.57455199
v 0.28352603 0.21874399 0.57455199
v 0.12903902 0.26582799 0.59986799
v 0.12903902 0.25026799 0.52638100
v 0.12903902 0.25026799 0.59986799
v 0.12903902 0.26582799 0.52638100
v 0.18313503 0.26582799 0.59986799
v 0.14256403 0.22921899 0.59986799
v 0.39426703 0.25026799 0.58357601
v 0.39426703 0.25026799 0.52638100
v 0.39426703 0.26582799 0.58357601
v 0.39426703 0.26582799 0.52638100
v 0.34017202 0.26582799 0.59945898
v 0.34017202 0.20215699 0.59945898
v 0.37398203 0.22170199 0.59433400
v 0.36721903 0.26582799 0.59690498
v 0.34017202 0.20215699 0.59945898
v 0.34017202 0.26582799 0.59945898
v 0.18313503 0.20215699 0.59986799
v 0.95138204 0.46954198 0.11719799
v 0.93209702 0.46954198 0.11379999
v 0.95138204 0.44918498 0.11719799
v 0.93209702 0.44918498 0.11379999
v 0.93209702 0.46954198 0.11379999
v 0.91519904 0.46954198 0.10405100
v 0.93209702 0.44918498 0.11379999
v 0.91519904 0.44918498 0.10405100
v 0.91519904 0.44918498 0.10405100
v 0.91519904 0.46954198 0.10405100
v 0.90272903 0.44918498 0.08920200
v 0.90272903 0.46954198 0.08920200
v 0.90272903 0.44918498 0.08920200
v 0.90272903 0.46954198 0.08920200
v 0.89613104 0.44918498 0.07109000
v 0.89613104 0.46954198 0.07109000
v 0.89613104 0.44918498 0.07109000
v 0.89613104 0.46954198 0.07109000
v 0.89613104 0.44918498 0.05186200
v 0.89613104 0.46954198 0.05186200
v 0.89613104 0.44918498 0.05186200
v 0.89613104 0.46954198 0.05186200
v 0.90272903 0.44918498 0.03375100
v 0.90272903 0.46954198 0.03375100
v 0.90272903 0.44918498 0.03375100
v 0.90272903 0.46954198 0.03375100
v 0.91519904 0.44918498 0.01890200
v 0.91519904 0.46954198 0.01890200
v 0.91519904 0.46954198 0.01890200
v 0.93209702 0.44918498 0.00915200
v 0.91519904 0.44918498 0.01890200
v 0.93209702 0.46954198 0.00915200
v 0.93209702 0.44918498 0.00915200
v 0.93209702 0.46954198 0.00915200
v 0.95138103 0.44918498 0.00575400
v 0.95138103 0.46954198 0.00575400
v 0.95138103 0.44918498 0.00575400
v 0.95138103 0.46954198 0.00575400
v 0.97066602 0.44918498 0.00915200
v 0.97066602 0.46954198 0.00915200
v 0.97066602 0.44918498 0.00915200
v 0.97066602 0.46954198 0.00915200
v 0.98756403 0.44918498 0.01890200
v 0.98756403 0.46954198 0.01890200
v 1.00003403 0.46954198 0.03375100
v 1.00003403 0.44918498 0.03375100
v 0.98756403 0.46954198 0.01890200
v 0.98756403 0.44918498 0.01890200
v 1.00663102 0.46954198 0.05186200
v 1.00663102 0.44918498 0.05186200
v 1.00003403 0.46954198 0.03375100
v 1.00003403 0.44918498 0.03375100
v 1.00663102 0.46954198 0.07109000
v 1.00663203 0.44918498 0.07109000
v 1.00663102 0.46954198 0.05186200
v 1.00663102 0.44918498 0.05186200
v 1.00003403 0.44918498 0.08920200
v 1.00663203 0.44918498 0.07109000
v 1.00003403 0.46954198 0.08920200
v 1.00663102 0.46954198 0.07109000
v 0.98756403 0.44918498 0.10405100
v 1.00003403 0.44918498 0.08920200
v 0.98756403 0.46954198 0.10405100
v 1.00003403 0.46954198 0.08920200
v 0.98756403 0.46954198 0.10405100
v 0.97066602 0.46954198 0.11379999
v 0.98756403 0.44918498 0.10405100
v 0.97066504 0.44918498 0.11379999
v 0.97066602 0.46954198 0.11379999
v 0.95138204 0.46954198 0.11719799
v 0.97066504 0.44918498 0.11379999
v 0.95138204 0.44918498 0.11719799
v 0.93035504 0.46954198 0.11924500
v 0.95138103 0.46954198 0.12295300
v 0.93035504 0.47861299 0.11924500
v 0.95138103 0.47861299 0.12295200
v 0.93035504 0.44918498 0.11924500
v 0.95138103 0.44011399 0.12295300
v 0.95138103 0.44918498 0.12295300
v 0.93035504 0.44011399 0.11924500
v 0.91186503 0.46954198 0.10857000
v 0.93035504 0.46954198 0.11924500
v 0.91186503 0.47861299 0.10857000
v 0.93035504 0.47861299 0.11924500
v 0.91186503 0.44918498 0.10857000
v 0.93035504 0.44011399 0.11924500
v 0.93035504 0.44918498 0.11924500
v 0.91186503 0.44011399 0.10857000
v 0.91186503 0.47861299 0.10857000
v 0.89814103 0.47861299 0.09221400
v 0.91186503 0.46954198 0.10857000
v 0.89814103 0.46954198 0.09221400
v 0.91186503 0.44918498 0.10857000
v 0.89814103 0.44918498 0.09221400
v 0.91186503 0.44011399 0.10857000
v 0.89814103 0.44011399 0.09221400
v 0.89814103 0.47861299 0.09221400
v 0.89083904 0.47861299 0.07215200
v 0.89814103 0.46954198 0.09221400
v 0.89083904 0.46954198 0.07215200
v 0.89814103 0.44918498 0.09221400
v 0.89083904 0.44918498 0.07215200
v 0.89814103 0.44011399 0.09221400
v 0.89083904 0.44011399 0.07215200
v 0.89083904 0.47861299 0.07215200
v 0.89083904 0.47861299 0.05080100
v 0.89083904 0.46954198 0.07215200
v 0.89083904 0.46954198 0.05080100
v 0.89083904 0.44918498 0.07215200
v 0.89083904 0.44918498 0.05080100
v 0.89083904 0.44011399 0.07215200
v 0.89083904 0.44011399 0.05080100
v 0.89083904 0.47861299 0.05080100
v 0.89814103 0.47861299 0.03073800
v 0.89083904 0.46954198 0.05080100
v 0.89814103 0.46954198 0.03073800
v 0.89083904 0.44918498 0.05080100
v 0.89814103 0.44918498 0.03073800
v 0.89083904 0.44011399 0.05080100
v 0.89814103 0.44011399 0.03073800
v 0.89814103 0.47861299 0.03073800
v 0.91186503 0.47861299 0.01438300
v 0.89814103 0.46954198 0.03073800
v 0.91186503 0.46954198 0.01438300
v 0.89814103 0.44918498 0.03073800
v 0.91186503 0.44918498 0.01438300
v 0.89814103 0.44011399 0.03073800
v 0.91186503 0.44011399 0.01438300
v 0.91186503 0.46954198 0.01438300
v 0.93035504 0.47861299 0.00370800
v 0.93035504 0.46954198 0.00370800
v 0.91186503 0.47861299 0.01438300
v 0.91186503 0.44918498 0.01438300
v 0.93035504 0.44918498 0.00370800
v 0.91186503 0.44011399 0.01438300
v 0.93035504 0.44011399 0.00370800
v 0.93035504 0.46954198 0.00370800
v 0.95138103 0.47861299 0.00000000
v 0.95138103 0.46954198 0.00000000
v 0.93035504 0.47861299 0.00370800
v 0.93035504 0.44918498 0.00370800
v 0.95138103 0.44918498 0.00000000
v 0.93035504 0.44011399 0.00370800
v 0.95138103 0.44011399 0.00000000
v 0.95138103 0.46954198 0.00000000
v 0.97240704 0.47861299 0.00370800
v 0.97240704 0.46954198 0.00370800
v 0.95138103 0.47861299 0.00000000
v 0.95138103 0.44918498 0.00000000
v 0.97240704 0.44918498 0.00370800
v 0.95138103 0.44011399 0.00000000
v 0.97240803 0.44011399 0.00370800
v 0.97240704 0.46954198 0.00370800
v 0.99089703 0.47861299 0.01438300
v 0.99089703 0.46954198 0.01438300
v 0.97240704 0.47861299 0.00370800
v 0.97240704 0.44918498 0.00370800
v 0.99089703 0.44918498 0.01438300
v 0.97240803 0.44011399 0.00370800
v 0.99089804 0.44011399 0.01438300
v 1.00462103 0.46954198 0.03073800
v 0.99089703 0.46954198 0.01438300
v 1.00462103 0.47861299 0.03073800
v 0.99089703 0.47861299 0.01438300
v 0.99089703 0.44918498 0.01438300
v 1.00462103 0.44918498 0.03073800
v 1.00462103 0.44011399 0.03073800
v 0.99089804 0.44011399 0.01438300
v 1.01192403 0.46954198 0.05080100
v 1.00462103 0.46954198 0.03073800
v 1.01192403 0.47861299 0.05080100
v 1.00462103 0.47861299 0.03073800
v 1.01192403 0.44011399 0.05080100
v 1.00462103 0.44011399 0.03073800
v 1.01192403 0.44918498 0.05080100
v 1.00462103 0.44918498 0.03073800
v 1.01192403 0.46954198 0.07215200
v 1.01192403 0.46954198 0.05080100
v 1.01192403 0.47861299 0.07215200
v 1.01192403 0.47861299 0.05080100
v 1.01192403 0.44011399 0.07215200
v 1.01192403 0.44011399 0.05080100
v 1.01192403 0.44918498 0.07215200
v 1.01192403 0.44918498 0.05080100
v 1.00462103 0.46954198 0.09221400
v 1.01192403 0.46954198 0.07215200
v 1.00462103 0.47861299 0.09221400
v 1.01192403 0.47861299 0.07215200
v 1.00462103 0.44011399 0.09221400
v 1.01192403 0.44011399 0.07215200
v 1.00462103 0.44918498 0.09221400
v 1.01192403 0.44918498 0.07215200
v 0.99089703 0.46954198 0.10857000
v 1.00462103 0.46954198 0.09221400
v 0.99089703 0.47861299 0.10857000
v 1.00462103 0.47861299 0.09221400
v 0.99089804 0.44011399 0.10857000
v 1.00462103 0.44011399 0.09221400
v 0.99089703 0.44918498 0.10857000
v 1.00462103 0.44918498 0.09221400
v 0.97240704 0.46954198 0.11924500
v 0.99089703 0.46954198 0.10857000
v 0.97240704 0.47861299 0.11924500
v 0.99089703 0.47861299 0.10857000
v 0.99089703 0.44918498 0.10857000
v 0.97240704 0.44918498 0.11924500
v 0.97240803 0.44011399 0.11924500
v 0.99089804 0.44011399 0.10857000
v 0.95138103 0.46954198 0.12295300
v 0.97240704 0.46954198 0.11924500
v 0.95138103 0.47861299 0.12295200
v 0.97240704 0.47861299 0.11924500
v 0.97240704 0.44918498 0.11924500
v 0.95138103 0.44918498 0.12295300
v 0.95138103 0.44011399 0.12295300
v 0.97240803 0.44011399 0.11924500
v 0.93035504 0.46954198 0.11924500
v 0.95138204 0.46954198 0.11719799
v 0.95138103 0.46954198 0.12295300
v 0.93209702 0.46954198 0.11379999
v 0.97240704 0.46954198 0.11924500
v 0.97066602 0.46954198 0.11379999
v 0.98756403 0.46954198 0.10405100
v 0.99089703 0.46954198 0.10857000
v 1.00003403 0.46954198 0.08920200
v 1.00462103 0.46954198 0.09221400
v 1.00663102 0.46954198 0.07109000
v 1.01192403 0.46954198 0.07215200
v 1.01192403 0.46954198 0.05080100
v 1.00663102 0.46954198 0.05186200
v 1.00003403 0.46954198 0.03375100
v 1.00462103 0.46954198 0.03073800
v 0.98756403 0.46954198 0.01890200
v 0.99089703 0.46954198 0.01438300
v 0.97240704 0.46954198 0.00370800
v 0.97066602 0.46954198 0.00915200
v 0.95138103 0.46954198 0.00575400
v 0.95138103 0.46954198 0.00000000
v 0.95138103 0.46954198 0.00575400
v 0.93209702 0.46954198 0.00915200
v 0.93035504 0.46954198 0.00370800
v 0.95138103 0.46954198 0.00000000
v 0.91186503 0.46954198 0.01438300
v 0.91519904 0.46954198 0.01890200
v 0.89814103 0.46954198 0.03073800
v 0.90272903 0.46954198 0.03375100
v 0.89083904 0.46954198 0.05080100
v 0.89613104 0.46954198 0.05186200
v 0.89083904 0.46954198 0.07215200
v 0.89613104 0.46954198 0.07109000
v 0.90272903 0.46954198 0.08920200
v 0.89814103 0.46954198 0.09221400
v 0.91186503 0.46954198 0.10857000
v 0.91519904 0.46954198 0.10405100
v 0.93035504 0.44918498 0.11924500
v 0.95138103 0.44918498 0.12295300
v 0.95138204 0.44918498 0.11719799
v 0.93209702 0.44918498 0.11379999
v 0.91519904 0.44918498 0.10405100
v 0.91186503 0.44918498 0.10857000
v 0.90272903 0.44918498 0.08920200
v 0.89814103 0.44918498 0.09221400
v 0.89613104 0.44918498 0.07109000
v 0.89083904 0.44918498 0.07215200
v 0.89083904 0.44918498 0.05080100
v 0.89613104 0.44918498 0.05186200
v 0.90272903 0.44918498 0.03375100
v 0.89814103 0.44918498 0.03073800
v 0.91519904 0.44918498 0.01890200
v 0.91186503 0.44918498 0.01438300
v 0.93035504 0.44918498 0.00370800
v 0.93209702 0.44918498 0.00915200
v 0.95138103 0.44918498 0.00575400
v 0.95138103 0.44918498 0.00000000
v 0.95138103 0.44918498 0.00575400
v 0.97066602 0.44918498 0.00915200
v 0.97240704 0.44918498 0.00370800
v 0.95138103 0.44918498 0.00000000
v 0.99089703 0.44918498 0.01438300
v 0.98756403 0.44918498 0.01890200
v 1.00462103 0.44918498 0.03073800
v 1.00003403 0.44918498 0.03375100
v 1.01192403 0.44918498 0.05080100
v 1.00663102 0.44918498 0.05186200
v 1.01192403 0.44918498 0.07215200
v 1.00663203 0.44918498 0.07109000
v 1.00003403 0.44918498 0.08920200
v 1.00462103 0.44918498 0.09221400
v 0.99089703 0.44918498 0.10857000
v 0.98756403 0.44918498 0.10405100
v 0.97066504 0.44918498 0.11379999
v 0.97240704 0.44918498 0.11924500
v 0.99089703 0.47861299 0.10857000
v 0.95138103 0.47861299 0.12295200
v 0.97240704 0.47861299 0.11924500
v 0.93035504 0.47861299 0.11924500
v 1.00462103 0.47861299 0.09221400
v 0.91186503 0.47861299 0.10857000
v 0.89814103 0.47861299 0.09221400
v 1.01192403 0.47861299 0.07215200
v 1.01192403 0.47861299 0.05080100
v 0.89083904 0.47861299 0.07215200
v 1.00462103 0.47861299 0.03073800
v 0.89083904 0.47861299 0.05080100
v 0.99089703 0.47861299 0.01438300
v 0.89814103 0.47861299 0.03073800
v 0.91186503 0.47861299 0.01438300
v 0.97240704 0.47861299 0.00370800
v 0.93035504 0.47861299 0.00370800
v 0.95138103 0.47861299 0.00000000
v 0.97240803 0.44011399 0.00370800
v 0.93035504 0.44011399 0.00370800
v 0.95138103 0.44011399 0.00000000
v 0.91186503 0.44011399 0.01438300
v 0.89814103 0.44011399 0.03073800
v 0.99089804 0.44011399 0.01438300
v 0.89083904 0.44011399 0.05080100
v 1.00462103 0.44011399 0.03073800
v 0.89083904 0.44011399 0.07215200
v 0.89814103 0.44011399 0.09221400
v 1.01192403 0.44011399 0.05080100
v 1.01192403 0.44011399 0.07215200
v 0.91186503 0.44011399 0.10857000
v 1.00462103 0.44011399 0.09221400
v 0.93035504 0.44011399 0.11924500
v 0.99089804 0.44011399 0.10857000
v 0.97240803 0.44011399 0.11924500
v 0.95138103 0.44011399 0.12295300
v 0.95138204 0.08247098 0.11719799
v 0.93209702 0.08247098 0.11379999
v 0.93209702 0.06211399 0.11379999
v 0.95138204 0.06211399 0.11719799
v 0.93209702 0.08247098 0.11379999
v 0.91519904 0.08247098 0.10405100
v 0.91519904 0.06211399 0.10405100
v 0.93209702 0.06211399 0.11379999
v 0.90272903 0.08247098 0.08920200
v 0.91519904 0.06211399 0.10405100
v 0.91519904 0.08247098 0.10405100
v 0.90272903 0.06211399 0.08920200
v 0.89613104 0.08247098 0.07109000
v 0.90272903 0.06211399 0.08920200
v 0.90272903 0.08247098 0.08920200
v 0.89613104 0.06211399 0.07109000
v 0.89613104 0.08247098 0.05186200
v 0.89613104 0.06211399 0.07109000
v 0.89613104 0.08247098 0.07109000
v 0.89613104 0.06211399 0.05186200
v 0.89613104 0.08247098 0.05186200
v 0.90272903 0.08247098 0.03375100
v 0.89613104 0.06211399 0.05186200
v 0.90272903 0.06211399 0.03375100
v 0.91519904 0.08247098 0.01890200
v 0.90272903 0.06211399 0.03375100
v 0.90272903 0.08247098 0.03375100
v 0.91519904 0.06211399 0.01890200
v 0.93209702 0.06211399 0.00915200
v 0.91519904 0.06211399 0.01890200
v 0.93209702 0.08247098 0.00915200
v 0.91519904 0.08247098 0.01890200
v 0.95138103 0.06211399 0.00575400
v 0.93209702 0.06211399 0.00915200
v 0.95138103 0.08247098 0.00575400
v 0.93209702 0.08247098 0.00915200
v 0.97066602 0.06211399 0.00915200
v 0.95138103 0.06211399 0.00575400
v 0.97066602 0.08247098 0.00915200
v 0.95138103 0.08247098 0.00575400
v 0.98756403 0.06211399 0.01890200
v 0.97066602 0.06211399 0.00915200
v 0.98756403 0.08247098 0.01890200
v 0.97066602 0.08247098 0.00915200
v 1.00003403 0.06211399 0.03375100
v 0.98756403 0.06211399 0.01890200
v 1.00003403 0.08247098 0.03375100
v 0.98756403 0.08247098 0.01890200
v 1.00663102 0.06211399 0.05186200
v 1.00003403 0.06211399 0.03375100
v 1.00663102 0.08247098 0.05186200
v 1.00003403 0.08247098 0.03375100
v 1.00663102 0.06211399 0.05186200
v 1.00663203 0.08247098 0.07109000
v 1.00663102 0.06211399 0.07109000
v 1.00663102 0.08247098 0.05186200
v 1.00003403 0.08247098 0.08920200
v 1.00003403 0.06211399 0.08920200
v 1.00663203 0.08247098 0.07109000
v 1.00663102 0.06211399 0.07109000
v 0.98756403 0.08247098 0.10405100
v 0.98756403 0.06211399 0.10405100
v 1.00003403 0.08247098 0.08920200
v 1.00003403 0.06211399 0.08920200
v 0.98756403 0.08247098 0.10405100
v 0.97066504 0.08247098 0.11379999
v 0.97066602 0.06211399 0.11379999
v 0.98756403 0.06211399 0.10405100
v 0.97066504 0.08247098 0.11379999
v 0.95138204 0.08247098 0.11719799
v 0.95138204 0.06211399 0.11719799
v 0.97066602 0.06211399 0.11379999
v 0.95138103 0.06211399 0.12295300
v 0.93035504 0.06211399 0.11924500
v 0.93035504 0.05304299 0.11924500
v 0.95138103 0.05304299 0.12295200
v 0.93035504 0.08247098 0.11924500
v 0.95138103 0.09154199 0.12295300
v 0.93035504 0.09154199 0.11924500
v 0.95138103 0.08247098 0.12295300
v 0.93035504 0.06211399 0.11924500
v 0.91186503 0.06211399 0.10857000
v 0.91186503 0.05304299 0.10857000
v 0.93035504 0.05304299 0.11924500
v 0.93035504 0.09154199 0.11924500
v 0.91186503 0.09154199 0.10857000
v 0.91186503 0.08247098 0.10857000
v 0.93035504 0.08247098 0.11924500
v 0.91186503 0.06211399 0.10857000
v 0.89814103 0.05304299 0.09221400
v 0.91186503 0.05304299 0.10857000
v 0.89814103 0.06211399 0.09221400
v 0.89814103 0.08247098 0.09221400
v 0.91186503 0.08247098 0.10857000
v 0.91186503 0.09154199 0.10857000
v 0.89814103 0.09154199 0.09221400
v 0.89814103 0.06211399 0.09221400
v 0.89083904 0.05304299 0.07215200
v 0.89814103 0.05304299 0.09221400
v 0.89083904 0.06211399 0.07215200
v 0.89083904 0.08247098 0.07215200
v 0.89814103 0.08247098 0.09221400
v 0.89814103 0.09154199 0.09221400
v 0.89083904 0.09154199 0.07215200
v 0.89083904 0.06211399 0.07215200
v 0.89083904 0.05304299 0.05080100
v 0.89083904 0.05304299 0.07215200
v 0.89083904 0.06211399 0.05080100
v 0.89083904 0.08247098 0.05080100
v 0.89083904 0.08247098 0.07215200
v 0.89083904 0.09154199 0.07215200
v 0.89083904 0.09154199 0.05080100
v 0.89083904 0.06211399 0.05080100
v 0.89814103 0.05304299 0.03073800
v 0.89083904 0.05304299 0.05080100
v 0.89814103 0.06211399 0.03073800
v 0.89814103 0.08247098 0.03073800
v 0.89083904 0.08247098 0.05080100
v 0.89083904 0.09154199 0.05080100
v 0.89814103 0.09154199 0.03073800
v 0.89814103 0.06211399 0.03073800
v 0.91186503 0.05304299 0.01438300
v 0.89814103 0.05304299 0.03073800
v 0.91186503 0.06211399 0.01438300
v 0.91186503 0.08247098 0.01438300
v 0.89814103 0.08247098 0.03073800
v 0.89814103 0.09154199 0.03073800
v 0.91186503 0.09154199 0.01438300
v 0.93035504 0.05304299 0.00370800
v 0.91186503 0.05304299 0.01438300
v 0.91186503 0.06211399 0.01438300
v 0.93035504 0.06211399 0.00370800
v 0.93035504 0.08247098 0.00370800
v 0.91186503 0.08247098 0.01438300
v 0.91186503 0.09154199 0.01438300
v 0.93035504 0.09154199 0.00370800
v 0.95138103 0.05304299 0.00000000
v 0.93035504 0.05304299 0.00370800
v 0.93035504 0.06211399 0.00370800
v 0.95138103 0.06211399 0.00000000
v 0.93035504 0.09154199 0.00370800
v 0.95138103 0.08247098 0.00000000
v 0.93035504 0.08247098 0.00370800
v 0.95138103 0.09154199 0.00000000
v 0.95138103 0.06211399 0.00000000
v 0.97240704 0.05304299 0.00370800
v 0.95138103 0.05304299 0.00000000
v 0.97240704 0.06211399 0.00370800
v 0.97240704 0.08247098 0.00370800
v 0.95138103 0.08247098 0.00000000
v 0.95138103 0.09154199 0.00000000
v 0.97240803 0.09154199 0.00370800
v 0.99089703 0.05304299 0.01438300
v 0.97240704 0.05304299 0.00370800
v 0.97240704 0.06211399 0.00370800
v 0.99089703 0.06211399 0.01438300
v 0.99089703 0.08247098 0.01438300
v 0.97240704 0.08247098 0.00370800
v 0.97240803 0.09154199 0.00370800
v 0.99089804 0.09154199 0.01438300
v 0.99089703 0.06211399 0.01438300
v 1.00462103 0.06211399 0.03073800
v 1.00462103 0.05304299 0.03073800
v 0.99089703 0.05304299 0.01438300
v 1.00462103 0.08247098 0.03073800
v 0.99089703 0.08247098 0.01438300
v 1.00462103 0.09154199 0.03073800
v 0.99089804 0.09154199 0.01438300
v 1.00462103 0.06211399 0.03073800
v 1.01192403 0.06211399 0.05080100
v 1.01192403 0.05304299 0.05080100
v 1.00462103 0.05304299 0.03073800
v 1.01192403 0.08247098 0.05080100
v 1.00462103 0.09154199 0.03073800
v 1.01192403 0.09154199 0.05080100
v 1.00462103 0.08247098 0.03073800
v 1.01192403 0.06211399 0.05080100
v 1.01192403 0.06211399 0.07215200
v 1.01192403 0.05304299 0.07215200
v 1.01192403 0.05304299 0.05080100
v 1.01192403 0.08247098 0.07215200
v 1.01192403 0.09154199 0.05080100
v 1.01192403 0.09154199 0.07215200
v 1.01192403 0.08247098 0.05080100
v 1.01192403 0.06211399 0.07215200
v 1.00462103 0.06211399 0.09221400
v 1.00462103 0.05304299 0.09221400
v 1.01192403 0.05304299 0.07215200
v 1.00462103 0.08247098 0.09221400
v 1.01192403 0.09154199 0.07215200
v 1.00462103 0.09154199 0.09221400
v 1.01192403 0.08247098 0.07215200
v 1.00462103 0.06211399 0.09221400
v 0.99089703 0.06211399 0.10857000
v 0.99089703 0.05304299 0.10857000
v 1.00462103 0.05304299 0.09221400
v 0.99089703 0.08247098 0.10857000
v 1.00462103 0.09154199 0.09221400
v 0.99089804 0.09154199 0.10857000
v 1.00462103 0.08247098 0.09221400
v 0.99089703 0.06211399 0.10857000
v 0.97240704 0.06211399 0.11924500
v 0.97240704 0.05304299 0.11924500
v 0.99089703 0.05304299 0.10857000
v 0.97240704 0.08247098 0.11924500
v 0.99089703 0.08247098 0.10857000
v 0.97240803 0.09154199 0.11924500
v 0.99089804 0.09154199 0.10857000
v 0.95138103 0.05304299 0.12295200
v 0.97240704 0.06211399 0.11924500
v 0.95138103 0.06211399 0.12295300
v 0.97240704 0.05304299 0.11924500
v 0.95138103 0.08247098 0.12295300
v 0.97240704 0.08247098 0.11924500
v 0.95138103 0.09154199 0.12295300
v 0.97240803 0.09154199 0.11924500
v 0.93035504 0.06211399 0.11924500
v 0.95138103 0.06211399 0.12295300
v 0.95138204 0.06211399 0.11719799
v 0.93209702 0.06211399 0.11379999
v 0.97066602 0.06211399 0.11379999
v 0.97240704 0.06211399 0.11924500
v 0.99089703 0.06211399 0.10857000
v 0.98756403 0.06211399 0.10405100
v 1.00462103 0.06211399 0.09221400
v 1.00003403 0.06211399 0.08920200
v 1.01192403 0.06211399 0.07215200
v 1.00663102 0.06211399 0.07109000
v 1.01192403 0.06211399 0.05080100
v 1.00663102 0.06211399 0.05186200
v 1.00462103 0.06211399 0.03073800
v 1.00003403 0.06211399 0.03375100
v 0.99089703 0.06211399 0.01438300
v 0.98756403 0.06211399 0.01890200
v 0.97240704 0.06211399 0.00370800
v 0.97066602 0.06211399 0.00915200
v 0.95138103 0.06211399 0.00575400
v 0.95138103 0.06211399 0.00000000
v 0.95138103 0.06211399 0.00000000
v 0.93035504 0.06211399 0.00370800
v 0.95138103 0.06211399 0.00575400
v 0.93209702 0.06211399 0.00915200
v 0.91186503 0.06211399 0.01438300
v 0.91519904 0.06211399 0.01890200
v 0.90272903 0.06211399 0.03375100
v 0.89814103 0.06211399 0.03073800
v 0.89613104 0.06211399 0.05186200
v 0.89083904 0.06211399 0.05080100
v 0.89083904 0.06211399 0.07215200
v 0.89613104 0.06211399 0.07109000
v 0.90272903 0.06211399 0.08920200
v 0.89814103 0.06211399 0.09221400
v 0.91519904 0.06211399 0.10405100
v 0.91186503 0.06211399 0.10857000
v 0.93209702 0.08247098 0.11379999
v 0.95138204 0.08247098 0.11719799
v 0.93035504 0.08247098 0.11924500
v 0.95138103 0.08247098 0.12295300
v 0.91186503 0.08247098 0.10857000
v 0.91519904 0.08247098 0.10405100
v 0.89814103 0.08247098 0.09221400
v 0.90272903 0.08247098 0.08920200
v 0.89083904 0.08247098 0.07215200
v 0.89613104 0.08247098 0.07109000
v 0.89083904 0.08247098 0.05080100
v 0.89613104 0.08247098 0.05186200
v 0.89814103 0.08247098 0.03073800
v 0.90272903 0.08247098 0.03375100
v 0.91186503 0.08247098 0.01438300
v 0.91519904 0.08247098 0.01890200
v 0.93035504 0.08247098 0.00370800
v 0.93209702 0.08247098 0.00915200
v 0.95138103 0.08247098 0.00575400
v 0.95138103 0.08247098 0.00000000
v 0.95138103 0.08247098 0.00000000
v 0.97240704 0.08247098 0.00370800
v 0.95138103 0.08247098 0.00575400
v 0.97066602 0.08247098 0.00915200
v 0.99089703 0.08247098 0.01438300
v 0.98756403 0.08247098 0.01890200
v 1.00003403 0.08247098 0.03375100
v 1.00462103 0.08247098 0.03073800
v 1.00663102 0.08247098 0.05186200
v 1.01192403 0.08247098 0.05080100
v 1.01192403 0.08247098 0.07215200
v 1.00663203 0.08247098 0.07109000
v 1.00003403 0.08247098 0.08920200
v 1.00462103 0.08247098 0.09221400
v 0.98756403 0.08247098 0.10405100
v 0.99089703 0.08247098 0.10857000
v 0.97066504 0.08247098 0.11379999
v 0.97240704 0.08247098 0.11924500
v 0.99089703 0.05304299 0.10857000
v 0.95138103 0.05304299 0.12295200
v 0.93035504 0.05304299 0.11924500
v 0.97240704 0.05304299 0.11924500
v 1.00462103 0.05304299 0.09221400
v 0.91186503 0.05304299 0.10857000
v 0.89814103 0.05304299 0.09221400
v 1.01192403 0.05304299 0.07215200
v 1.01192403 0.05304299 0.05080100
v 0.89083904 0.05304299 0.07215200
v 0.89083904 0.05304299 0.05080100
v 1.00462103 0.05304299 0.03073800
v 0.99089703 0.05304299 0.01438300
v 0.89814103 0.05304299 0.03073800
v 0.91186503 0.05304299 0.01438300
v 0.97240704 0.05304299 0.00370800
v 0.93035504 0.05304299 0.00370800
v 0.95138103 0.05304299 0.00000000
v 0.97240803 0.09154199 0.00370800
v 0.93035504 0.09154199 0.00370800
v 0.91186503 0.09154199 0.01438300
v 0.95138103 0.09154199 0.00000000
v 0.89814103 0.09154199 0.03073800
v 0.99089804 0.09154199 0.01438300
v 1.00462103 0.09154199 0.03073800
v 0.89083904 0.09154199 0.05080100
v 0.89083904 0.09154199 0.07215200
v 0.89814103 0.09154199 0.09221400
v 1.01192403 0.09154199 0.05080100
v 1.01192403 0.09154199 0.07215200
v 0.91186503 0.09154199 0.10857000
v 1.00462103 0.09154199 0.09221400
v 0.93035504 0.09154199 0.11924500
v 0.99089804 0.09154199 0.10857000
v 0.97240803 0.09154199 0.11924500
v 0.95138103 0.09154199 0.12295300
v 0.36721903 0.26582799 0.59690498
v 0.39426703 0.25026799 0.58357601
v 0.39426703 0.26582799 0.58357601
v 0.39426703 0.28138799 0.52638100
v 0.36721903 0.26582799 0.59690498
v 0.39426703 0.28138799 0.58357601
v 0.36721903 0.26582799 0.59690498
v 0.37398203 0.22170199 0.59433400
v 0.39426703 0.25026799 0.58357601
v 0.16284904 0.20967399 0.59986799
v 0.12903902 0.28138799 0.59986799
v 0.16284904 0.32198199 0.52638100
v 0.12903902 0.28138799 0.52638100
v 0.12903902 0.26582799 0.52638100
v 0.12903902 0.28138799 0.52638100
v 1.02180302 0.45917599 0.07178400
v 1.03665000 0.53165600 0.07178400
v 1.09204602 0.51387098 0.09427900
v 1.02180302 0.45917599 0.07178400
v 1.09204602 0.51387098 0.09427900
v 1.09096205 0.40346499 0.09427900
v 1.09096205 0.12819099 0.09427900
v 1.09204602 0.01778498 0.09427900
v 1.02180302 0.07247999 0.07178400
v 1.09204602 0.01778498 0.09427900
v 1.03665000 0.00000000 0.07178400
v 1.02180302 0.07247999 0.07178400
v 0.07392502 0.20739699 0.22514600
v 0.07392502 0.18252199 0.22514600
v 0.11325902 0.20739699 0.23208200
v 0.11325902 0.18252199 0.23208200
v 0.03933403 0.20739699 0.20517500
v 0.03933403 0.18252199 0.20517500
v 0.07392502 0.20739699 0.22514600
v 0.07392502 0.18252199 0.22514600
v 0.03933403 0.18252199 0.20517500
v 0.03933403 0.20739699 0.20517500
v 0.01366103 0.18252199 0.17457800
v 0.01366103 0.20739699 0.17457800
v 0.01366103 0.18252199 0.17457800
v 0.01366103 0.20739699 0.17457800
v 0.00000000 0.18252199 0.13704600
v 0.00000000 0.20739699 0.13704600
v 0.00000000 0.18252199 0.13704600
v 0.00000000 0.20739699 0.13704600
v 0.00000000 0.18252199 0.09710400
v 0.00000000 0.20739699 0.09710400
v 0.00000000 0.18252199 0.09710400
v 0.00000000 0.20739699 0.09710400
v 0.01366103 0.18252199 0.05957200
v 0.01366103 0.20739699 0.05957200
v 0.01366103 0.18252199 0.05957200
v 0.01366103 0.20739699 0.05957200
v 0.03933403 0.18252199 0.02897500
v 0.03933403 0.20739699 0.02897500
v 0.07392502 0.18252199 0.00900400
v 0.03933403 0.18252199 0.02897500
v 0.03933403 0.20739699 0.02897500
v 0.07392502 0.20739699 0.00900400
v 0.11325902 0.18252199 0.00206900
v 0.07392502 0.18252199 0.00900400
v 0.07392502 0.20739699 0.00900400
v 0.11325902 0.20739699 0.00206900
v 0.15259403 0.18252199 0.00900400
v 0.11325902 0.18252199 0.00206900
v 0.11325902 0.20739699 0.00206900
v 0.15259403 0.20739699 0.00900400
v 0.18718404 0.18252199 0.02897500
v 0.15259403 0.18252199 0.00900400
v 0.15259403 0.20739699 0.00900400
v 0.18718404 0.20739699 0.02897500
v 0.18718404 0.18252199 0.02897500
v 0.21285802 0.20739699 0.05957200
v 0.21285802 0.18252199 0.05957200
v 0.18718404 0.20739699 0.02897500
v 0.22651902 0.20739699 0.09710400
v 0.22651902 0.18252199 0.09710400
v 0.21285802 0.20739699 0.05957200
v 0.21285802 0.18252199 0.05957200
v 0.22651902 0.20739699 0.13704600
v 0.22651902 0.18252199 0.13704600
v 0.22651902 0.20739699 0.09710400
v 0.22651902 0.18252199 0.09710400
v 0.21285802 0.20739699 0.17457800
v 0.21285802 0.18252199 0.17457800
v 0.22651902 0.20739699 0.13704600
v 0.22651902 0.18252199 0.13704600
v 0.21285802 0.18252199 0.17457800
v 0.18718404 0.20739699 0.20517500
v 0.18718404 0.18252199 0.20517500
v 0.21285802 0.20739699 0.17457800
v 0.18718404 0.20739699 0.20517500
v 0.15259403 0.20739699 0.22514600
v 0.18718404 0.18252199 0.20517500
v 0.15259403 0.18252199 0.22514600
v 0.15259403 0.20739699 0.22514600
v 0.11325902 0.20739699 0.23208200
v 0.15259403 0.18252199 0.22514600
v 0.11325902 0.18252199 0.23208200
v 0.07392502 0.20739699 0.22514600
v 0.11325902 0.20739699 0.23208200
v 0.11326003 0.20739699 0.22131700
v 0.07718402 0.20739699 0.21496000
v 0.14933503 0.20739699 0.21496000
v 0.15259403 0.20739699 0.22514600
v 0.18718404 0.20739699 0.20517500
v 0.18094802 0.20739699 0.19672101
v 0.21285802 0.20739699 0.17457800
v 0.20427603 0.20739699 0.16894301
v 0.22651902 0.20739699 0.13704600
v 0.21661803 0.20739699 0.13506100
v 0.22651902 0.20739699 0.09710400
v 0.21661803 0.20739699 0.09908900
v 0.21285802 0.20739699 0.05957200
v 0.20427504 0.20739699 0.06520700
v 0.18718404 0.20739699 0.02897500
v 0.18094802 0.20739699 0.03742900
v 0.15259403 0.20739699 0.00900400
v 0.14933503 0.20739699 0.01919000
v 0.11325902 0.20739699 0.01283300
v 0.11325902 0.20739699 0.00206900
v 0.11325902 0.20739699 0.00206900
v 0.07392502 0.20739699 0.00900400
v 0.11325902 0.20739699 0.01283300
v 0.07718304 0.20739699 0.01919000
v 0.03933403 0.20739699 0.02897500
v 0.04557002 0.20739699 0.03742900
v 0.02224302 0.20739699 0.06520700
v 0.01366103 0.20739699 0.05957200
v 0.00990003 0.20739699 0.09908900
v 0.00000000 0.20739699 0.09710400
v 0.00000000 0.20739699 0.13704600
v 0.00990003 0.20739699 0.13506000
v 0.02224302 0.20739699 0.16894301
v 0.01366103 0.20739699 0.17457800
v 0.04557002 0.20739699 0.19672101
v 0.03933403 0.20739699 0.20517500
v 0.07718402 0.20739699 0.21496000
v 0.11326003 0.23530599 0.22131700
v 0.07718304 0.23530599 0.21496000
v 0.11326003 0.20739699 0.22131700
v 0.04557103 0.23530599 0.19672200
v 0.07718402 0.20739699 0.21496000
v 0.07718304 0.23530599 0.21496000
v 0.04557002 0.20739699 0.19672101
v 0.04557103 0.23530599 0.19672200
v 0.02224302 0.23530599 0.16894301
v 0.04557002 0.20739699 0.19672101
v 0.02224302 0.20739699 0.16894301
v 0.00990003 0.23530599 0.13506100
v 0.02224302 0.20739699 0.16894301
v 0.02224302 0.23530599 0.16894301
v 0.00990003 0.20739699 0.13506000
v 0.00990003 0.23530599 0.13506100
v 0.00990003 0.23530599 0.09908900
v 0.00990003 0.20739699 0.13506000
v 0.00990003 0.20739699 0.09908900
v 0.00990003 0.23530599 0.09908900
v 0.02224302 0.23530599 0.06520700
v 0.00990003 0.20739699 0.09908900
v 0.02224302 0.20739699 0.06520700
v 0.04557002 0.23530599 0.03742900
v 0.02224302 0.20739699 0.06520700
v 0.02224302 0.23530599 0.06520700
v 0.04557002 0.20739699 0.03742900
v 0.07718304 0.20739699 0.01919000
v 0.04557002 0.20739699 0.03742900
v 0.07718304 0.23530599 0.01919000
v 0.04557002 0.23530599 0.03742900
v 0.11325902 0.20739699 0.01283300
v 0.07718304 0.20739699 0.01919000
v 0.11325902 0.23530599 0.01283300
v 0.07718304 0.23530599 0.01919000
v 0.14933503 0.20739699 0.01919000
v 0.11325902 0.20739699 0.01283300
v 0.14933503 0.23530599 0.01919000
v 0.11325902 0.23530599 0.01283300
v 0.18094802 0.20739699 0.03742900
v 0.14933503 0.20739699 0.01919000
v 0.18094802 0.23530599 0.03742900
v 0.14933503 0.23530599 0.01919000
v 0.20427504 0.20739699 0.06520700
v 0.18094802 0.20739699 0.03742900
v 0.20427504 0.23530599 0.06520700
v 0.18094802 0.23530599 0.03742900
v 0.20427504 0.20739699 0.06520700
v 0.21661803 0.23530599 0.09908900
v 0.21661803 0.20739699 0.09908900
v 0.20427504 0.23530599 0.06520700
v 0.21661803 0.20739699 0.09908900
v 0.21661803 0.23530599 0.13506100
v 0.21661803 0.20739699 0.13506100
v 0.21661803 0.23530599 0.09908900
v 0.20427504 0.23530599 0.16894301
v 0.20427603 0.20739699 0.16894301
v 0.21661803 0.23530599 0.13506100
v 0.21661803 0.20739699 0.13506100
v 0.18094802 0.23530599 0.19672200
v 0.18094802 0.20739699 0.19672101
v 0.20427504 0.23530599 0.16894301
v 0.20427603 0.20739699 0.16894301
v 0.14933503 0.20739699 0.21496000
v 0.18094802 0.23530599 0.19672200
v 0.14933503 0.23530599 0.21496000
v 0.18094802 0.20739699 0.19672101
v 0.11326003 0.20739699 0.22131700
v 0.14933503 0.23530599 0.21496000
v 0.11326003 0.23530599 0.22131700
v 0.14933503 0.20739699 0.21496000
v 0.20427504 0.23530599 0.06520700
v 0.11325902 0.23530599 0.01283300
v 0.07718304 0.23530599 0.01919000
v 0.18094802 0.23530599 0.03742900
v 0.14933503 0.23530599 0.01919000
v 0.21661803 0.23530599 0.09908900
v 0.04557002 0.23530599 0.03742900
v 0.21661803 0.23530599 0.13506100
v 0.02224302 0.23530599 0.06520700
v 0.20427504 0.23530599 0.16894301
v 0.00990003 0.23530599 0.09908900
v 0.18094802 0.23530599 0.19672200
v 0.00990003 0.23530599 0.13506100
v 0.14933503 0.23530599 0.21496000
v 0.02224302 0.23530599 0.16894301
v 0.11326003 0.23530599 0.22131700
v 0.04557103 0.23530599 0.19672200
v 0.07718304 0.23530599 0.21496000
v 0.07392502 0.18252199 0.22514600
v 0.15259403 0.18252199 0.22514600
v 0.11325902 0.18252199 0.23208200
v 0.03933403 0.18252199 0.20517500
v 0.01366103 0.18252199 0.17457800
v 0.18718404 0.18252199 0.20517500
v 0.21285802 0.18252199 0.17457800
v 0.00000000 0.18252199 0.13704600
v 0.00000000 0.18252199 0.09710400
v 0.22651902 0.18252199 0.13704600
v 0.01366103 0.18252199 0.05957200
v 0.22651902 0.18252199 0.09710400
v 0.21285802 0.18252199 0.05957200
v 0.03933403 0.18252199 0.02897500
v 0.18718404 0.18252199 0.02897500
v 0.07392502 0.18252199 0.00900400
v 0.11325902 0.18252199 0.00206900
v 0.15259403 0.18252199 0.00900400
v 0.07392502 0.34913399 0.22514600
v 0.07392502 0.32425899 0.22514600
v 0.11325902 0.34913399 0.23208200
v 0.11325902 0.32425899 0.23208200
v 0.07392502 0.34913399 0.22514600
v 0.03933403 0.34913399 0.20517500
v 0.07392502 0.32425899 0.22514600
v 0.03933403 0.32425899 0.20517500
v 0.03933403 0.32425899 0.20517500
v 0.03933403 0.34913399 0.20517500
v 0.01366103 0.34913399 0.17457800
v 0.01366103 0.32425899 0.17457800
v 0.01366103 0.32425899 0.17457800
v 0.01366103 0.34913399 0.17457800
v 0.00000000 0.34913399 0.13704600
v 0.00000000 0.32425899 0.13704600
v 0.00000000 0.32425899 0.13704600
v 0.00000000 0.34913399 0.13704600
v 0.00000000 0.34913399 0.09710400
v 0.00000000 0.32425899 0.09710400
v 0.00000000 0.32425899 0.09710400
v 0.00000000 0.34913399 0.09710400
v 0.01366103 0.34913399 0.05957200
v 0.01366103 0.32425899 0.05957200
v 0.01366103 0.32425899 0.05957200
v 0.01366103 0.34913399 0.05957200
v 0.03933403 0.34913399 0.02897500
v 0.03933403 0.32425899 0.02897500
v 0.07392502 0.32425899 0.00900400
v 0.03933403 0.32425899 0.02897500
v 0.07392502 0.34913399 0.00900400
v 0.03933403 0.34913399 0.02897500
v 0.11325902 0.32425899 0.00206900
v 0.07392502 0.32425899 0.00900400
v 0.11325902 0.34913399 0.00206900
v 0.07392502 0.34913399 0.00900400
v 0.11325902 0.32425899 0.00206900
v 0.11325902 0.34913399 0.00206900
v 0.15259403 0.32425899 0.00900400
v 0.15259403 0.34913399 0.00900400
v 0.18718404 0.32425899 0.02897500
v 0.15259403 0.32425899 0.00900400
v 0.18718404 0.34913399 0.02897500
v 0.15259403 0.34913399 0.00900400
v 0.21285802 0.34913399 0.05957200
v 0.21285802 0.32425899 0.05957200
v 0.18718404 0.34913399 0.02897500
v 0.18718404 0.32425899 0.02897500
v 0.22651902 0.34913399 0.09710400
v 0.22651902 0.32425899 0.09710400
v 0.21285802 0.34913399 0.05957200
v 0.21285802 0.32425899 0.05957200
v 0.22651902 0.32425899 0.13704600
v 0.22651902 0.32425899 0.09710400
v 0.22651902 0.34913399 0.13704600
v 0.22651902 0.34913399 0.09710400
v 0.22651902 0.32425899 0.13704600
v 0.21285802 0.34913399 0.17457800
v 0.21285802 0.32425899 0.17457800
v 0.22651902 0.34913399 0.13704600
v 0.18718404 0.32425899 0.20517500
v 0.21285802 0.32425899 0.17457800
v 0.18718404 0.34913399 0.20517500
v 0.21285802 0.34913399 0.17457800
v 0.15259403 0.34913399 0.22514600
v 0.15259403 0.32425899 0.22514600
v 0.18718404 0.34913399 0.20517500
v 0.18718404 0.32425899 0.20517500
v 0.11325902 0.34913399 0.23208200
v 0.11325902 0.32425899 0.23208200
v 0.15259403 0.34913399 0.22514600
v 0.15259403 0.32425899 0.22514600
v 0.07392502 0.32425899 0.22514600
v 0.11326003 0.32425899 0.22131700
v 0.11325902 0.32425899 0.23208200
v 0.07718402 0.32425899 0.21496000
v 0.15259403 0.32425899 0.22514600
v 0.14933503 0.32425899 0.21496000
v 0.18094802 0.32425899 0.19672101
v 0.18718404 0.32425899 0.20517500
v 0.20427603 0.32425899 0.16894301
v 0.21285802 0.32425899 0.17457800
v 0.21661803 0.32425899 0.13506100
v 0.22651902 0.32425899 0.13704600
v 0.22651902 0.32425899 0.09710400
v 0.21661803 0.32425899 0.09908900
v 0.20427504 0.32425899 0.06520700
v 0.21285802 0.32425899 0.05957200
v 0.18094802 0.32425899 0.03742900
v 0.18718404 0.32425899 0.02897500
v 0.15259403 0.32425899 0.00900400
v 0.14933503 0.32425899 0.01919000
v 0.11325902 0.32425899 0.01283300
v 0.11325902 0.32425899 0.00206900
v 0.11325902 0.32425899 0.01283300
v 0.07718304 0.32425899 0.01919000
v 0.07392502 0.32425899 0.00900400
v 0.11325902 0.32425899 0.00206900
v 0.03933403 0.32425899 0.02897500
v 0.04557002 0.32425899 0.03742900
v 0.01366103 0.32425899 0.05957200
v 0.02224302 0.32425899 0.06520700
v 0.00000000 0.32425899 0.09710400
v 0.00990003 0.32425899 0.09908900
v 0.00000000 0.32425899 0.13704600
v 0.00990003 0.32425899 0.13506000
v 0.02224302 0.32425899 0.16894301
v 0.01366103 0.32425899 0.17457800
v 0.03933403 0.32425899 0.20517500
v 0.04557002 0.32425899 0.19672101
v 0.11326003 0.32425899 0.22131700
v 0.07718402 0.32425899 0.21496000
v 0.11326003 0.29634999 0.22131700
v 0.07718304 0.29634999 0.21496000
v 0.07718402 0.32425899 0.21496000
v 0.04557103 0.29634999 0.19672200
v 0.07718304 0.29634999 0.21496000
v 0.04557002 0.32425899 0.19672101
v 0.04557103 0.29634999 0.19672200
v 0.04557002 0.32425899 0.19672101
v 0.02224302 0.29634999 0.16894301
v 0.02224302 0.32425899 0.16894301
v 0.02224302 0.29634999 0.16894301
v 0.02224302 0.32425899 0.16894301
v 0.00990003 0.29634999 0.13506100
v 0.00990003 0.32425899 0.13506000
v 0.00990003 0.29634999 0.13506100
v 0.00990003 0.32425899 0.13506000
v 0.00990003 0.29634999 0.09908900
v 0.00990003 0.32425899 0.09908900
v 0.00990003 0.29634999 0.09908900
v 0.00990003 0.32425899 0.09908900
v 0.02224302 0.29634999 0.06520700
v 0.02224302 0.32425899 0.06520700
v 0.02224302 0.29634999 0.06520700
v 0.02224302 0.32425899 0.06520700
v 0.04557002 0.29634999 0.03742900
v 0.04557002 0.32425899 0.03742900
v 0.04557002 0.29634999 0.03742900
v 0.04557002 0.32425899 0.03742900
v 0.07718304 0.29634999 0.01919000
v 0.07718304 0.32425899 0.01919000
v 0.07718304 0.29634999 0.01919000
v 0.07718304 0.32425899 0.01919000
v 0.11325902 0.29634999 0.01283300
v 0.11325902 0.32425899 0.01283300
v 0.11325902 0.29634999 0.01283300
v 0.11325902 0.32425899 0.01283300
v 0.14933503 0.29634999 0.01919000
v 0.14933503 0.32425899 0.01919000
v 0.14933503 0.29634999 0.01919000
v 0.14933503 0.32425899 0.01919000
v 0.18094802 0.29634999 0.03742900
v 0.18094802 0.32425899 0.03742900
v 0.20427504 0.32425899 0.06520700
v 0.20427504 0.29634999 0.06520700
v 0.18094802 0.32425899 0.03742900
v 0.18094802 0.29634999 0.03742900
v 0.21661803 0.32425899 0.09908900
v 0.21661803 0.29634999 0.09908900
v 0.20427504 0.32425899 0.06520700
v 0.20427504 0.29634999 0.06520700
v 0.21661803 0.32425899 0.13506100
v 0.21661803 0.29634999 0.13506100
v 0.21661803 0.32425899 0.09908900
v 0.21661803 0.29634999 0.09908900
v 0.20427504 0.29634999 0.16894301
v 0.21661803 0.29634999 0.13506100
v 0.20427603 0.32425899 0.16894301
v 0.21661803 0.32425899 0.13506100
v 0.18094802 0.29634999 0.19672200
v 0.20427504 0.29634999 0.16894301
v 0.18094802 0.32425899 0.19672101
v 0.20427603 0.32425899 0.16894301
v 0.18094802 0.32425899 0.19672101
v 0.14933503 0.32425899 0.21496000
v 0.18094802 0.29634999 0.19672200
v 0.14933503 0.29634999 0.21496000
v 0.14933503 0.32425899 0.21496000
v 0.11326003 0.32425899 0.22131700
v 0.14933503 0.29634999 0.21496000
v 0.11326003 0.29634999 0.22131700
v 0.20427504 0.29634999 0.06520700
v 0.11325902 0.29634999 0.01283300
v 0.18094802 0.29634999 0.03742900
v 0.07718304 0.29634999 0.01919000
v 0.14933503 0.29634999 0.01919000
v 0.21661803 0.29634999 0.09908900
v 0.04557002 0.29634999 0.03742900
v 0.21661803 0.29634999 0.13506100
v 0.02224302 0.29634999 0.06520700
v 0.20427504 0.29634999 0.16894301
v 0.00990003 0.29634999 0.09908900
v 0.18094802 0.29634999 0.19672200
v 0.00990003 0.29634999 0.13506100
v 0.14933503 0.29634999 0.21496000
v 0.02224302 0.29634999 0.16894301
v 0.11326003 0.29634999 0.22131700
v 0.04557103 0.29634999 0.19672200
v 0.07718304 0.29634999 0.21496000
v 0.15259403 0.34913399 0.22514600
v 0.03933403 0.34913399 0.20517500
v 0.07392502 0.34913399 0.22514600
v 0.11325902 0.34913399 0.23208200
v 0.01366103 0.34913399 0.17457800
v 0.18718404 0.34913399 0.20517500
v 0.21285802 0.34913399 0.17457800
v 0.00000000 0.34913399 0.13704600
v 0.22651902 0.34913399 0.13704600
v 0.00000000 0.34913399 0.09710400
v 0.01366103 0.34913399 0.05957200
v 0.22651902 0.34913399 0.09710400
v 0.21285802 0.34913399 0.05957200
v 0.03933403 0.34913399 0.02897500
v 0.18718404 0.34913399 0.02897500
v 0.07392502 0.34913399 0.00900400
v 0.11325902 0.34913399 0.00206900
v 0.15259403 0.34913399 0.00900400
v 0.16029903 0.30312399 0.49627702
v 0.16029903 0.30312399 0.31783699
v 0.13786402 0.29017099 0.49627702
v 0.13786402 0.29017099 0.31783699
v 0.13786402 0.29017099 0.49627702
v 0.13786402 0.29017099 0.31783699
v 0.12900403 0.26582799 0.49627702
v 0.12900403 0.26582799 0.31783699
v 0.12900403 0.26582799 0.49627702
v 0.12900403 0.26582799 0.31783699
v 0.13786402 0.24148499 0.49627702
v 0.13786402 0.24148499 0.31783699
v 0.13786402 0.24148499 0.49627702
v 0.13786402 0.24148499 0.31783699
v 0.16029903 0.22853199 0.49627702
v 0.16029903 0.22853199 0.31783699
v 0.16029903 0.22853199 0.49627702
v 0.16029903 0.22853199 0.31783699
v 0.18581104 0.23303099 0.49627702
v 0.18581104 0.23303099 0.31783699
v 0.18581104 0.23303099 0.49627702
v 0.18581104 0.23303099 0.31783699
v 0.20246303 0.25287499 0.49627702
v 0.20246303 0.25287499 0.31783699
v 0.20246303 0.25287499 0.49627702
v 0.20246303 0.25287499 0.31783699
v 0.20246303 0.27878099 0.49627702
v 0.20246303 0.27878099 0.31783699
v 0.20246303 0.27878099 0.49627702
v 0.20246303 0.27878099 0.31783699
v 0.18581104 0.29862499 0.49627702
v 0.18581104 0.29862499 0.31783699
v 0.18581104 0.29862499 0.49627702
v 0.18581104 0.29862499 0.31783699
v 0.16029903 0.30312399 0.49627702
v 0.16029903 0.30312399 0.31783699
v 0.16029903 0.30312399 0.49627702
v 0.13786402 0.29017099 0.49627702
v 0.14858103 0.28117899 0.49627702
v 0.16272804 0.28934699 0.49627702
v 0.14299303 0.26582799 0.49627702
v 0.12900403 0.26582799 0.49627702
v 0.13786402 0.24148499 0.49627702
v 0.14299303 0.26582799 0.49627702
v 0.12900403 0.26582799 0.49627702
v 0.14858103 0.25047699 0.49627702
v 0.16029903 0.22853199 0.49627702
v 0.16272804 0.24230899 0.49627702
v 0.17881602 0.24514599 0.49627702
v 0.18581104 0.23303099 0.49627702
v 0.18931702 0.25765999 0.49627702
v 0.20246303 0.25287499 0.49627702
v 0.20246303 0.27878099 0.49627702
v 0.18931702 0.27399599 0.49627702
v 0.18581104 0.29862499 0.49627702
v 0.17881602 0.28650999 0.49627702
v 0.16272804 0.28934699 0.53881400
v 0.16272804 0.28934699 0.49627702
v 0.14858103 0.28117899 0.53881400
v 0.14858103 0.28117899 0.49627702
v 0.14858103 0.28117899 0.53881400
v 0.14858103 0.28117899 0.49627702
v 0.14299303 0.26582799 0.53881400
v 0.14299303 0.26582799 0.49627702
v 0.14299303 0.26582799 0.53881400
v 0.14299303 0.26582799 0.49627702
v 0.14858103 0.25047699 0.53881400
v 0.14858103 0.25047699 0.49627702
v 0.14858103 0.25047699 0.53881400
v 0.14858103 0.25047699 0.49627702
v 0.16272804 0.24230899 0.53881400
v 0.16272804 0.24230899 0.49627702
v 0.16272804 0.24230899 0.53881400
v 0.16272804 0.24230899 0.49627702
v 0.17881602 0.24514599 0.53881400
v 0.17881602 0.24514599 0.49627702
v 0.17881602 0.24514599 0.53881400
v 0.17881602 0.24514599 0.49627702
v 0.18931702 0.25765999 0.53881400
v 0.18931702 0.25765999 0.49627702
v 0.18931702 0.25765999 0.53881400
v 0.18931702 0.25765999 0.49627702
v 0.18931702 0.27399599 0.53881400
v 0.18931702 0.27399599 0.49627702
v 0.18931702 0.27399599 0.53881400
v 0.18931702 0.27399599 0.49627702
v 0.17881602 0.28650999 0.53881400
v 0.17881602 0.28650999 0.49627702
v 0.17881602 0.28650999 0.53881400
v 0.17881602 0.28650999 0.49627702
v 0.16272804 0.28934699 0.53881400
v 0.16272804 0.28934699 0.49627702
v 0.16029903 0.30312399 0.31783699
v 0.15329003 0.27722799 0.31783699
v 0.13786402 0.29017099 0.31783699
v 0.16379604 0.28329299 0.31783699
v 0.14914101 0.26582799 0.31783699
v 0.12900403 0.26582799 0.31783699
v 0.13786402 0.24148499 0.31783699
v 0.14914101 0.26582799 0.31783699
v 0.15329003 0.25442799 0.31783699
v 0.12900403 0.26582799 0.31783699
v 0.16029903 0.22853199 0.31783699
v 0.16379604 0.24836299 0.31783699
v 0.18581104 0.23303099 0.31783699
v 0.17574301 0.25046899 0.31783699
v 0.18354002 0.25976199 0.31783699
v 0.20246303 0.25287499 0.31783699
v 0.20246303 0.27878099 0.31783699
v 0.18354002 0.27189399 0.31783699
v 0.18581104 0.29862499 0.31783699
v 0.17574301 0.28118699 0.31783699
v 0.18354002 0.27189399 0.10128600
v 0.16379604 0.28329299 0.10128600
v 0.17574301 0.28118699 0.10128600
v 0.14914101 0.26582799 0.10128600
v 0.15329003 0.27722799 0.10128600
v 0.17574301 0.28118699 0.31783699
v 0.17574301 0.28118699 0.10128600
v 0.16379604 0.28329299 0.31783699
v 0.16379604 0.28329299 0.10128600
v 0.18354002 0.27189399 0.31783699
v 0.18354002 0.27189399 0.10128600
v 0.17574301 0.28118699 0.31783699
v 0.17574301 0.28118699 0.10128600
v 0.18354002 0.25976199 0.31783699
v 0.18354002 0.25976199 0.10128600
v 0.18354002 0.27189399 0.31783699
v 0.18354002 0.27189399 0.10128600
v 0.17574301 0.25046899 0.31783699
v 0.17574301 0.25046899 0.10128600
v 0.18354002 0.25976199 0.31783699
v 0.18354002 0.25976199 0.10128600
v 0.16379604 0.24836299 0.31783699
v 0.16379604 0.24836299 0.10128600
v 0.17574301 0.25046899 0.31783699
v 0.17574301 0.25046899 0.10128600
v 0.15329003 0.25442799 0.31783699
v 0.15329003 0.25442799 0.10128600
v 0.16379604 0.24836299 0.31783699
v 0.16379604 0.24836299 0.10128600
v 0.15329003 0.25442799 0.10128600
v 0.15329003 0.25442799 0.31783699
v 0.14914101 0.26582799 0.31783699
v 0.14914101 0.26582799 0.10128600
v 0.15329003 0.27722799 0.31783699
v 0.15329003 0.27722799 0.10128600
v 0.14914101 0.26582799 0.31783699
v 0.14914101 0.26582799 0.10128600
v 0.16379604 0.28329299 0.31783699
v 0.16379604 0.28329299 0.10128600
v 0.15329003 0.27722799 0.31783699
v 0.15329003 0.27722799 0.10128600
v 0.16379604 0.24836299 0.10128600
v 0.18354002 0.25976199 0.10128600
v 0.17574301 0.25046899 0.10128600
v 0.15329003 0.25442799 0.10128600
v 0.09455302 0.29851099 0.50418197
v 0.07633403 0.24780699 0.96423798
v 0.09455302 0.23314499 0.50418197
v 0.07633403 0.28384899 0.96423798
v 0.05833802 0.28384899 0.96423798
v 0.05658704 0.29851099 0.50418197
v 0.05833802 0.24780699 0.96423798
v 0.05658704 0.23314499 0.50418197
v 0.05833802 0.24780699 0.96423798
v 0.05658704 0.23314499 0.50418197
v 0.07633403 0.24780699 0.96423798
v 0.09455302 0.23314499 0.50418197
v 0.05833802 0.28384899 0.96423798
v 0.05833802 0.24780699 0.96423798
v 0.07633403 0.28384899 0.96423798
v 0.07633403 0.24780699 0.96423798
v 0.07633403 0.28384899 0.96423798
v 0.05658704 0.29851099 0.50418197
v 0.05833802 0.28384899 0.96423798
v 0.09455302 0.29851099 0.50418197
v 0.07298204 0.26582799 0.94935899
v 0.07298204 0.21263499 0.94621502
v 0.06544304 0.21275599 0.94419502
v 0.06544304 0.26582799 0.94733899
v 0.07298204 0.21263499 0.94621502
v 0.07298204 0.26582799 0.94935899
v 0.07500103 0.21218299 0.95375501
v 0.07500103 0.26582799 0.95689701
v 0.07500103 0.21218299 0.95375501
v 0.07500103 0.26582799 0.95689701
v 0.06948304 0.21184999 0.95927398
v 0.06948304 0.26582799 0.96241503
v 0.06342402 0.26582799 0.96187400
v 0.06342402 0.21188299 0.95873301
v 0.06948304 0.26582799 0.96241503
v 0.06948304 0.21184999 0.95927398
v 0.06342402 0.21188299 0.95873301
v 0.06342402 0.26582799 0.96187400
v 0.05992502 0.26582799 0.95689701
v 0.05992502 0.21218299 0.95375501
v 0.05992502 0.21218299 0.95375501
v 0.05992502 0.26582799 0.95689701
v 0.06046703 0.26582799 0.95083802
v 0.06046703 0.21254699 0.94769399
v 0.06544304 0.21275599 0.94419502
v 0.06046703 0.26582799 0.95083802
v 0.06544304 0.26582799 0.94733899
v 0.06046703 0.21254699 0.94769399
v 0.07298204 0.21263499 0.94621502
v 0.07298204 0.18340099 0.94199901
v 0.06544304 0.18380499 0.94001900
v 0.06544304 0.21275599 0.94419502
v 0.07298204 0.18340099 0.94199901
v 0.07298204 0.21263499 0.94621502
v 0.07500103 0.18189599 0.94938903
v 0.07500103 0.21218299 0.95375501
v 0.07500103 0.18189599 0.94938903
v 0.07500103 0.21218299 0.95375501
v 0.06948304 0.18079399 0.95479899
v 0.06948304 0.21184999 0.95927398
v 0.06342402 0.21188299 0.95873301
v 0.06342402 0.18090199 0.95426803
v 0.06948304 0.21184999 0.95927398
v 0.06948304 0.18079399 0.95479899
v 0.06342402 0.18090199 0.95426803
v 0.06342402 0.21188299 0.95873301
v 0.05992502 0.21218299 0.95375501
v 0.05992502 0.18189599 0.94938903
v 0.05992502 0.18189599 0.94938903
v 0.05992502 0.21218299 0.95375501
v 0.06046703 0.21254699 0.94769399
v 0.06046703 0.18310599 0.94344800
v 0.06544304 0.18380499 0.94001900
v 0.06046703 0.21254699 0.94769399
v 0.06544304 0.21275599 0.94419502
v 0.06046703 0.18310599 0.94344800
v 0.07298204 0.18340099 0.94199901
v 0.07298204 0.16869299 0.93917202
v 0.06544304 0.16926399 0.93721800
v 0.06544304 0.18380499 0.94001900
v 0.07298204 0.16869299 0.93917202
v 0.07500103 0.18189599 0.94938903
v 0.07500103 0.16656499 0.94646101
v 0.07298204 0.18340099 0.94199901
v 0.07500103 0.16656499 0.94646101
v 0.06948304 0.18079399 0.95479899
v 0.06948304 0.16501099 0.95179098
v 0.07500103 0.18189599 0.94938903
v 0.06342402 0.18090199 0.95426803
v 0.06342402 0.16516299 0.95126801
v 0.06948304 0.18079399 0.95479899
v 0.06948304 0.16501099 0.95179098
v 0.05992502 0.18189599 0.94938903
v 0.05992502 0.16656499 0.94646101
v 0.06342402 0.18090199 0.95426803
v 0.06342402 0.16516299 0.95126801
v 0.05992502 0.16656499 0.94646101
v 0.05992502 0.18189599 0.94938903
v 0.06046703 0.16827499 0.94060301
v 0.06046703 0.18310599 0.94344800
v 0.06046703 0.16827499 0.94060301
v 0.06046703 0.18310599 0.94344800
v 0.06544304 0.16926399 0.93721800
v 0.06544304 0.18380499 0.94001900
v 0.06544304 0.14793898 0.92769401
v 0.07298204 0.14643699 0.92904799
v 0.07298204 0.14004399 0.91613399
v 0.06544304 0.14197698 0.91552298
v 0.07500103 0.13282698 0.91841297
v 0.07298204 0.14643699 0.92904799
v 0.07500103 0.14083199 0.93409698
v 0.07298204 0.14004399 0.91613399
v 0.06948304 0.12754399 0.92008202
v 0.07500103 0.14083199 0.93409698
v 0.06948304 0.13672899 0.93779402
v 0.07500103 0.13282698 0.91841297
v 0.06948304 0.12754399 0.92008202
v 0.06948304 0.13672899 0.93779402
v 0.06194502 0.13822998 0.93644099
v 0.06194502 0.12947799 0.91947101
v 0.06194502 0.12947799 0.91947101
v 0.06194502 0.13822998 0.93644099
v 0.05992502 0.14383599 0.93139099
v 0.05992502 0.13669398 0.91719197
v 0.05992502 0.13669398 0.91719197
v 0.05992502 0.14383599 0.93139099
v 0.06544304 0.14793898 0.92769401
v 0.06544304 0.14197698 0.91552298
v 0.07298204 0.14004399 0.91613399
v 0.07298204 0.13701800 0.90236102
v 0.06544304 0.14197698 0.91552298
v 0.06544304 0.13902898 0.90210401
v 0.07500103 0.12951198 0.90332400
v 0.07298204 0.14004399 0.91613399
v 0.07500103 0.13282698 0.91841297
v 0.07298204 0.13701800 0.90236102
v 0.06948304 0.12401699 0.90402900
v 0.07500103 0.13282698 0.91841297
v 0.06948304 0.12754399 0.92008202
v 0.07500103 0.12951198 0.90332400
v 0.06948304 0.12401699 0.90402900
v 0.06948304 0.12754399 0.92008202
v 0.06194502 0.12947799 0.91947101
v 0.06194502 0.12602799 0.90377097
v 0.05992502 0.13669398 0.91719197
v 0.05992502 0.13353498 0.90280800
v 0.06194502 0.12602799 0.90377097
v 0.06194502 0.12947799 0.91947101
v 0.06544304 0.14197698 0.91552298
v 0.06544304 0.13902898 0.90210401
v 0.05992502 0.13353498 0.90280800
v 0.05992502 0.13669398 0.91719197
v 0.07298204 0.13701800 0.90236102
v 0.07298204 0.13644399 0.88759302
v 0.06544304 0.13902898 0.90210401
v 0.06544304 0.13847099 0.88775902
v 0.07298204 0.13644399 0.88759302
v 0.07298204 0.13701800 0.90236102
v 0.07500103 0.12951198 0.90332400
v 0.07500103 0.12887599 0.88697403
v 0.07500103 0.12887599 0.88697403
v 0.07500103 0.12951198 0.90332400
v 0.06948304 0.12401699 0.90402900
v 0.06948304 0.12333499 0.88652097
v 0.06948304 0.12333499 0.88652097
v 0.06948304 0.12401699 0.90402900
v 0.06194502 0.12602799 0.90377097
v 0.06194502 0.12536299 0.88668602
v 0.05992502 0.13353498 0.90280800
v 0.05992502 0.13293099 0.88730602
v 0.06194502 0.12602799 0.90377097
v 0.06194502 0.12536299 0.88668602
v 0.06544304 0.13902898 0.90210401
v 0.06544304 0.13847099 0.88775902
v 0.05992502 0.13353498 0.90280800
v 0.05992502 0.13293099 0.88730602
v 0.06544304 0.13847099 0.88775902
v 0.07298204 0.13644399 0.88759302
v 0.06544304 0.14085498 0.87613897
v 0.07298204 0.13896298 0.87530999
v 0.07500103 0.12887599 0.88697403
v 0.07500103 0.13190299 0.87221699
v 0.07298204 0.13896298 0.87530999
v 0.07298204 0.13644399 0.88759302
v 0.06948304 0.12333499 0.88652097
v 0.06948304 0.12673399 0.86995303
v 0.07500103 0.13190299 0.87221699
v 0.07500103 0.12887599 0.88697403
v 0.06194502 0.12536299 0.88668602
v 0.06194502 0.12862599 0.87078099
v 0.06948304 0.12333499 0.88652097
v 0.06948304 0.12673399 0.86995303
v 0.06194502 0.12536299 0.88668602
v 0.05992502 0.13568600 0.87387400
v 0.06194502 0.12862599 0.87078099
v 0.05992502 0.13293099 0.88730602
v 0.05992502 0.13293099 0.88730602
v 0.06544304 0.14085498 0.87613897
v 0.05992502 0.13568600 0.87387400
v 0.06544304 0.13847099 0.88775902
v 0.06544304 0.14085498 0.87613897
v 0.07298204 0.13896298 0.87530999
v 0.06544304 0.14692898 0.86769198
v 0.07298204 0.14547499 0.86625301
v 0.07298204 0.14547499 0.86625301
v 0.07298204 0.13896298 0.87530999
v 0.07500103 0.14004999 0.86088698
v 0.07500103 0.13190299 0.87221699
v 0.07500103 0.14004999 0.86088698
v 0.07500103 0.13190299 0.87221699
v 0.06948304 0.13607998 0.85695701
v 0.06948304 0.12673399 0.86995303
v 0.06948304 0.12673399 0.86995303
v 0.06194502 0.12862599 0.87078099
v 0.06194502 0.13753299 0.85839598
v 0.06948304 0.13607998 0.85695701
v 0.06194502 0.13753299 0.85839598
v 0.06194502 0.12862599 0.87078099
v 0.05992502 0.13568600 0.87387400
v 0.05992502 0.14295699 0.86376302
v 0.05992502 0.14295699 0.86376302
v 0.05992502 0.13568600 0.87387400
v 0.06544304 0.14085498 0.87613897
v 0.06544304 0.14692898 0.86769198
v 0.07298204 0.15827699 0.85683702
v 0.06544304 0.15942999 0.85849600
v 0.06544304 0.14692898 0.86769198
v 0.07298204 0.14547499 0.86625301
v 0.07298204 0.14547499 0.86625301
v 0.07500103 0.15397500 0.85064398
v 0.07298204 0.15827699 0.85683702
v 0.07500103 0.14004999 0.86088698
v 0.07500103 0.15397500 0.85064398
v 0.07500103 0.14004999 0.86088698
v 0.06948304 0.15082699 0.84610902
v 0.06948304 0.13607998 0.85695701
v 0.06948304 0.15082699 0.84610902
v 0.06948304 0.13607998 0.85695701
v 0.06194502 0.13753299 0.85839598
v 0.06194502 0.15197898 0.84776901
v 0.06194502 0.15197898 0.84776901
v 0.06194502 0.13753299 0.85839598
v 0.05992502 0.14295699 0.86376302
v 0.05992502 0.15627999 0.85396199
v 0.06544304 0.14692898 0.86769198
v 0.06544304 0.15942999 0.85849600
v 0.05992502 0.15627999 0.85396199
v 0.05992502 0.14295699 0.86376302
v 0.06544304 0.26196699 0.79135101
v 0.06544304 0.15942999 0.85849600
v 0.07298204 0.26086099 0.78966098
v 0.07298204 0.15827699 0.85683702
v 0.07298204 0.26086099 0.78966098
v 0.07298204 0.15827699 0.85683702
v 0.07500103 0.25673099 0.78335499
v 0.07500103 0.15397500 0.85064398
v 0.07500103 0.25673099 0.78335499
v 0.07500103 0.15397500 0.85064398
v 0.06948304 0.25370899 0.77873902
v 0.06948304 0.15082699 0.84610902
v 0.06948304 0.25370899 0.77873902
v 0.06948304 0.15082699 0.84610902
v 0.06194502 0.15197898 0.84776901
v 0.06194502 0.25481499 0.78042798
v 0.05992502 0.15627999 0.85396199
v 0.06194502 0.25481499 0.78042798
v 0.06194502 0.15197898 0.84776901
v 0.05992502 0.25894499 0.78673397
v 0.06544304 0.15942999 0.85849600
v 0.05992502 0.25894499 0.78673397
v 0.05992502 0.15627999 0.85396199
v 0.06544304 0.26196699 0.79135101
v 0.07298204 0.15641299 0.93562399
v 0.06544304 0.15749399 0.93390499
v 0.07298204 0.16869299 0.93917202
v 0.06544304 0.16926399 0.93721800
v 0.07500103 0.16656499 0.94646101
v 0.07500103 0.15238099 0.94203501
v 0.07298204 0.15641299 0.93562399
v 0.07298204 0.16869299 0.93917202
v 0.06948304 0.16501099 0.95179098
v 0.06948304 0.14942800 0.94672601
v 0.07500103 0.15238099 0.94203501
v 0.07500103 0.16656499 0.94646101
v 0.06342402 0.16516299 0.95126801
v 0.06194502 0.15050898 0.94500898
v 0.06948304 0.16501099 0.95179098
v 0.06948304 0.14942800 0.94672601
v 0.05992502 0.16656499 0.94646101
v 0.05992502 0.15454198 0.93859999
v 0.06194502 0.15050898 0.94500898
v 0.06342402 0.16516299 0.95126801
v 0.05992502 0.15454198 0.93859999
v 0.05992502 0.16656499 0.94646101
v 0.06046703 0.16827499 0.94060301
v 0.05992502 0.15454198 0.93859999
v 0.06046703 0.16827499 0.94060301
v 0.06544304 0.15749399 0.93390499
v 0.06544304 0.16926399 0.93721800
v 0.07298204 0.14643699 0.92904799
v 0.06544304 0.14793898 0.92769401
v 0.07298204 0.15641299 0.93562399
v 0.06544304 0.15749399 0.93390499
v 0.07298204 0.14643699 0.92904799
v 0.07500103 0.15238099 0.94203501
v 0.07500103 0.14083199 0.93409698
v 0.07298204 0.15641299 0.93562399
v 0.06948304 0.14942800 0.94672601
v 0.07500103 0.14083199 0.93409698
v 0.07500103 0.15238099 0.94203501
v 0.06948304 0.13672899 0.93779402
v 0.06948304 0.14942800 0.94672601
v 0.06194502 0.15050898 0.94500898
v 0.06194502 0.13822998 0.93644099
v 0.06948304 0.13672899 0.93779402
v 0.06194502 0.15050898 0.94500898
v 0.05992502 0.14383599 0.93139099
v 0.06194502 0.13822998 0.93644099
v 0.05992502 0.15454198 0.93859999
v 0.05992502 0.14383599 0.93139099
v 0.05992502 0.15454198 0.93859999
v 0.06544304 0.14793898 0.92769401
v 0.06544304 0.15749399 0.93390499
v 0.06544304 0.26582799 0.94733899
v 0.06544304 0.31889999 0.94419502
v 0.07298204 0.26582799 0.94935899
v 0.07298204 0.31901999 0.94621502
v 0.07500103 0.31947399 0.95375501
v 0.07500103 0.26582799 0.95689701
v 0.07298204 0.26582799 0.94935899
v 0.07298204 0.31901999 0.94621502
v 0.06948304 0.31980499 0.95927398
v 0.06948304 0.26582799 0.96241503
v 0.07500103 0.26582799 0.95689701
v 0.07500103 0.31947399 0.95375501
v 0.06948304 0.26582799 0.96241503
v 0.06948304 0.31980499 0.95927398
v 0.06342402 0.31977299 0.95873301
v 0.06342402 0.26582799 0.96187400
v 0.05992502 0.31947399 0.95375501
v 0.05992502 0.26582799 0.95689701
v 0.06342402 0.31977299 0.95873301
v 0.06342402 0.26582799 0.96187400
v 0.06046703 0.31910899 0.94769399
v 0.06046703 0.26582799 0.95083802
v 0.05992502 0.31947399 0.95375501
v 0.05992502 0.26582799 0.95689701
v 0.06046703 0.26582799 0.95083802
v 0.06544304 0.31889999 0.94419502
v 0.06544304 0.26582799 0.94733899
v 0.06046703 0.31910899 0.94769399
v 0.06544304 0.31889999 0.94419502
v 0.06544304 0.34785099 0.94001900
v 0.07298204 0.31901999 0.94621502
v 0.07298204 0.34825399 0.94199901
v 0.07500103 0.34975999 0.94938903
v 0.07500103 0.31947399 0.95375501
v 0.07298204 0.31901999 0.94621502
v 0.07298204 0.34825399 0.94199901
v 0.06948304 0.35086199 0.95479899
v 0.06948304 0.31980499 0.95927398
v 0.07500103 0.31947399 0.95375501
v 0.07500103 0.34975999 0.94938903
v 0.06948304 0.31980499 0.95927398
v 0.06948304 0.35086199 0.95479899
v 0.06342402 0.35075399 0.95426803
v 0.06342402 0.31977299 0.95873301
v 0.05992502 0.34975999 0.94938903
v 0.05992502 0.31947399 0.95375501
v 0.06342402 0.35075399 0.95426803
v 0.06342402 0.31977299 0.95873301
v 0.06046703 0.34854998 0.94344800
v 0.06046703 0.31910899 0.94769399
v 0.05992502 0.34975999 0.94938903
v 0.05992502 0.31947399 0.95375501
v 0.06046703 0.31910899 0.94769399
v 0.06544304 0.34785099 0.94001900
v 0.06544304 0.31889999 0.94419502
v 0.06046703 0.34854998 0.94344800
v 0.06544304 0.34785099 0.94001900
v 0.06544304 0.36239099 0.93721800
v 0.07298204 0.34825399 0.94199901
v 0.07298204 0.36296299 0.93917202
v 0.07500103 0.36509099 0.94646101
v 0.07500103 0.34975999 0.94938903
v 0.07298204 0.36296299 0.93917202
v 0.07298204 0.34825399 0.94199901
v 0.06948304 0.36664499 0.95179098
v 0.06948304 0.35086199 0.95479899
v 0.07500103 0.36509099 0.94646101
v 0.07500103 0.34975999 0.94938903
v 0.06948304 0.35086199 0.95479899
v 0.06948304 0.36664499 0.95179098
v 0.06342402 0.36649299 0.95126801
v 0.06342402 0.35075399 0.95426803
v 0.06342402 0.35075399 0.95426803
v 0.06342402 0.36649299 0.95126801
v 0.05992502 0.36509099 0.94646101
v 0.05992502 0.34975999 0.94938903
v 0.05992502 0.34975999 0.94938903
v 0.05992502 0.36509099 0.94646101
v 0.06046703 0.36338099 0.94060301
v 0.06046703 0.34854998 0.94344800
v 0.06046703 0.34854998 0.94344800
v 0.06544304 0.36239099 0.93721800
v 0.06544304 0.34785099 0.94001900
v 0.06046703 0.36338099 0.94060301
v 0.06544304 0.38371799 0.92769401
v 0.07298204 0.39161199 0.91613399
v 0.07298204 0.38521899 0.92904799
v 0.06544304 0.38967898 0.91552298
v 0.07298204 0.38521899 0.92904799
v 0.07298204 0.39161199 0.91613399
v 0.07500103 0.39882999 0.91841297
v 0.07500103 0.39082399 0.93409698
v 0.07500103 0.39082399 0.93409698
v 0.07500103 0.39882999 0.91841297
v 0.06948304 0.40411299 0.92008202
v 0.06948304 0.39492699 0.93779402
v 0.06948304 0.39492699 0.93779402
v 0.06948304 0.40411299 0.92008202
v 0.06342402 0.39452499 0.93743103
v 0.06342402 0.40359399 0.91991900
v 0.06342402 0.39452499 0.93743103
v 0.06342402 0.40359399 0.91991900
v 0.05992502 0.39082399 0.93409698
v 0.05992502 0.39882999 0.91841297
v 0.05992502 0.39882999 0.91841297
v 0.06046703 0.38631799 0.93003802
v 0.05992502 0.39082399 0.93409698
v 0.06046703 0.39302799 0.91658102
v 0.06046703 0.38631799 0.93003802
v 0.06046703 0.39302799 0.91658102
v 0.06544304 0.38371799 0.92769401
v 0.06544304 0.38967898 0.91552298
v 0.06544304 0.38967898 0.91552298
v 0.07298204 0.39463699 0.90236102
v 0.07298204 0.39161199 0.91613399
v 0.06544304 0.39262599 0.90210401
v 0.07500103 0.40214399 0.90332400
v 0.07298204 0.39161199 0.91613399
v 0.07298204 0.39463699 0.90236102
v 0.07500103 0.39882999 0.91841297
v 0.06948304 0.40763898 0.90402900
v 0.07500103 0.39882999 0.91841297
v 0.07500103 0.40214399 0.90332400
v 0.06948304 0.40411299 0.92008202
v 0.06948304 0.40411299 0.92008202
v 0.06948304 0.40763898 0.90402900
v 0.06342402 0.40359399 0.91991900
v 0.06342402 0.40709999 0.90395998
v 0.06342402 0.40359399 0.91991900
v 0.06342402 0.40709999 0.90395998
v 0.05992502 0.39882999 0.91841297
v 0.05992502 0.40214399 0.90332400
v 0.05992502 0.39882999 0.91841297
v 0.05992502 0.40214399 0.90332400
v 0.06046703 0.39302799 0.91658102
v 0.06046703 0.39610999 0.90254997
v 0.06046703 0.39302799 0.91658102
v 0.06046703 0.39610999 0.90254997
v 0.06544304 0.38967898 0.91552298
v 0.06544304 0.39262599 0.90210401
v 0.06544304 0.39262599 0.90210401
v 0.07298204 0.39521199 0.88759302
v 0.07298204 0.39463699 0.90236102
v 0.06544304 0.39318399 0.88775902
v 0.07298204 0.39521199 0.88759302
v 0.07500103 0.40214399 0.90332400
v 0.07298204 0.39463699 0.90236102
v 0.07500103 0.40278099 0.88697403
v 0.07500103 0.40278099 0.88697403
v 0.06948304 0.40763898 0.90402900
v 0.07500103 0.40214399 0.90332400
v 0.06948304 0.40831999 0.88652097
v 0.06948304 0.40763898 0.90402900
v 0.06948304 0.40831999 0.88652097
v 0.06342402 0.40709999 0.90395998
v 0.06342402 0.40777698 0.88656502
v 0.06342402 0.40709999 0.90395998
v 0.05992502 0.40278099 0.88697403
v 0.05992502 0.40214399 0.90332400
v 0.06342402 0.40777698 0.88656502
v 0.05992502 0.40214399 0.90332400
v 0.06046703 0.39669698 0.88747202
v 0.06046703 0.39610999 0.90254997
v 0.05992502 0.40278099 0.88697403
v 0.06544304 0.39262599 0.90210401
v 0.06046703 0.39669698 0.88747202
v 0.06544304 0.39318399 0.88775902
v 0.06046703 0.39610999 0.90254997
v 0.06544304 0.39318399 0.88775902
v 0.06544304 0.39080099 0.87613897
v 0.07298204 0.39521199 0.88759302
v 0.07298204 0.39269299 0.87530999
v 0.07298204 0.39521199 0.88759302
v 0.07298204 0.39269299 0.87530999
v 0.07500103 0.40278099 0.88697403
v 0.07500103 0.39975299 0.87221699
v 0.07500103 0.40278099 0.88697403
v 0.07500103 0.39975299 0.87221699
v 0.06948304 0.40831999 0.88652097
v 0.06948304 0.40492199 0.86995303
v 0.06948304 0.40831999 0.88652097
v 0.06342402 0.40441499 0.87017499
v 0.06342402 0.40777698 0.88656502
v 0.06948304 0.40492199 0.86995303
v 0.06342402 0.40777698 0.88656502
v 0.06342402 0.40441499 0.87017499
v 0.05992502 0.39975299 0.87221699
v 0.05992502 0.40278099 0.88697403
v 0.05992502 0.40278099 0.88697403
v 0.05992502 0.39975299 0.87221699
v 0.06046703 0.39407799 0.87470298
v 0.06046703 0.39669698 0.88747202
v 0.06046703 0.39669698 0.88747202
v 0.06544304 0.39080099 0.87613897
v 0.06544304 0.39318399 0.88775902
v 0.06046703 0.39407799 0.87470298
v 0.06544304 0.39080099 0.87613897
v 0.06544304 0.38472599 0.86769198
v 0.07298204 0.39269299 0.87530999
v 0.07298204 0.38618099 0.86625301
v 0.07500103 0.39160499 0.86088698
v 0.07500103 0.39975299 0.87221699
v 0.07298204 0.39269299 0.87530999
v 0.07298204 0.38618099 0.86625301
v 0.06948304 0.39557699 0.85695701
v 0.06948304 0.40492199 0.86995303
v 0.07500103 0.39975299 0.87221699
v 0.07500103 0.39160499 0.86088698
v 0.06948304 0.40492199 0.86995303
v 0.06342402 0.39518699 0.85734301
v 0.06342402 0.40441499 0.87017499
v 0.06948304 0.39557699 0.85695701
v 0.05992502 0.39160499 0.86088698
v 0.05992502 0.39975299 0.87221699
v 0.06342402 0.39518699 0.85734301
v 0.06342402 0.40441499 0.87017499
v 0.06046703 0.38724498 0.86520099
v 0.06046703 0.39407799 0.87470298
v 0.05992502 0.39160499 0.86088698
v 0.05992502 0.39975299 0.87221699
v 0.06046703 0.39407799 0.87470298
v 0.06544304 0.38472599 0.86769198
v 0.06544304 0.39080099 0.87613897
v 0.06046703 0.38724498 0.86520099
v 0.06544304 0.38472599 0.86769198
v 0.07298204 0.37337898 0.85683702
v 0.07298204 0.38618099 0.86625301
v 0.06544304 0.37222699 0.85849600
v 0.07298204 0.38618099 0.86625301
v 0.07500103 0.37767999 0.85064398
v 0.07500103 0.39160499 0.86088698
v 0.07298204 0.37337898 0.85683702
v 0.07500103 0.39160499 0.86088698
v 0.06948304 0.38082899 0.84610902
v 0.06948304 0.39557699 0.85695701
v 0.07500103 0.37767999 0.85064398
v 0.06342402 0.38051999 0.84655397
v 0.06342402 0.39518699 0.85734301
v 0.06948304 0.38082899 0.84610902
v 0.06948304 0.39557699 0.85695701
v 0.05992502 0.37767999 0.85064398
v 0.05992502 0.39160499 0.86088698
v 0.06342402 0.38051999 0.84655397
v 0.06342402 0.39518699 0.85734301
v 0.06046703 0.37422299 0.85562198
v 0.06046703 0.38724498 0.86520099
v 0.05992502 0.37767999 0.85064398
v 0.05992502 0.39160499 0.86088698
v 0.06046703 0.38724498 0.86520099
v 0.06046703 0.37422299 0.85562198
v 0.06544304 0.38472599 0.86769198
v 0.06544304 0.37222699 0.85849600
v 0.06544304 0.37222699 0.85849600
v 0.07298204 0.27079499 0.78966098
v 0.07298204 0.37337898 0.85683702
v 0.06544304 0.26968799 0.79135101
v 0.07298204 0.37337898 0.85683702
v 0.07500103 0.27492399 0.78335499
v 0.07500103 0.37767999 0.85064398
v 0.07298204 0.27079499 0.78966098
v 0.07500103 0.37767999 0.85064398
v 0.06948304 0.27794699 0.77873902
v 0.06948304 0.38082899 0.84610902
v 0.07500103 0.27492399 0.78335499
v 0.06342402 0.27765099 0.77919101
v 0.06342402 0.38051999 0.84655397
v 0.06948304 0.27794699 0.77873902
v 0.06948304 0.38082899 0.84610902
v 0.06046703 0.27603099 0.78166502
v 0.05992502 0.37767999 0.85064398
v 0.06342402 0.27765099 0.77919101
v 0.06342402 0.38051999 0.84655397
v 0.05938402 0.27381799 0.78504400
v 0.05992502 0.37767999 0.85064398
v 0.06046703 0.27603099 0.78166502
v 0.06046703 0.37422299 0.85562198
v 0.05938402 0.27381799 0.78504400
v 0.06046703 0.27160499 0.78842400
v 0.06046703 0.37422299 0.85562198
v 0.06046703 0.27160499 0.78842400
v 0.06544304 0.37222699 0.85849600
v 0.06544304 0.26968799 0.79135101
v 0.06544304 0.36239099 0.93721800
v 0.06544304 0.37416199 0.93390499
v 0.07298204 0.36296299 0.93917202
v 0.07298204 0.37524299 0.93562399
v 0.07500103 0.37927499 0.94203501
v 0.07500103 0.36509099 0.94646101
v 0.07298204 0.37524299 0.93562399
v 0.07298204 0.36296299 0.93917202
v 0.06948304 0.38222699 0.94672601
v 0.06948304 0.36664499 0.95179098
v 0.07500103 0.37927499 0.94203501
v 0.07500103 0.36509099 0.94646101
v 0.06948304 0.36664499 0.95179098
v 0.06948304 0.38222699 0.94672601
v 0.06342402 0.38193799 0.94626598
v 0.06342402 0.36649299 0.95126801
v 0.06342402 0.36649299 0.95126801
v 0.06342402 0.38193799 0.94626598
v 0.05992502 0.37927499 0.94203501
v 0.05992502 0.36509099 0.94646101
v 0.05992502 0.36509099 0.94646101
v 0.05992502 0.37927499 0.94203501
v 0.06046703 0.37603399 0.93688201
v 0.06046703 0.36338099 0.94060301
v 0.06046703 0.36338099 0.94060301
v 0.06544304 0.37416199 0.93390499
v 0.06544304 0.36239099 0.93721800
v 0.06046703 0.37603399 0.93688201
v 0.07298204 0.37524299 0.93562399
v 0.06544304 0.37416199 0.93390499
v 0.06544304 0.38371799 0.92769401
v 0.07298204 0.38521899 0.92904799
v 0.07298204 0.38521899 0.92904799
v 0.07500103 0.39082399 0.93409698
v 0.07500103 0.37927499 0.94203501
v 0.07298204 0.37524299 0.93562399
v 0.06948304 0.39492699 0.93779402
v 0.06948304 0.38222699 0.94672601
v 0.07500103 0.39082399 0.93409698
v 0.07500103 0.37927499 0.94203501
v 0.06948304 0.38222699 0.94672601
v 0.06948304 0.39492699 0.93779402
v 0.06342402 0.39452499 0.93743103
v 0.06342402 0.38193799 0.94626598
v 0.06342402 0.38193799 0.94626598
v 0.05992502 0.39082399 0.93409698
v 0.05992502 0.37927499 0.94203501
v 0.06342402 0.39452499 0.93743103
v 0.05992502 0.37927499 0.94203501
v 0.06046703 0.38631799 0.93003802
v 0.06046703 0.37603399 0.93688201
v 0.05992502 0.39082399 0.93409698
v 0.06544304 0.37416199 0.93390499
v 0.06046703 0.37603399 0.93688201
v 0.06544304 0.38371799 0.92769401
v 0.06046703 0.38631799 0.93003802
v 0.04964203 0.23069799 0.46702399
v 0.05478203 0.23069799 0.52089201
v 0.09936303 0.23069799 0.49582599
v 0.09752202 0.23069799 0.52089201
v 0.05478203 0.22395899 0.52089201
v 0.09936303 0.22395899 0.49582599
v 0.09752202 0.22395899 0.52089201
v 0.04964203 0.22395899 0.46702399
v 0.08066604 0.22395899 0.44299199
v 0.10924703 0.22395899 0.44301100
v 0.10924703 0.23069799 0.44301100
v 0.11534503 0.22395899 0.44534301
v 0.11534503 0.23069799 0.44534301
v 0.09936303 0.23069799 0.49582599
v 0.09752202 0.23069799 0.52089201
v 0.09752202 0.22395899 0.52089201
v 0.09936303 0.22395899 0.49582599
v 0.09752202 0.23069799 0.52089201
v 0.05478203 0.23069799 0.52089201
v 0.05478203 0.22395899 0.52089201
v 0.09752202 0.22395899 0.52089201
v 0.05478203 0.23069799 0.52089201
v 0.04964203 0.23069799 0.46702399
v 0.05478203 0.22395899 0.52089201
v 0.04964203 0.22395899 0.46702399
v 0.10924703 0.23069799 0.44301100
v 0.08066604 0.23069799 0.44299199
v 0.12858102 0.23069799 0.47218199
v 0.09936303 0.23069799 0.49582599
v 0.12858102 0.22395899 0.47218199
v 0.12858102 0.23069799 0.47218199
v 0.09936303 0.22395899 0.49582599
v 0.10924703 0.22395899 0.44301100
v 0.12858102 0.22395899 0.47218199
v 0.04964203 0.22395899 0.46702399
v 0.08066604 0.23069799 0.44299199
v 0.08066604 0.22395899 0.44299199
v 0.04964203 0.23069799 0.46702399
v 0.11534503 0.23069799 0.44534301
v 0.12858102 0.22395899 0.47218199
v 0.11534503 0.22395899 0.44534301
v 0.12858102 0.23069799 0.47218199
v 0.11534503 0.23069799 0.44534301
v 0.11534503 0.22395899 0.44534301
v 0.10924703 0.22395899 0.44301100
v 0.08066604 0.22395899 0.44299199
v 0.08066604 0.23069799 0.44299199
v 0.10924703 0.23069799 0.44301100
v 0.05478203 0.30095799 0.52089201
v 0.09936303 0.30095799 0.49582599
v 0.09752202 0.30095799 0.52089201
v 0.04964203 0.30095799 0.46702399
v 0.08066604 0.30095799 0.44299199
v 0.04964203 0.30769699 0.46702399
v 0.05478203 0.30769699 0.52089201
v 0.09936303 0.30769699 0.49582599
v 0.09752202 0.30769699 0.52089201
v 0.11534503 0.30095799 0.44534301
v 0.10924703 0.30095799 0.44301100
v 0.11534503 0.30769699 0.44534301
v 0.10924703 0.30769699 0.44301100
v 0.09752202 0.30095799 0.52089201
v 0.09936303 0.30095799 0.49582599
v 0.09752202 0.30769699 0.52089201
v 0.09936303 0.30769699 0.49582599
v 0.05478203 0.30095799 0.52089201
v 0.09752202 0.30095799 0.52089201
v 0.05478203 0.30769699 0.52089201
v 0.09752202 0.30769699 0.52089201
v 0.04964203 0.30095799 0.46702399
v 0.05478203 0.30095799 0.52089201
v 0.05478203 0.30769699 0.52089201
v 0.04964203 0.30769699 0.46702399
v 0.10924703 0.30095799 0.44301100
v 0.12858102 0.30095799 0.47218199
v 0.12858102 0.30769699 0.47218199
v 0.09936303 0.30769699 0.49582599
v 0.09936303 0.30095799 0.49582599
v 0.12858102 0.30095799 0.47218199
v 0.08066604 0.30769699 0.44299199
v 0.10924703 0.30769699 0.44301100
v 0.12858102 0.30769699 0.47218199
v 0.04964203 0.30769699 0.46702399
v 0.08066604 0.30769699 0.44299199
v 0.04964203 0.30095799 0.46702399
v 0.08066604 0.30095799 0.44299199
v 0.11534503 0.30095799 0.44534301
v 0.12858102 0.30095799 0.47218199
v 0.11534503 0.30769699 0.44534301
v 0.12858102 0.30769699 0.47218199
v 0.11534503 0.30095799 0.44534301
v 0.11534503 0.30769699 0.44534301
v 0.08066604 0.30769699 0.44299199
v 0.10924703 0.30769699 0.44301100
v 0.08066604 0.30095799 0.44299199
v 0.10924703 0.30095799 0.44301100
v 0.20783004 0.21835899 0.30236899
v 0.04322404 0.21835899 0.30236899
v 0.04322404 0.30632599 0.30236899
v 0.20783004 0.30632599 0.30236899
v 0.04322404 0.21835899 0.32811399
v 0.20783004 0.21835899 0.32811399
v 0.04322404 0.30632599 0.32811399
v 0.20783004 0.30632599 0.32811399
v 0.20783004 0.30632599 0.32811399
v 0.20783004 0.21835899 0.32811399
v 0.20783004 0.21835899 0.30236899
v 0.20783004 0.30632599 0.30236899
v 0.04322404 0.30632599 0.32811399
v 0.20783004 0.30632599 0.32811399
v 0.20783004 0.30632599 0.30236899
v 0.04322404 0.30632599 0.30236899
v 0.04322404 0.21835899 0.32811399
v 0.04322404 0.30632599 0.32811399
v 0.04322404 0.30632599 0.30236899
v 0.04322404 0.21835899 0.30236899
v 0.04322404 0.21835899 0.30236899
v 0.20783004 0.21835899 0.32811399
v 0.04322404 0.21835899 0.32811399
v 0.20783004 0.21835899 0.30236899
v 0.05565703 0.22694799 0.49715297
v 0.05565703 0.30162299 0.49715297
v 0.09658802 0.22694799 0.49715297
v 0.09658802 0.30162299 0.49715297
v 0.09658802 0.22694799 0.50652300
v 0.09658802 0.30162299 0.50652300
v 0.05565703 0.30162299 0.50652300
v 0.05565703 0.22694799 0.50652300
v 0.09658802 0.30162299 0.50652300
v 0.09658802 0.22694799 0.50652300
v 0.09658802 0.22694799 0.49715297
v 0.09658802 0.30162299 0.49715297
v 0.05565703 0.22694799 0.50652300
v 0.05565703 0.30162299 0.50652300
v 0.05565703 0.30162299 0.49715297
v 0.05565703 0.22694799 0.49715297
v 0.05565703 0.22694799 0.47805600
v 0.05565703 0.30179399 0.47805600
v 0.09658802 0.22694799 0.47805600
v 0.09658802 0.30179399 0.47805600
v 0.09658802 0.22694799 0.48742600
v 0.09658802 0.30179399 0.48742600
v 0.05565703 0.30179399 0.48742600
v 0.05565703 0.22694799 0.48742600
v 0.09658802 0.22694799 0.47805600
v 0.09658802 0.30179399 0.48742600
v 0.09658802 0.22694799 0.48742600
v 0.09658802 0.30179399 0.47805600
v 0.05565703 0.30179399 0.47805600
v 0.05565703 0.22694799 0.48742600
v 0.05565703 0.30179399 0.48742600
v 0.05565703 0.22694799 0.47805600
v 0.07329902 0.28050799 0.48464300
v 0.07329902 0.28050799 0.32224800
v 0.06250304 0.27427499 0.48464300
v 0.06250304 0.27427499 0.32224800
v 0.06250304 0.27427499 0.48464300
v 0.06250304 0.27427499 0.32224800
v 0.05824003 0.26256099 0.48464300
v 0.05824003 0.26256099 0.32224800
v 0.05824003 0.26256099 0.48464300
v 0.05824003 0.26256099 0.32224800
v 0.06250304 0.25084599 0.48464300
v 0.06250304 0.25084599 0.32224800
v 0.06250304 0.25084599 0.48464300
v 0.06250304 0.25084599 0.32224800
v 0.07329902 0.24461299 0.48464300
v 0.07329902 0.24461299 0.32224800
v 0.07329902 0.24461299 0.48464300
v 0.07329902 0.24461299 0.32224800
v 0.08557603 0.24677799 0.48464300
v 0.08557603 0.24677799 0.32224800
v 0.08557603 0.24677799 0.48464300
v 0.08557603 0.24677799 0.32224800
v 0.09358904 0.25632799 0.48464300
v 0.09358904 0.25632799 0.32224800
v 0.09358904 0.25632799 0.48464300
v 0.09358904 0.25632799 0.32224800
v 0.09358904 0.26879399 0.48464300
v 0.09358904 0.26879399 0.32224800
v 0.09358904 0.26879399 0.48464300
v 0.09358904 0.26879399 0.32224800
v 0.08557603 0.27834299 0.48464300
v 0.08557603 0.27834299 0.32224800
v 0.08557603 0.27834299 0.48464300
v 0.08557603 0.27834299 0.32224800
v 0.07329902 0.28050799 0.48464300
v 0.07329902 0.28050799 0.32224800
v 0.11073202 0.20459599 0.09771600
v 0.11073202 0.32052499 0.09771600
v 0.12267804 0.20459599 0.09982300
v 0.12267804 0.32052499 0.09982300
v 0.12267804 0.20459599 0.09982300
v 0.13047603 0.32052499 0.10911600
v 0.13047603 0.20459599 0.10911600
v 0.12267804 0.32052499 0.09982300
v 0.13047603 0.32052499 0.12124700
v 0.13047603 0.20459599 0.12124700
v 0.13047603 0.20459599 0.10911600
v 0.13047603 0.32052499 0.10911600
v 0.12267804 0.32052499 0.13054000
v 0.12267804 0.20459599 0.13054000
v 0.13047603 0.20459599 0.12124700
v 0.13047603 0.32052499 0.12124700
v 0.11073202 0.32052499 0.13264600
v 0.11073202 0.20459599 0.13264700
v 0.12267804 0.32052499 0.13054000
v 0.12267804 0.20459599 0.13054000
v 0.11073202 0.20459599 0.13264700
v 0.11073202 0.32052499 0.13264600
v 0.10022601 0.32052499 0.12658100
v 0.10022601 0.20459599 0.12658100
v 0.10022601 0.32052499 0.12658100
v 0.09607702 0.20459599 0.11518100
v 0.10022601 0.20459599 0.12658100
v 0.09607702 0.32052499 0.11518100
v 0.09607702 0.32052499 0.11518100
v 0.10022601 0.20459599 0.10378200
v 0.09607702 0.20459599 0.11518100
v 0.10022601 0.32052499 0.10378200
v 0.10022601 0.20459599 0.10378200
v 0.10022601 0.32052499 0.10378200
v 0.11073202 0.20459599 0.09771600
v 0.11073202 0.32052499 0.09771600
v 0.11502102 0.26749999 0.10346300
v 0.17235303 0.26749999 0.10346300
v 0.11502102 0.25965199 0.10484700
v 0.17235303 0.25965199 0.10484700
v 0.11502102 0.25965199 0.10484700
v 0.17235303 0.25965199 0.10484700
v 0.11502102 0.25453099 0.11095100
v 0.17235303 0.25453099 0.11095100
v 0.11502102 0.25453099 0.11095100
v 0.17235303 0.25453099 0.11095100
v 0.11502102 0.25453099 0.11891900
v 0.17235303 0.25453099 0.11891900
v 0.11502102 0.25453099 0.11891900
v 0.17235303 0.25453099 0.11891900
v 0.11502102 0.25965199 0.12502300
v 0.17235303 0.25965199 0.12502300
v 0.11502102 0.25965199 0.12502300
v 0.17235303 0.26749999 0.12640700
v 0.11502102 0.26749999 0.12640700
v 0.17235303 0.25965199 0.12502300
v 0.17235303 0.27439999 0.12242300
v 0.11502102 0.27439999 0.12242300
v 0.11502102 0.26749999 0.12640700
v 0.17235303 0.26749999 0.12640700
v 0.17235303 0.27439999 0.12242300
v 0.11502102 0.27712499 0.11493500
v 0.11502102 0.27439999 0.12242300
v 0.17235303 0.27712499 0.11493500
v 0.11502102 0.27712499 0.11493500
v 0.17235303 0.27712499 0.11493500
v 0.17235303 0.27439999 0.10744700
v 0.11502102 0.27439999 0.10744700
v 0.11502102 0.27439999 0.10744700
v 0.17235303 0.27439999 0.10744700
v 0.11502102 0.26749999 0.10346300
v 0.17235303 0.26749999 0.10346300
v 0.06654704 0.18708299 0.89250403
v 0.06692204 0.16894599 0.88472800
v 0.06926003 0.18708299 0.89250403
v 0.06888503 0.16894599 0.88472800
v 0.06530902 0.24762999 0.90121101
v 0.06964403 0.20532998 0.89687901
v 0.07049903 0.24762999 0.90121101
v 0.06616303 0.20532998 0.89687901
v 0.06616303 0.20532998 0.89687901
v 0.06926003 0.18708299 0.89250403
v 0.06964403 0.20532998 0.89687901
v 0.06654704 0.18708299 0.89250403
v 0.06929204 0.16717399 0.88930600
v 0.06982103 0.18533299 0.89812898
v 0.06926003 0.18533299 0.89812898
v 0.06888503 0.16717399 0.88930600
v 0.06598604 0.18533299 0.89812898
v 0.06651604 0.16717399 0.88930600
v 0.06654704 0.18533299 0.89812898
v 0.06692204 0.16717399 0.88930600
v 0.06423503 0.24755299 0.91334097
v 0.06544304 0.20395399 0.90399902
v 0.06530902 0.24755299 0.91334097
v 0.06616303 0.20395399 0.90399902
v 0.07036403 0.20395399 0.90399902
v 0.07157204 0.24755299 0.91334097
v 0.07049903 0.24755299 0.91334097
v 0.06964403 0.20395399 0.90399902
v 0.06544304 0.20395399 0.90399902
v 0.06598604 0.18533299 0.89812898
v 0.06616303 0.20395399 0.90399902
v 0.06654704 0.18533299 0.89812898
v 0.06982103 0.18533299 0.89812898
v 0.07036403 0.20395399 0.90399902
v 0.06964403 0.20395399 0.90399902
v 0.06926003 0.18533299 0.89812898
v 0.06929204 0.16926699 0.88387601
v 0.06982103 0.18708299 0.89088397
v 0.06929204 0.16717399 0.88930600
v 0.06982103 0.18533299 0.89812898
v 0.07036403 0.20532998 0.89526002
v 0.06982103 0.18533299 0.89812898
v 0.07036403 0.20395399 0.90399902
v 0.07157204 0.24762999 0.89959197
v 0.07157204 0.24755299 0.91334097
v 0.07049903 0.24762999 0.90121101
v 0.07049903 0.24755299 0.91334097
v 0.07157204 0.24755299 0.91334097
v 0.07157204 0.24762999 0.89959197
v 0.06964403 0.20395399 0.90399902
v 0.07049903 0.24755299 0.91334097
v 0.07049903 0.24762999 0.90121101
v 0.06964403 0.20532998 0.89687901
v 0.06926003 0.18533299 0.89812898
v 0.06926003 0.18708299 0.89250403
v 0.06888503 0.16717399 0.88930600
v 0.06926003 0.18533299 0.89812898
v 0.06888503 0.16894599 0.88472800
v 0.06692204 0.16894599 0.88472800
v 0.06654704 0.18708299 0.89250403
v 0.06692204 0.16717399 0.88930600
v 0.06654704 0.18533299 0.89812898
v 0.06616303 0.20532998 0.89687901
v 0.06654704 0.18533299 0.89812898
v 0.06616303 0.20395399 0.90399902
v 0.06530902 0.24762999 0.90121101
v 0.06530902 0.24755299 0.91334097
v 0.06530902 0.24755299 0.91334097
v 0.06530902 0.24762999 0.90121101
v 0.06423503 0.24755299 0.91334097
v 0.06423503 0.24762999 0.89959197
v 0.06544304 0.20395399 0.90399902
v 0.06423503 0.24755299 0.91334097
v 0.06423503 0.24762999 0.89959197
v 0.06544304 0.20532998 0.89526002
v 0.06598604 0.18533299 0.89812898
v 0.06598604 0.18708299 0.89088397
v 0.06651604 0.16717399 0.88930600
v 0.06598604 0.18533299 0.89812898
v 0.06651604 0.16926699 0.88387601
v 0.06651604 0.16926699 0.88387601
v 0.06982103 0.18708299 0.89088397
v 0.06929204 0.16926699 0.88387601
v 0.06598604 0.18708299 0.89088397
v 0.06598604 0.18708299 0.89088397
v 0.06544304 0.20532998 0.89526002
v 0.06982103 0.18708299 0.89088397
v 0.07036403 0.20532998 0.89526002
v 0.06544304 0.20532998 0.89526002
v 0.06423503 0.24762999 0.89959197
v 0.07036403 0.20532998 0.89526002
v 0.07157204 0.24762999 0.89959197
v 0.07157204 0.24762999 0.89959197
v 0.06530902 0.24762999 0.90121101
v 0.07049903 0.24762999 0.90121101
v 0.06423503 0.24762999 0.89959197
v 0.06651604 0.16926699 0.88387601
v 0.06888503 0.16894599 0.88472800
v 0.06692204 0.16894599 0.88472800
v 0.06929204 0.16926699 0.88387601
v 0.06651604 0.16717399 0.88930600
v 0.06692204 0.16894599 0.88472800
v 0.06692204 0.16717399 0.88930600
v 0.06651604 0.16926699 0.88387601
v 0.06888503 0.16717399 0.88930600
v 0.06888503 0.16894599 0.88472800
v 0.06929204 0.16717399 0.88930600
v 0.06929204 0.16926699 0.88387601
vt 0.40274343 0.32081140
vt 0.39071270 0.32397680
vt 0.40061852 0.32385143
vt 0.38845440 0.32086833
vt 0.27246154 0.49969453
vt 0.28231715 0.49969253
vt 0.28231640 0.48841756
vt 0.27246079 0.48841956
vt 0.26210916 0.32907981
vt 0.25593344 0.32903885
vt 0.26209867 0.33459742
vt 0.25592295 0.33455645
vt 0.28108810 0.32905984
vt 0.27491264 0.32904435
vt 0.27490889 0.33432818
vt 0.28108436 0.33434318
vt 0.38727556 0.31501256
vt 0.40393202 0.31479328
vt 0.30362158 0.32233439
vt 0.31566131 0.32538793
vt 0.31791161 0.32225847
vt 0.30575474 0.32535495
vt 0.26212090 0.32269307
vt 0.25594543 0.32265261
vt 0.26210916 0.32907981
vt 0.25593344 0.32903885
vt 0.28109260 0.32251223
vt 0.27491714 0.32249675
vt 0.27491264 0.32904435
vt 0.28108810 0.32905984
vt 0.31907497 0.31639121
vt 0.30241675 0.31632678
vt 0.40599650 0.30250680
vt 0.38500627 0.30235993
vt 0.26212090 0.32269307
vt 0.26214637 0.30908635
vt 0.25597116 0.30904589
vt 0.25594543 0.32265261
vt 0.27492638 0.30936658
vt 0.28109260 0.32251223
vt 0.28110159 0.30938155
vt 0.39551750 0.27764161
vt 0.38140555 0.28228105
vt 0.32131078 0.30371660
vt 0.30031955 0.30405876
vt 0.26218658 0.28749395
vt 0.25165113 0.28742553
vt 0.27494111 0.28826871
vt 0.28547656 0.28829420
vt 0.39096195 0.27467950
vt 0.39016847 0.27213398
vt 0.39284885 0.27670452
vt 0.32485132 0.28206576
vt 0.31072713 0.27754618
vt 0.32131078 0.30371660
vt 0.26231471 0.21831659
vt 0.25165113 0.28742553
vt 0.26218658 0.28749395
vt 0.25177950 0.21824816
vt 0.27498956 0.21866525
vt 0.28567612 0.00125227
vt 0.27514092 0.00122680
vt 0.28552502 0.21869121
vt 0.48005811 0.29514748
vt 0.48005436 0.24604648
vt 0.46954039 0.24604898
vt 0.46954413 0.29515049
vt 0.46740197 0.21182143
vt 0.46740049 0.19219512
vt 0.46464567 0.21182194
vt 0.46464417 0.19219612
vt 0.46411320 0.18231878
vt 0.47435393 0.18231927
vt 0.46411320 0.17728420
vt 0.47435393 0.17728469
vt 0.46961008 0.21182043
vt 0.46960857 0.19219463
vt 0.46740197 0.21182143
vt 0.46740049 0.19219512
vt 0.46411320 0.17728420
vt 0.47435393 0.17728469
vt 0.46411320 0.17325164
vt 0.47435393 0.17325164
vt 0.49258660 0.19218763
vt 0.47120900 0.21182043
vt 0.49258836 0.21181394
vt 0.47120751 0.19219412
vt 0.49639539 0.21181244
vt 0.49639388 0.19218663
vt 0.49418730 0.21181344
vt 0.49418580 0.19218712
vt 0.46411320 0.12836202
vt 0.47435393 0.12836202
vt 0.46411320 0.12432896
vt 0.47435393 0.12432896
vt 0.49915194 0.21181195
vt 0.49915020 0.19218613
vt 0.49639539 0.21181244
vt 0.49639388 0.19218663
vt 0.46411320 0.12432896
vt 0.47435393 0.12432896
vt 0.46411320 0.11929488
vt 0.47435393 0.11929488
vt 0.40896760 0.21449682
vt 0.40788466 0.00122680
vt 0.38209063 0.00156197
vt 0.38157138 0.21442888
vt 0.26271432 0.00129473
vt 0.25217911 0.00122680
vt 0.28547656 0.28829420
vt 0.27494111 0.28826871
vt 0.29768763 0.00122680
vt 0.29712293 0.21451281
vt 0.32348316 0.00134268
vt 0.32451990 0.21421210
vt 0.39004035 0.23273200
vt 0.39817990 0.27664408
vt 0.40931352 0.28276558
vt 0.40005357 0.27457660
vt 0.39535341 0.22710350
vt 0.39269101 0.22810103
vt 0.39802229 0.22804008
vt 0.40070269 0.23261061
vt 0.40083056 0.27201310
vt 0.39990920 0.23006510
vt 0.46411320 0.17033099
vt 0.47435393 0.13128266
vt 0.46411320 0.13128266
vt 0.47435393 0.17033099
vt 0.31343299 0.22797964
vt 0.31531165 0.23003113
vt 0.31076784 0.22700460
vt 0.30810145 0.22796416
vt 0.30621954 0.23000467
vt 0.32485132 0.28206576
vt 0.31609513 0.23258813
vt 0.31606342 0.27199312
vt 0.31339378 0.27658662
vt 0.31527568 0.27454561
vt 0.29694286 0.28278856
vt 0.30618332 0.27452015
vt 0.30540009 0.27196314
vt 0.30806199 0.27657165
vt 0.30543206 0.23255717
vt 0.39081759 0.23016851
vt 0.46960857 0.19219463
vt 0.46961008 0.21182043
vt 0.47120900 0.21182043
vt 0.47120751 0.19219412
vt 0.46411320 0.17325164
vt 0.47435393 0.17033099
vt 0.46411320 0.17033099
vt 0.47435393 0.17325164
vt 0.49258660 0.19218763
vt 0.49258836 0.21181394
vt 0.49418730 0.21181344
vt 0.49418580 0.19218712
vt 0.47435393 0.12836202
vt 0.46411320 0.12836202
vt 0.46411320 0.13128266
vt 0.47435393 0.13128266
vt 0.35044156 0.46295494
vt 0.35044156 0.33173323
vt 0.33827595 0.46295494
vt 0.30061502 0.33173323
vt 0.40955977 0.15132258
vt 0.43369393 0.00365143
vt 0.42554290 0.15193098
vt 0.41026508 0.00122680
vt 0.35044156 0.49311048
vt 0.34294239 0.49311048
vt 0.42401788 0.18325336
vt 0.40971961 0.18295915
vt 0.42554290 0.15193098
vt 0.40955977 0.15132258
vt 0.44270387 0.40764401
vt 0.44017234 0.40762704
vt 0.44016210 0.41307670
vt 0.44523565 0.37828172
vt 0.44016210 0.38369843
vt 0.44270387 0.37826523
vt 0.44394092 0.39372813
vt 0.45029870 0.37831519
vt 0.42547296 0.45782796
vt 0.42547296 0.40405202
vt 0.43884864 0.45782796
vt 0.43892356 0.40405202
vt 0.43892331 0.38681637
vt 0.42547296 0.38681637
vt 0.43892331 0.37824874
vt 0.42547296 0.37824874
vt 0.43892356 0.39652488
vt 0.42547296 0.39652488
vt 0.43892331 0.38681637
vt 0.42547296 0.38681637
vt 0.43892356 0.40405202
vt 0.42547296 0.40405202
vt 0.43892356 0.39652488
vt 0.42547296 0.39652488
vt 0.43791031 0.47160100
vt 0.42547296 0.45782796
vt 0.43884864 0.45782796
vt 0.42547296 0.47160100
vt 0.48490038 0.48183500
vt 0.47845268 0.46638410
vt 0.48354644 0.46638410
vt 0.47845268 0.48867879
vt 0.43594148 0.48363075
vt 0.42547296 0.47160100
vt 0.43791031 0.47160100
vt 0.42547296 0.48363075
vt 0.47969546 0.37850800
vt 0.47965376 0.40080770
vt 0.45025699 0.40061488
vt 0.48475876 0.37854147
vt 0.48726631 0.39137941
vt 0.26322981 0.48106626
vt 0.26529954 0.48106626
vt 0.26322981 0.48352535
vt 0.26529954 0.48352535
vt 0.26111788 0.48106626
vt 0.26322981 0.48106626
vt 0.26322981 0.48352535
vt 0.26111788 0.48352535
vt 0.25899570 0.48106626
vt 0.26111788 0.48106626
vt 0.26111788 0.48352535
vt 0.25899570 0.48352535
vt 0.32330758 0.48346940
vt 0.32121513 0.48346940
vt 0.32121513 0.48099331
vt 0.32330758 0.48099331
vt 0.31911219 0.48346940
vt 0.32121513 0.48099331
vt 0.32121513 0.48346940
vt 0.31911219 0.48099331
vt 0.31911219 0.48099331
vt 0.31701574 0.48346940
vt 0.31701574 0.48099331
vt 0.31911219 0.48346940
vt 0.31492278 0.48099331
vt 0.31701574 0.48099331
vt 0.31492278 0.48346940
vt 0.31701574 0.48346940
vt 0.31492278 0.48346940
vt 0.31285605 0.48099331
vt 0.31492278 0.48099331
vt 0.31285605 0.48346940
vt 0.26736052 0.48106626
vt 0.26529954 0.48352535
vt 0.26529954 0.48106626
vt 0.26736052 0.48352535
vt 0.26322981 0.49711706
vt 0.26529954 0.49880889
vt 0.26322981 0.49880889
vt 0.26529954 0.49711706
vt 0.26111788 0.49711706
vt 0.26111788 0.49880889
vt 0.25899570 0.49711706
vt 0.25899570 0.49880889
vt 0.32121513 0.49882089
vt 0.32330758 0.49711355
vt 0.32330758 0.49882089
vt 0.32121513 0.49711355
vt 0.31911219 0.49882089
vt 0.31911219 0.49711355
vt 0.31701574 0.49711355
vt 0.31701574 0.49882089
vt 0.31492278 0.49882089
vt 0.31492278 0.49711355
vt 0.31285605 0.49711355
vt 0.31285605 0.49882089
vt 0.26736052 0.49880889
vt 0.26736052 0.49711706
vt 0.45974771 0.22911104
vt 0.46147453 0.22646062
vt 0.46258669 0.22724436
vt 0.46035337 0.22719790
vt 0.26529954 0.50023051
vt 0.26322981 0.50023051
vt 0.26529954 0.49880889
vt 0.26322981 0.49880889
vt 0.26322981 0.49880889
vt 0.26322981 0.50023051
vt 0.26111788 0.50023051
vt 0.26111788 0.49880889
vt 0.26111788 0.49880889
vt 0.26111788 0.50023051
vt 0.25899570 0.50023051
vt 0.25899570 0.49880889
vt 0.32121513 0.49882089
vt 0.32330758 0.49882089
vt 0.32121513 0.50023899
vt 0.32330758 0.50023899
vt 0.31911219 0.49882089
vt 0.32121513 0.49882089
vt 0.31911219 0.50023899
vt 0.32121513 0.50023899
vt 0.31701574 0.49882089
vt 0.31911219 0.49882089
vt 0.31701574 0.50023899
vt 0.31911219 0.50023899
vt 0.31492278 0.49882089
vt 0.31701574 0.49882089
vt 0.31492278 0.50023899
vt 0.31701574 0.50023899
vt 0.31285605 0.49882089
vt 0.31492278 0.49882089
vt 0.31285605 0.50023899
vt 0.31492278 0.50023899
vt 0.26736052 0.50023051
vt 0.26529954 0.50023051
vt 0.26736052 0.49880889
vt 0.26529954 0.49880889
vt 0.26322981 0.48106626
vt 0.26322981 0.44680473
vt 0.26529954 0.48106626
vt 0.26529954 0.44680473
vt 0.26111788 0.48106626
vt 0.26111788 0.44680473
vt 0.26322981 0.48106626
vt 0.26322981 0.44680473
vt 0.25899570 0.48106626
vt 0.25899570 0.44680473
vt 0.26111788 0.48106626
vt 0.26111788 0.44680473
vt 0.32330758 0.44687767
vt 0.32330758 0.48099331
vt 0.32121513 0.44687767
vt 0.32121513 0.48099331
vt 0.32121513 0.44687767
vt 0.32121513 0.48099331
vt 0.31911219 0.44687767
vt 0.31911219 0.48099331
vt 0.31701598 0.44687767
vt 0.31911219 0.48099331
vt 0.31701574 0.48099331
vt 0.31911219 0.44687767
vt 0.31492303 0.44687767
vt 0.31701574 0.48099331
vt 0.31492278 0.48099331
vt 0.31701623 0.44687767
vt 0.31285605 0.44687767
vt 0.31492278 0.48099331
vt 0.31285605 0.48099331
vt 0.31492278 0.44687767
vt 0.26529954 0.48106626
vt 0.26529954 0.44680473
vt 0.26736052 0.48106626
vt 0.26736052 0.44680473
vt 0.46316962 0.22918246
vt 0.46295007 0.23136783
vt 0.45994103 0.23130489
vt 0.46203123 0.23277795
vt 0.46084289 0.23275297
vt 0.26529954 0.48352535
vt 0.26529954 0.49711706
vt 0.26322981 0.49711706
vt 0.26322981 0.48352535
vt 0.26111788 0.49711706
vt 0.26111788 0.48352535
vt 0.26322981 0.49711706
vt 0.26322981 0.48352535
vt 0.26111788 0.48352535
vt 0.26111788 0.49711706
vt 0.25899570 0.49711706
vt 0.25899570 0.48352535
vt 0.32330758 0.48346940
vt 0.32330758 0.49711355
vt 0.32121513 0.48346940
vt 0.32121513 0.49711355
vt 0.32121513 0.48346940
vt 0.31911219 0.49711355
vt 0.31911219 0.48346940
vt 0.32121513 0.49711355
vt 0.31911219 0.48346940
vt 0.31911219 0.49711355
vt 0.31701574 0.48346940
vt 0.31701574 0.49711355
vt 0.31492278 0.48346940
vt 0.31701574 0.49711355
vt 0.31492278 0.49711355
vt 0.31701574 0.48346940
vt 0.31285605 0.49711355
vt 0.31285605 0.48346940
vt 0.31492278 0.48346940
vt 0.31492278 0.49711355
vt 0.26529954 0.49711706
vt 0.26529954 0.48352535
vt 0.26736052 0.49711706
vt 0.26736052 0.48352535
vt 0.31372670 0.40558302
vt 0.32277985 0.45550422
vt 0.32102831 0.40475134
vt 0.31495125 0.40409100
vt 0.31285605 0.46217771
vt 0.46753560 0.29387072
vt 0.46962681 0.24315931
vt 0.46023973 0.29286772
vt 0.46145430 0.29438871
vt 0.46510123 0.29570243
vt 0.46388467 0.29580583
vt 0.25637376 0.41744143
vt 0.25409924 0.47547270
vt 0.25620293 0.47549420
vt 0.25427007 0.41741996
vt 0.36819670 0.47862462
vt 0.35815027 0.47866758
vt 0.35814753 0.48284601
vt 0.36819421 0.48280305
vt 0.35657782 0.40836881
vt 0.35679884 0.35624627
vt 0.35469590 0.35621480
vt 0.35447536 0.40833785
vt 0.37649959 0.48268166
vt 0.37763697 0.47862614
vt 0.37651132 0.47862664
vt 0.37762549 0.48268065
vt 0.38000466 0.47862563
vt 0.37999318 0.48268018
vt 0.38135584 0.47862462
vt 0.38134435 0.48267967
vt 0.37763697 0.47862614
vt 0.37762549 0.48268065
vt 0.38000466 0.47862563
vt 0.37999318 0.48268018
vt 0.37406097 0.48268268
vt 0.37651132 0.47862664
vt 0.37407246 0.47862813
vt 0.37649959 0.48268166
vt 0.31860643 0.40286270
vt 0.31739112 0.40273081
vt 0.45974771 0.23625356
vt 0.49909324 0.00122680
vt 0.49909324 0.09485577
vt 0.47570785 0.00122680
vt 0.47570785 0.09485577
vt 0.44602713 0.32091129
vt 0.45936784 0.18973802
vt 0.45936784 0.32091129
vt 0.40955977 0.18973802
vt 0.45032343 0.35105584
vt 0.45936784 0.35105584
vt 0.44526562 0.48604637
vt 0.44906240 0.46638410
vt 0.44906240 0.48867879
vt 0.44146908 0.47920257
vt 0.44146908 0.46638410
vt 0.43893805 0.47183227
vt 0.35814753 0.46393549
vt 0.37147475 0.46921533
vt 0.35814753 0.46921533
vt 0.37147475 0.46393549
vt 0.44269314 0.43700532
vt 0.44016210 0.43700532
vt 0.44016210 0.44245400
vt 0.42547296 0.48363075
vt 0.43594148 0.48363075
vt 0.43594148 0.48895953
vt 0.42547296 0.48895953
vt 0.48490038 0.48183500
vt 0.48354644 0.46638410
vt 0.48921291 0.47183227
vt 0.47845268 0.48867879
vt 0.47845268 0.46638410
vt 0.38391708 0.47276236
vt 0.37406147 0.47276435
vt 0.38391634 0.46148739
vt 0.37406097 0.46148939
vt 0.27311540 0.33459742
vt 0.26695042 0.32903885
vt 0.27312589 0.32907981
vt 0.26693993 0.33455645
vt 0.37458921 0.32081140
vt 0.36255847 0.32397680
vt 0.36030017 0.32086833
vt 0.37246428 0.32385143
vt 0.29210483 0.32905984
vt 0.28592587 0.33432818
vt 0.28592962 0.32904435
vt 0.29210109 0.33434318
vt 0.33177581 0.32233392
vt 0.34381554 0.32538793
vt 0.33390897 0.32535447
vt 0.34606584 0.32225800
vt 0.35912133 0.31501256
vt 0.37577779 0.31479328
vt 0.27312589 0.32907981
vt 0.26696241 0.32265261
vt 0.27313788 0.32269307
vt 0.26695042 0.32903885
vt 0.28593412 0.32249675
vt 0.29210933 0.32251172
vt 0.28592962 0.32904435
vt 0.29210483 0.32905984
vt 0.34722920 0.31639121
vt 0.33057098 0.31632628
vt 0.35685204 0.30235993
vt 0.37784227 0.30250728
vt 0.27316335 0.30908635
vt 0.27313788 0.32269307
vt 0.26698789 0.30904589
vt 0.26696241 0.32265261
vt 0.28593412 0.32249675
vt 0.28594336 0.30936658
vt 0.29211857 0.30938155
vt 0.35325131 0.28228105
vt 0.36736327 0.27764161
vt 0.32847379 0.30405828
vt 0.34946502 0.30371660
vt 0.27320331 0.28749395
vt 0.26266811 0.28742553
vt 0.28595809 0.28826871
vt 0.29649329 0.28829420
vt 0.36469463 0.27670452
vt 0.36280772 0.27468000
vt 0.34946502 0.30371660
vt 0.33888136 0.27754618
vt 0.35300555 0.28206576
vt 0.27333169 0.21831659
vt 0.27320331 0.28749395
vt 0.26266811 0.28742553
vt 0.26279624 0.21824816
vt 0.28600655 0.21866525
vt 0.28615765 0.00122680
vt 0.29669310 0.00125227
vt 0.29654175 0.21869121
vt 0.49107509 0.29025128
vt 0.48055738 0.24115277
vt 0.49107134 0.24114976
vt 0.48056111 0.29025378
vt 0.46740023 0.21422909
vt 0.46740197 0.23385489
vt 0.46464567 0.23385589
vt 0.46464417 0.21423008
vt 0.46333695 0.18231927
vt 0.45309621 0.18231878
vt 0.45309621 0.17728420
vt 0.46333695 0.17728469
vt 0.46740197 0.23385489
vt 0.46960857 0.21422858
vt 0.46961008 0.23385440
vt 0.46740023 0.21422909
vt 0.46333695 0.17728469
vt 0.45309621 0.17728420
vt 0.45309621 0.17325164
vt 0.46333695 0.17325164
vt 0.47120751 0.21422809
vt 0.49258660 0.21422158
vt 0.47120900 0.23385390
vt 0.49258836 0.23384791
vt 0.49418730 0.23384690
vt 0.49639388 0.21422059
vt 0.49639539 0.23384641
vt 0.49418580 0.21422109
vt 0.46333695 0.12836202
vt 0.45309621 0.12836202
vt 0.45309621 0.12432896
vt 0.46333695 0.12432896
vt 0.49915020 0.21421959
vt 0.49915169 0.23384541
vt 0.49639539 0.23384641
vt 0.49639388 0.21422059
vt 0.46333695 0.12432896
vt 0.45309621 0.12432896
vt 0.45309621 0.11929488
vt 0.46333695 0.11929488
vt 0.37973043 0.00122680
vt 0.38081312 0.21449682
vt 0.35393639 0.00156197
vt 0.35341715 0.21442888
vt 0.26319609 0.00122680
vt 0.27373130 0.00129473
vt 0.29649329 0.28829420
vt 0.28595809 0.28826871
vt 0.35163739 0.00134268
vt 0.32527716 0.21451281
vt 0.32584186 0.00122680
vt 0.35267413 0.21421210
vt 0.36188612 0.23273200
vt 0.36201400 0.27213398
vt 0.38115928 0.28276558
vt 0.37002566 0.27664408
vt 0.37189934 0.27457660
vt 0.36453678 0.22810103
vt 0.36719918 0.22710350
vt 0.36986807 0.22804008
vt 0.37254845 0.23261061
vt 0.37267633 0.27201310
vt 0.37175497 0.23006510
vt 0.45309621 0.17033099
vt 0.45309621 0.13128266
vt 0.46333695 0.13128266
vt 0.46333695 0.17033099
vt 0.33892207 0.22700460
vt 0.34158722 0.22797915
vt 0.33625568 0.22796365
vt 0.33437377 0.23000467
vt 0.35300555 0.28206576
vt 0.34424937 0.23258813
vt 0.34421764 0.27199312
vt 0.34154800 0.27658662
vt 0.34342992 0.27454561
vt 0.32509709 0.28278856
vt 0.33621622 0.27657165
vt 0.33888136 0.27754618
vt 0.33358629 0.23255717
vt 0.33355432 0.27196314
vt 0.36266311 0.23016851
vt 0.34346588 0.23003113
vt 0.33433755 0.27452015
vt 0.46961008 0.23385440
vt 0.46960857 0.21422858
vt 0.47120900 0.23385390
vt 0.47120751 0.21422809
vt 0.45309621 0.17033099
vt 0.46333695 0.17033099
vt 0.45309621 0.17325164
vt 0.46333695 0.17325164
vt 0.49258836 0.23384791
vt 0.49258660 0.21422158
vt 0.49418730 0.23384690
vt 0.49418580 0.21422109
vt 0.45309621 0.12836202
vt 0.46333695 0.12836202
vt 0.45309621 0.13128266
vt 0.46333695 0.13128266
vt 0.30147767 0.33662944
vt 0.30147767 0.46785115
vt 0.28931206 0.46785115
vt 0.25165113 0.33662944
vt 0.43404159 0.15132207
vt 0.45817600 0.00365143
vt 0.43474690 0.00122680
vt 0.45002497 0.15193098
vt 0.29397850 0.49800668
vt 0.30147767 0.49800668
vt 0.45002497 0.15193098
vt 0.43420168 0.18295915
vt 0.44849970 0.18325336
vt 0.43404159 0.15132207
vt 0.44523565 0.40766051
vt 0.44394092 0.42310590
vt 0.47439439 0.08080551
vt 0.47446932 0.02703007
vt 0.46101897 0.02703007
vt 0.46101897 0.08080551
vt 0.46101897 0.00979442
vt 0.47446932 0.00979442
vt 0.47446932 0.00122680
vt 0.46101872 0.00122680
vt 0.46101897 0.01950293
vt 0.47446932 0.01950293
vt 0.47446932 0.00979442
vt 0.46101897 0.00979442
vt 0.47446932 0.01950293
vt 0.46101897 0.02703007
vt 0.47446932 0.02703007
vt 0.46101897 0.01950293
vt 0.47439439 0.08080551
vt 0.46101897 0.08080551
vt 0.47345606 0.09457904
vt 0.46101897 0.09457904
vt 0.47345606 0.09457904
vt 0.46101897 0.09457904
vt 0.47148723 0.10660878
vt 0.46101872 0.10660878
vt 0.47965376 0.43018597
vt 0.45029870 0.40769347
vt 0.45025699 0.42999316
vt 0.47969546 0.40788628
vt 0.48345604 0.42757802
vt 0.48726631 0.42075769
vt 0.48981183 0.41340239
vt 0.48475876 0.40791974
vt 0.49787795 0.25828053
vt 0.49580847 0.25828053
vt 0.49580847 0.26073962
vt 0.49787795 0.26073962
vt 0.49369628 0.25828053
vt 0.49580847 0.26073962
vt 0.49580847 0.25828053
vt 0.49369628 0.26073962
vt 0.49369628 0.25828053
vt 0.49157434 0.25828053
vt 0.49369628 0.26073962
vt 0.49157434 0.26073962
vt 0.44082097 0.33168128
vt 0.43872850 0.32920519
vt 0.43872850 0.33168128
vt 0.44082097 0.32920519
vt 0.43872850 0.32920519
vt 0.43662556 0.33168128
vt 0.43872850 0.33168128
vt 0.43662556 0.32920519
vt 0.43662556 0.32920519
vt 0.43452911 0.32920519
vt 0.43452911 0.33168128
vt 0.43662556 0.33168128
vt 0.43452911 0.32920519
vt 0.43243616 0.32920519
vt 0.43243616 0.33168128
vt 0.43452911 0.33168128
vt 0.43243616 0.33168128
vt 0.43036943 0.32920519
vt 0.43036943 0.33168128
vt 0.43243616 0.32920519
vt 0.49993892 0.25828053
vt 0.49787795 0.25828053
vt 0.49787795 0.26073962
vt 0.49993892 0.26073962
vt 0.49580847 0.27433133
vt 0.49787795 0.27602316
vt 0.49787795 0.27433133
vt 0.49580847 0.27602316
vt 0.49369628 0.27433133
vt 0.49369628 0.27602316
vt 0.49157434 0.27433133
vt 0.49157434 0.27602316
vt 0.43872850 0.34703277
vt 0.44082097 0.34532542
vt 0.43872850 0.34532542
vt 0.44082097 0.34703277
vt 0.43662556 0.34703277
vt 0.43662556 0.34532542
vt 0.43452911 0.34532542
vt 0.43452911 0.34703277
vt 0.43243616 0.34532542
vt 0.43243616 0.34703277
vt 0.43036943 0.34532542
vt 0.43036943 0.34703277
vt 0.49993892 0.27602316
vt 0.49993892 0.27433133
vt 0.37406097 0.48617126
vt 0.37689995 0.48430508
vt 0.37578779 0.48352136
vt 0.37466663 0.48425863
vt 0.49787795 0.27602316
vt 0.49580847 0.27602316
vt 0.49580847 0.27744478
vt 0.49787795 0.27744478
vt 0.49580847 0.27744478
vt 0.49580847 0.27602316
vt 0.49369628 0.27744478
vt 0.49369628 0.27602316
vt 0.49369628 0.27744478
vt 0.49369628 0.27602316
vt 0.49157434 0.27744478
vt 0.49157434 0.27602316
vt 0.44082097 0.34845087
vt 0.44082097 0.34703277
vt 0.43872850 0.34845087
vt 0.43872850 0.34703277
vt 0.43872850 0.34845087
vt 0.43872850 0.34703277
vt 0.43662556 0.34845087
vt 0.43662556 0.34703277
vt 0.43452911 0.34703277
vt 0.43452911 0.34845087
vt 0.43662556 0.34703277
vt 0.43662556 0.34845087
vt 0.43243616 0.34703277
vt 0.43243616 0.34845087
vt 0.43452911 0.34703277
vt 0.43452911 0.34845087
vt 0.43036943 0.34703277
vt 0.43036943 0.34845087
vt 0.43243616 0.34703277
vt 0.43243616 0.34845087
vt 0.49993892 0.27602316
vt 0.49787795 0.27602316
vt 0.49787795 0.27744478
vt 0.49993892 0.27744478
vt 0.37748263 0.48624269
vt 0.37726335 0.48842804
vt 0.37425428 0.48836561
vt 0.37634449 0.48983816
vt 0.37515590 0.48981369
vt 0.49580847 0.26073962
vt 0.49580847 0.27433133
vt 0.49787795 0.26073962
vt 0.49787795 0.27433133
vt 0.49580847 0.27433133
vt 0.49580847 0.26073962
vt 0.49369628 0.26073962
vt 0.49369628 0.27433133
vt 0.49369628 0.26073962
vt 0.49157434 0.27433133
vt 0.49369628 0.27433133
vt 0.49157434 0.26073962
vt 0.43872850 0.33168128
vt 0.43872850 0.34532542
vt 0.44082097 0.34532542
vt 0.44082097 0.33168128
vt 0.43872850 0.34532542
vt 0.43872850 0.33168128
vt 0.43662556 0.34532542
vt 0.43662556 0.33168128
vt 0.43452911 0.33168128
vt 0.43452911 0.34532542
vt 0.43662556 0.34532542
vt 0.43662556 0.33168128
vt 0.43452911 0.34532542
vt 0.43243616 0.33168128
vt 0.43243616 0.34532542
vt 0.43452911 0.33168128
vt 0.43243616 0.34532542
vt 0.43243616 0.33168128
vt 0.43036943 0.34532542
vt 0.43036943 0.33168128
vt 0.49993892 0.27433133
vt 0.49993892 0.26073962
vt 0.49787795 0.26073962
vt 0.49787795 0.27433133
vt 0.27001268 0.48910738
vt 0.27088333 0.43251320
vt 0.27993623 0.48243440
vt 0.27818494 0.43168151
vt 0.27210788 0.43102117
vt 0.26071202 0.45934497
vt 0.27009885 0.40963656
vt 0.26800789 0.46034800
vt 0.26192634 0.46086599
vt 0.26557327 0.46217971
vt 0.26435696 0.46228311
vt 0.25409924 0.41671615
vt 0.25427007 0.35866341
vt 0.25637376 0.35868487
vt 0.25620293 0.41673762
vt 0.36819670 0.48352136
vt 0.35814753 0.48774222
vt 0.35815027 0.48356381
vt 0.36819421 0.48769976
vt 0.32864437 0.43458818
vt 0.32842358 0.48671123
vt 0.32654167 0.43455722
vt 0.32632114 0.48667976
vt 0.37649959 0.47778495
vt 0.37651132 0.47373041
vt 0.37763697 0.47372993
vt 0.37762549 0.47778445
vt 0.37999318 0.47778394
vt 0.38000466 0.47372892
vt 0.38135584 0.47372841
vt 0.38134435 0.47778296
vt 0.37762549 0.47778445
vt 0.37763697 0.47372993
vt 0.38000466 0.47372892
vt 0.37999318 0.47778394
vt 0.37651132 0.47373041
vt 0.37406097 0.47778596
vt 0.37407246 0.47373142
vt 0.37649959 0.47778495
vt 0.27576306 0.42979288
vt 0.27454750 0.42966098
vt 0.26021975 0.40273081
vt 0.47566090 0.09670646
vt 0.47566090 0.19033544
vt 0.49904629 0.19033544
vt 0.49904629 0.09670646
vt 0.40061127 0.46045840
vt 0.40061127 0.32928510
vt 0.38727030 0.46045840
vt 0.35080296 0.32928510
vt 0.40061127 0.49060292
vt 0.39156686 0.49060292
vt 0.35814753 0.47655964
vt 0.37147475 0.47128031
vt 0.35814753 0.47128031
vt 0.37147475 0.47655964
vt 0.45028645 0.43700532
vt 0.44269314 0.44982430
vt 0.47148723 0.10660878
vt 0.46101872 0.10660878
vt 0.47148723 0.11193758
vt 0.46101872 0.11193708
vt 0.47967673 0.43700583
vt 0.47967673 0.45930052
vt 0.48612443 0.45245622
vt 0.48477049 0.43700583
vt 0.47967673 0.45930052
vt 0.47967673 0.43700583
vt 0.45028645 0.45930052
vt 0.42181854 0.42990774
vt 0.42181854 0.42287212
vt 0.41639933 0.42990774
vt 0.41639933 0.42287212
vt 0.42181854 0.42287212
vt 0.42181854 0.41605331
vt 0.41639933 0.42287212
vt 0.41639933 0.41605331
vt 0.41639933 0.41605331
vt 0.42181854 0.41605331
vt 0.41639933 0.40941180
vt 0.42181854 0.40941180
vt 0.41639933 0.40941180
vt 0.42181854 0.40941180
vt 0.41639933 0.40294562
vt 0.42181854 0.40294562
vt 0.41639933 0.40294562
vt 0.42181854 0.40294562
vt 0.41639933 0.39668473
vt 0.42181854 0.39668473
vt 0.41639933 0.39668473
vt 0.42181854 0.39668473
vt 0.41639933 0.39043983
vt 0.42181854 0.39043983
vt 0.41639933 0.39043983
vt 0.42181854 0.39043983
vt 0.41639933 0.38403010
vt 0.42181854 0.38403010
vt 0.42181854 0.38403010
vt 0.41639933 0.37749598
vt 0.41639933 0.38403010
vt 0.42181854 0.37749598
vt 0.41639933 0.37749598
vt 0.42181854 0.37749598
vt 0.41639933 0.37090443
vt 0.42181854 0.37090443
vt 0.41639933 0.48891109
vt 0.42181854 0.48891109
vt 0.41639933 0.48231801
vt 0.42181854 0.48231801
vt 0.41639933 0.48231801
vt 0.42181854 0.48231801
vt 0.41639933 0.47578241
vt 0.42181854 0.47578241
vt 0.42181854 0.46937217
vt 0.41639933 0.46937217
vt 0.42181854 0.47578241
vt 0.41639933 0.47578241
vt 0.42181854 0.46312778
vt 0.41639933 0.46312778
vt 0.42181854 0.46937217
vt 0.41639933 0.46937217
vt 0.42181854 0.45687040
vt 0.41639933 0.45687040
vt 0.42181854 0.46312778
vt 0.41639933 0.46312778
vt 0.41639933 0.45040922
vt 0.41639933 0.45687040
vt 0.42181854 0.45040922
vt 0.42181854 0.45687040
vt 0.41639933 0.44376920
vt 0.41639933 0.45040922
vt 0.42181854 0.44376920
vt 0.42181854 0.45040922
vt 0.42181854 0.44376920
vt 0.42181854 0.43694637
vt 0.41639933 0.44376920
vt 0.41639933 0.43694637
vt 0.42181854 0.43694637
vt 0.42181854 0.42990774
vt 0.41639933 0.43694637
vt 0.41639933 0.42990774
vt 0.42277061 0.42287212
vt 0.42277061 0.42990774
vt 0.42498694 0.42287212
vt 0.42498694 0.42990774
vt 0.41544751 0.42287212
vt 0.41323193 0.42990774
vt 0.41544751 0.42990774
vt 0.41323193 0.42287212
vt 0.42277061 0.41605331
vt 0.42277061 0.42287212
vt 0.42498694 0.41605331
vt 0.42498694 0.42287212
vt 0.41544751 0.41605331
vt 0.41323193 0.42287212
vt 0.41544751 0.42287212
vt 0.41323193 0.41605331
vt 0.42498694 0.41605331
vt 0.42498694 0.40941180
vt 0.42277061 0.41605331
vt 0.42277061 0.40941180
vt 0.41544751 0.41605331
vt 0.41544751 0.40941180
vt 0.41323193 0.41605331
vt 0.41323193 0.40941180
vt 0.42498694 0.40941180
vt 0.42498694 0.40294562
vt 0.42277061 0.40941180
vt 0.42277061 0.40294562
vt 0.41544751 0.40941180
vt 0.41544751 0.40294562
vt 0.41323193 0.40941180
vt 0.41323193 0.40294562
vt 0.42498694 0.40294562
vt 0.42498694 0.39668473
vt 0.42277061 0.40294562
vt 0.42277061 0.39668473
vt 0.41544751 0.40294562
vt 0.41544751 0.39668473
vt 0.41323193 0.40294562
vt 0.41323193 0.39668473
vt 0.42498694 0.39668473
vt 0.42498694 0.39043983
vt 0.42277061 0.39668473
vt 0.42277061 0.39043983
vt 0.41544751 0.39668473
vt 0.41544751 0.39043983
vt 0.41323193 0.39668473
vt 0.41323193 0.39043983
vt 0.42498694 0.39043983
vt 0.42498694 0.38403010
vt 0.42277061 0.39043983
vt 0.42277061 0.38403010
vt 0.41544751 0.39043983
vt 0.41544751 0.38403010
vt 0.41323193 0.39043983
vt 0.41323193 0.38403010
vt 0.42277061 0.38403010
vt 0.42498694 0.37749598
vt 0.42277061 0.37749598
vt 0.42498694 0.38403010
vt 0.41544751 0.38403010
vt 0.41544751 0.37749598
vt 0.41323193 0.38403010
vt 0.41323193 0.37749598
vt 0.42277061 0.37749598
vt 0.42498694 0.37090443
vt 0.42277061 0.37090443
vt 0.42498694 0.37749598
vt 0.41544751 0.37749598
vt 0.41544751 0.37090443
vt 0.41323193 0.37749598
vt 0.41323193 0.37090443
vt 0.42277061 0.48891109
vt 0.42498694 0.48231801
vt 0.42277061 0.48231801
vt 0.42498694 0.48891109
vt 0.41544751 0.48891109
vt 0.41544751 0.48231801
vt 0.41323193 0.48891109
vt 0.41323193 0.48231801
vt 0.42277061 0.48231801
vt 0.42498694 0.47578241
vt 0.42277061 0.47578241
vt 0.42498694 0.48231801
vt 0.41544751 0.48231801
vt 0.41544751 0.47578241
vt 0.41323193 0.48231801
vt 0.41323193 0.47578241
vt 0.42277061 0.46937217
vt 0.42277061 0.47578241
vt 0.42498694 0.46937217
vt 0.42498694 0.47578241
vt 0.41544751 0.47578241
vt 0.41544751 0.46937217
vt 0.41323193 0.46937217
vt 0.41323193 0.47578241
vt 0.42277061 0.46312778
vt 0.42277061 0.46937217
vt 0.42498694 0.46312778
vt 0.42498694 0.46937217
vt 0.41323193 0.46312778
vt 0.41323193 0.46937217
vt 0.41544751 0.46312778
vt 0.41544751 0.46937217
vt 0.42277061 0.45687040
vt 0.42277061 0.46312778
vt 0.42498694 0.45687040
vt 0.42498694 0.46312778
vt 0.41323193 0.45687040
vt 0.41323193 0.46312778
vt 0.41544751 0.45687040
vt 0.41544751 0.46312778
vt 0.42277061 0.45040922
vt 0.42277061 0.45687040
vt 0.42498694 0.45040922
vt 0.42498694 0.45687040
vt 0.41323193 0.45040922
vt 0.41323193 0.45687040
vt 0.41544751 0.45040922
vt 0.41544751 0.45687040
vt 0.42277061 0.44376920
vt 0.42277061 0.45040922
vt 0.42498694 0.44376920
vt 0.42498694 0.45040922
vt 0.41323193 0.44376920
vt 0.41323193 0.45040922
vt 0.41544751 0.44376920
vt 0.41544751 0.45040922
vt 0.42277061 0.43694637
vt 0.42277061 0.44376920
vt 0.42498694 0.43694637
vt 0.42498694 0.44376920
vt 0.41544751 0.44376920
vt 0.41544751 0.43694637
vt 0.41323193 0.43694637
vt 0.41323193 0.44376920
vt 0.42277061 0.42990774
vt 0.42277061 0.43694637
vt 0.42498694 0.42990774
vt 0.42498694 0.43694637
vt 0.41544751 0.43694637
vt 0.41544751 0.42990774
vt 0.41323193 0.42990774
vt 0.41323193 0.43694637
vt 0.42277061 0.42287212
vt 0.42181854 0.42990774
vt 0.42277061 0.42990774
vt 0.42181854 0.42287212
vt 0.42277061 0.43694637
vt 0.42181854 0.43694637
vt 0.42181854 0.44376920
vt 0.42277061 0.44376920
vt 0.42181854 0.45040922
vt 0.42277061 0.45040922
vt 0.42181854 0.45687040
vt 0.42277061 0.45687040
vt 0.42277061 0.46312778
vt 0.42181854 0.46312778
vt 0.42181854 0.46937217
vt 0.42277061 0.46937217
vt 0.42181854 0.47578241
vt 0.42277061 0.47578241
vt 0.42277061 0.48231801
vt 0.42181854 0.48231801
vt 0.42181854 0.48891109
vt 0.42277061 0.48891109
vt 0.42181854 0.37090443
vt 0.42181854 0.37749598
vt 0.42277061 0.37749598
vt 0.42277061 0.37090443
vt 0.42277061 0.38403010
vt 0.42181854 0.38403010
vt 0.42277061 0.39043983
vt 0.42181854 0.39043983
vt 0.42277061 0.39668473
vt 0.42181854 0.39668473
vt 0.42277061 0.40294562
vt 0.42181854 0.40294562
vt 0.42181854 0.40941180
vt 0.42277061 0.40941180
vt 0.42277061 0.41605331
vt 0.42181854 0.41605331
vt 0.41544751 0.42287212
vt 0.41544751 0.42990774
vt 0.41639933 0.42990774
vt 0.41639933 0.42287212
vt 0.41639933 0.41605331
vt 0.41544751 0.41605331
vt 0.41639933 0.40941180
vt 0.41544751 0.40941180
vt 0.41639933 0.40294562
vt 0.41544751 0.40294562
vt 0.41544751 0.39668473
vt 0.41639933 0.39668473
vt 0.41639933 0.39043983
vt 0.41544751 0.39043983
vt 0.41639933 0.38403010
vt 0.41544751 0.38403010
vt 0.41544751 0.37749598
vt 0.41639933 0.37749598
vt 0.41639933 0.37090443
vt 0.41544751 0.37090443
vt 0.41639933 0.48891109
vt 0.41639933 0.48231801
vt 0.41544751 0.48231801
vt 0.41544751 0.48891109
vt 0.41544751 0.47578241
vt 0.41639933 0.47578241
vt 0.41544751 0.46937217
vt 0.41639933 0.46937217
vt 0.41544751 0.46312778
vt 0.41639933 0.46312778
vt 0.41544751 0.45687040
vt 0.41639933 0.45687040
vt 0.41639933 0.45040922
vt 0.41544751 0.45040922
vt 0.41544751 0.44376920
vt 0.41639933 0.44376920
vt 0.41639933 0.43694637
vt 0.41544751 0.43694637
vt 0.41219869 0.30422311
vt 0.41079907 0.28904895
vt 0.41078382 0.29686730
vt 0.41224265 0.28171262
vt 0.41487283 0.31023075
vt 0.41494027 0.27574196
vt 0.41856647 0.27185774
vt 0.41848429 0.31416438
vt 0.42259678 0.31554955
vt 0.42268445 0.27052804
vt 0.42671450 0.31422033
vt 0.42679692 0.27191369
vt 0.43034096 0.31033614
vt 0.43040814 0.27584735
vt 0.43308228 0.28185449
vt 0.43303857 0.30436548
vt 0.43449715 0.28921079
vt 0.43448191 0.29702865
vt 0.37671537 0.42853409
vt 0.37820317 0.44367830
vt 0.37817295 0.43586093
vt 0.37680255 0.45104408
vt 0.37413990 0.45706919
vt 0.37400628 0.42258142
vt 0.37053617 0.46102733
vt 0.37037257 0.41872167
vt 0.36642619 0.46244046
vt 0.36230596 0.46113872
vt 0.36625210 0.41741996
vt 0.36214212 0.41883309
vt 0.35867201 0.45727850
vt 0.35853864 0.42279120
vt 0.35596292 0.45132633
vt 0.35587600 0.42881631
vt 0.35447536 0.43618161
vt 0.35450558 0.44399947
vt 0.40415855 0.42990774
vt 0.40415855 0.42287212
vt 0.40957750 0.42287212
vt 0.40957750 0.42990774
vt 0.40415855 0.42287212
vt 0.40415855 0.41605379
vt 0.40957750 0.41605379
vt 0.40957750 0.42287212
vt 0.40415855 0.40941180
vt 0.40957750 0.41605379
vt 0.40415855 0.41605379
vt 0.40957750 0.40941180
vt 0.40415855 0.40294562
vt 0.40957750 0.40941180
vt 0.40415855 0.40941180
vt 0.40957750 0.40294562
vt 0.40415855 0.39668473
vt 0.40957750 0.40294562
vt 0.40415855 0.40294562
vt 0.40957750 0.39668473
vt 0.40415855 0.39668473
vt 0.40415855 0.39043983
vt 0.40957750 0.39668473
vt 0.40957750 0.39043983
vt 0.40415855 0.38403010
vt 0.40957750 0.39043983
vt 0.40415855 0.39043983
vt 0.40957750 0.38403010
vt 0.40957750 0.37749598
vt 0.40957750 0.38403010
vt 0.40415855 0.37749598
vt 0.40415855 0.38403010
vt 0.40957750 0.37090443
vt 0.40957750 0.37749598
vt 0.40415855 0.37090443
vt 0.40415855 0.37749598
vt 0.40957750 0.48231801
vt 0.40957750 0.48891109
vt 0.40415855 0.48231801
vt 0.40415855 0.48891109
vt 0.40957750 0.47578241
vt 0.40957750 0.48231801
vt 0.40415855 0.47578241
vt 0.40415855 0.48231801
vt 0.40957750 0.46937217
vt 0.40957750 0.47578241
vt 0.40415855 0.46937217
vt 0.40415855 0.47578241
vt 0.40957750 0.46312778
vt 0.40957750 0.46937217
vt 0.40415855 0.46312778
vt 0.40415855 0.46937217
vt 0.40957750 0.46312778
vt 0.40415855 0.45687040
vt 0.40957750 0.45687040
vt 0.40415855 0.46312778
vt 0.40415855 0.45040970
vt 0.40957750 0.45040970
vt 0.40415855 0.45687040
vt 0.40957750 0.45687040
vt 0.40415855 0.44376971
vt 0.40957750 0.44376971
vt 0.40415855 0.45040970
vt 0.40957750 0.45040970
vt 0.40415855 0.44376971
vt 0.40415855 0.43694687
vt 0.40957750 0.43694687
vt 0.40957750 0.44376971
vt 0.40415855 0.43694687
vt 0.40415855 0.42990774
vt 0.40957750 0.42990774
vt 0.40957750 0.43694687
vt 0.41052957 0.42990774
vt 0.41052957 0.42287212
vt 0.41274591 0.42287212
vt 0.41274591 0.42990774
vt 0.40320648 0.42287212
vt 0.40099114 0.42990774
vt 0.40099114 0.42287212
vt 0.40320648 0.42990774
vt 0.41052957 0.42287212
vt 0.41052957 0.41605379
vt 0.41274591 0.41605379
vt 0.41274591 0.42287212
vt 0.40099114 0.42287212
vt 0.40099114 0.41605379
vt 0.40320648 0.41605379
vt 0.40320648 0.42287212
vt 0.41052957 0.41605379
vt 0.41274591 0.40941180
vt 0.41274591 0.41605379
vt 0.41052957 0.40941180
vt 0.40320648 0.40941180
vt 0.40320648 0.41605379
vt 0.40099114 0.41605379
vt 0.40099114 0.40941180
vt 0.41052957 0.40941180
vt 0.41274591 0.40294562
vt 0.41274591 0.40941180
vt 0.41052957 0.40294562
vt 0.40320648 0.40294562
vt 0.40320648 0.40941180
vt 0.40099114 0.40941180
vt 0.40099114 0.40294562
vt 0.41052957 0.40294562
vt 0.41274591 0.39668473
vt 0.41274591 0.40294562
vt 0.41052957 0.39668473
vt 0.40320648 0.39668473
vt 0.40320648 0.40294562
vt 0.40099114 0.40294562
vt 0.40099114 0.39668473
vt 0.41052957 0.39668473
vt 0.41274591 0.39043983
vt 0.41274591 0.39668473
vt 0.41052957 0.39043983
vt 0.40320648 0.39043983
vt 0.40320648 0.39668473
vt 0.40099114 0.39668473
vt 0.40099114 0.39043983
vt 0.41052957 0.39043983
vt 0.41274591 0.38403010
vt 0.41274591 0.39043983
vt 0.41052957 0.38403010
vt 0.40320648 0.38403010
vt 0.40320648 0.39043983
vt 0.40099114 0.39043983
vt 0.40099114 0.38403010
vt 0.41274591 0.37749598
vt 0.41274591 0.38403010
vt 0.41052957 0.38403010
vt 0.41052957 0.37749598
vt 0.40320648 0.37749598
vt 0.40320648 0.38403010
vt 0.40099114 0.38403010
vt 0.40099114 0.37749598
vt 0.41274591 0.37090443
vt 0.41274591 0.37749598
vt 0.41052957 0.37749598
vt 0.41052957 0.37090443
vt 0.40099114 0.37749598
vt 0.40320648 0.37090443
vt 0.40320648 0.37749598
vt 0.40099114 0.37090443
vt 0.41052957 0.48891109
vt 0.41274591 0.48231801
vt 0.41274591 0.48891109
vt 0.41052957 0.48231801
vt 0.40320648 0.48231801
vt 0.40320648 0.48891109
vt 0.40099114 0.48891109
vt 0.40099114 0.48231801
vt 0.41274591 0.47578241
vt 0.41274591 0.48231801
vt 0.41052957 0.48231801
vt 0.41052957 0.47578241
vt 0.40320648 0.47578241
vt 0.40320648 0.48231801
vt 0.40099114 0.48231801
vt 0.40099114 0.47578241
vt 0.41052957 0.47578241
vt 0.41052957 0.46937217
vt 0.41274591 0.46937217
vt 0.41274591 0.47578241
vt 0.40320648 0.46937217
vt 0.40320648 0.47578241
vt 0.40099114 0.46937217
vt 0.40099114 0.47578241
vt 0.41052957 0.46937217
vt 0.41052957 0.46312778
vt 0.41274591 0.46312778
vt 0.41274591 0.46937217
vt 0.40320648 0.46312778
vt 0.40099114 0.46937217
vt 0.40099114 0.46312778
vt 0.40320648 0.46937217
vt 0.41052957 0.46312778
vt 0.41052957 0.45687040
vt 0.41274591 0.45687040
vt 0.41274591 0.46312778
vt 0.40320648 0.45687040
vt 0.40099114 0.46312778
vt 0.40099114 0.45687040
vt 0.40320648 0.46312778
vt 0.41052957 0.45687040
vt 0.41052957 0.45040970
vt 0.41274591 0.45040970
vt 0.41274591 0.45687040
vt 0.40320648 0.45040970
vt 0.40099114 0.45687040
vt 0.40099114 0.45040970
vt 0.40320648 0.45687040
vt 0.41052957 0.45040970
vt 0.41052957 0.44376971
vt 0.41274591 0.44376971
vt 0.41274591 0.45040970
vt 0.40320648 0.44376971
vt 0.40099114 0.45040970
vt 0.40099114 0.44376971
vt 0.40320648 0.45040970
vt 0.41052957 0.44376971
vt 0.41052957 0.43694687
vt 0.41274591 0.43694687
vt 0.41274591 0.44376971
vt 0.40320648 0.43694687
vt 0.40320648 0.44376971
vt 0.40099114 0.43694687
vt 0.40099114 0.44376971
vt 0.41274591 0.42990774
vt 0.41052957 0.43694687
vt 0.41052957 0.42990774
vt 0.41274591 0.43694687
vt 0.40320648 0.42990774
vt 0.40320648 0.43694687
vt 0.40099114 0.42990774
vt 0.40099114 0.43694687
vt 0.41052957 0.42287212
vt 0.41052957 0.42990774
vt 0.40957750 0.42990774
vt 0.40957750 0.42287212
vt 0.40957750 0.43694687
vt 0.41052957 0.43694687
vt 0.41052957 0.44376971
vt 0.40957750 0.44376971
vt 0.41052957 0.45040970
vt 0.40957750 0.45040970
vt 0.41052957 0.45687040
vt 0.40957750 0.45687040
vt 0.41052957 0.46312778
vt 0.40957750 0.46312778
vt 0.41052957 0.46937217
vt 0.40957750 0.46937217
vt 0.41052957 0.47578241
vt 0.40957750 0.47578241
vt 0.41052957 0.48231801
vt 0.40957750 0.48231801
vt 0.40957750 0.48891109
vt 0.41052957 0.48891109
vt 0.41052957 0.37090443
vt 0.41052957 0.37749598
vt 0.40957750 0.37090443
vt 0.40957750 0.37749598
vt 0.41052957 0.38403010
vt 0.40957750 0.38403010
vt 0.40957750 0.39043983
vt 0.41052957 0.39043983
vt 0.40957750 0.39668473
vt 0.41052957 0.39668473
vt 0.41052957 0.40294562
vt 0.40957750 0.40294562
vt 0.40957750 0.40941180
vt 0.41052957 0.40941180
vt 0.40957750 0.41605379
vt 0.41052957 0.41605379
vt 0.40415855 0.42287212
vt 0.40415855 0.42990774
vt 0.40320648 0.42287212
vt 0.40320648 0.42990774
vt 0.40320648 0.41605379
vt 0.40415855 0.41605379
vt 0.40320648 0.40941180
vt 0.40415855 0.40941180
vt 0.40320648 0.40294562
vt 0.40415855 0.40294562
vt 0.40320648 0.39668473
vt 0.40415855 0.39668473
vt 0.40320648 0.39043983
vt 0.40415855 0.39043983
vt 0.40320648 0.38403010
vt 0.40415855 0.38403010
vt 0.40320648 0.37749598
vt 0.40415855 0.37749598
vt 0.40415855 0.37090443
vt 0.40320648 0.37090443
vt 0.40320648 0.48891109
vt 0.40320648 0.48231801
vt 0.40415855 0.48891109
vt 0.40415855 0.48231801
vt 0.40320648 0.47578241
vt 0.40415855 0.47578241
vt 0.40415855 0.46937217
vt 0.40320648 0.46937217
vt 0.40415855 0.46312778
vt 0.40320648 0.46312778
vt 0.40320648 0.45687040
vt 0.40415855 0.45687040
vt 0.40415855 0.45040970
vt 0.40320648 0.45040970
vt 0.40415855 0.44376971
vt 0.40320648 0.44376971
vt 0.40415855 0.43694687
vt 0.40320648 0.43694687
vt 0.40485411 0.34829104
vt 0.40345449 0.33311685
vt 0.40489807 0.32578005
vt 0.40343926 0.34093474
vt 0.40752826 0.35429818
vt 0.40759569 0.31980939
vt 0.41122189 0.31592517
vt 0.41113973 0.35823181
vt 0.41525220 0.35961746
vt 0.41533987 0.31459598
vt 0.41945235 0.31598162
vt 0.41936993 0.35828776
vt 0.42299638 0.35440357
vt 0.42306356 0.31991526
vt 0.42573770 0.32592239
vt 0.42569400 0.34843288
vt 0.42715257 0.33327819
vt 0.42713734 0.34109608
vt 0.48198773 0.31346858
vt 0.48347552 0.32861327
vt 0.48207489 0.33597907
vt 0.48344530 0.32079542
vt 0.47941224 0.34200419
vt 0.47927862 0.30751638
vt 0.47564493 0.30365667
vt 0.47580852 0.34596182
vt 0.47169879 0.34737543
vt 0.46757856 0.34607371
vt 0.47152445 0.30235493
vt 0.46741472 0.30376805
vt 0.46394460 0.34221347
vt 0.46381124 0.30772619
vt 0.46123551 0.33626129
vt 0.46114835 0.31375131
vt 0.45974771 0.32111661
vt 0.45977793 0.32893446
vt 0.48477049 0.43700583
vt 0.49043696 0.44245400
vt 0.49043696 0.43700532
vt 0.44018258 0.40217735
vt 0.48481471 0.43700532
vt 0.49043696 0.43155664
vt 0.48477049 0.43700583
vt 0.48612443 0.45245622
vt 0.49043696 0.44245400
vt 0.44648992 0.45666809
vt 0.44016210 0.43155664
vt 0.48345604 0.39819974
vt 0.48981183 0.38402411
vt 0.48982206 0.40795321
vt 0.48983230 0.40250405
vt 0.31072713 0.27754618
vt 0.29694286 0.28278856
vt 0.30031955 0.30405876
vt 0.31072713 0.27754618
vt 0.30031955 0.30405876
vt 0.32131078 0.30371660
vt 0.34946502 0.30371660
vt 0.32847379 0.30405828
vt 0.33888136 0.27754618
vt 0.32847379 0.30405828
vt 0.32509709 0.28278856
vt 0.33888136 0.27754618
vt 0.03086621 0.22339263
vt 0.02384382 0.22339263
vt 0.03086621 0.20015683
vt 0.02384382 0.20015683
vt 0.03086621 0.24639714
vt 0.02384382 0.24639714
vt 0.03086621 0.22339263
vt 0.02384382 0.22339263
vt 0.02384382 0.24639714
vt 0.03086621 0.24639714
vt 0.02384382 0.26902452
vt 0.03086621 0.26902452
vt 0.02384382 0.26902452
vt 0.03086621 0.26902452
vt 0.02384382 0.29116937
vt 0.03086621 0.29116937
vt 0.02384382 0.29116937
vt 0.03086621 0.29116937
vt 0.02384382 0.31276677
vt 0.03086621 0.31276677
vt 0.02384382 0.31276677
vt 0.03086621 0.31276677
vt 0.02384382 0.33376124
vt 0.03086621 0.33376124
vt 0.02384382 0.33376124
vt 0.03086621 0.33376124
vt 0.02384382 0.35407288
vt 0.03086621 0.35407288
vt 0.02384382 0.37359679
vt 0.02384382 0.35407288
vt 0.03086621 0.35407288
vt 0.03086621 0.37359679
vt 0.02384382 0.39234248
vt 0.02384382 0.37359679
vt 0.03086621 0.37359679
vt 0.03086621 0.39234248
vt 0.02384382 0.02258492
vt 0.02384382 0.00278327
vt 0.03086621 0.00278327
vt 0.03086621 0.02258492
vt 0.02384382 0.04306540
vt 0.02384382 0.02258492
vt 0.03086621 0.02258492
vt 0.03086621 0.04306540
vt 0.02384382 0.04306540
vt 0.03086621 0.06421373
vt 0.02384382 0.06421373
vt 0.03086621 0.04306540
vt 0.03086621 0.08593100
vt 0.02384382 0.08593100
vt 0.03086621 0.06421373
vt 0.02384382 0.06421373
vt 0.03086621 0.10810931
vt 0.02384382 0.10810931
vt 0.03086621 0.08593100
vt 0.02384382 0.08593100
vt 0.03086621 0.13070623
vt 0.02384382 0.13070623
vt 0.03086621 0.10810931
vt 0.02384382 0.10810931
vt 0.02384382 0.13070623
vt 0.03086621 0.15365629
vt 0.02384382 0.15365629
vt 0.03086621 0.13070623
vt 0.03086621 0.15365629
vt 0.03086621 0.17685561
vt 0.02384382 0.15365629
vt 0.02384382 0.17685561
vt 0.03086621 0.17685561
vt 0.03086621 0.20015683
vt 0.02384382 0.17685561
vt 0.02384382 0.20015683
vt 0.03086621 0.22339263
vt 0.03086621 0.20015683
vt 0.03372416 0.20015683
vt 0.03372416 0.22339263
vt 0.03372416 0.17685561
vt 0.03086621 0.17685561
vt 0.03086621 0.15365629
vt 0.03372416 0.15365629
vt 0.03086621 0.13070623
vt 0.03372416 0.13070623
vt 0.03086621 0.10810931
vt 0.03372416 0.10810931
vt 0.03086621 0.08593100
vt 0.03372416 0.08593100
vt 0.03086621 0.06421373
vt 0.03372416 0.06421373
vt 0.03086621 0.04306540
vt 0.03372416 0.04306540
vt 0.03086621 0.02258492
vt 0.03372416 0.02258492
vt 0.03372416 0.00278327
vt 0.03086621 0.00278327
vt 0.03086621 0.39234248
vt 0.03086621 0.37359679
vt 0.03372416 0.39234248
vt 0.03372416 0.37359679
vt 0.03086621 0.35407288
vt 0.03372416 0.35407288
vt 0.03372416 0.33376124
vt 0.03086621 0.33376124
vt 0.03372416 0.31276677
vt 0.03086621 0.31276677
vt 0.03086621 0.29116937
vt 0.03372416 0.29116937
vt 0.03372416 0.26902452
vt 0.03086621 0.26902452
vt 0.03372416 0.24639714
vt 0.03086621 0.24639714
vt 0.03372416 0.22339263
vt 0.04159971 0.20015683
vt 0.04159971 0.22339263
vt 0.03372416 0.20015683
vt 0.04159971 0.24639714
vt 0.03372416 0.22339263
vt 0.04159971 0.22339263
vt 0.03372416 0.24639714
vt 0.04159971 0.24639714
vt 0.04159971 0.26902452
vt 0.03372416 0.24639714
vt 0.03372416 0.26902452
vt 0.04159971 0.29116937
vt 0.03372416 0.26902452
vt 0.04159971 0.26902452
vt 0.03372416 0.29116937
vt 0.04159971 0.29116937
vt 0.04159971 0.31276677
vt 0.03372416 0.29116937
vt 0.03372416 0.31276677
vt 0.04159971 0.31276677
vt 0.04159971 0.33376124
vt 0.03372416 0.31276677
vt 0.03372416 0.33376124
vt 0.04159971 0.35407288
vt 0.03372416 0.33376124
vt 0.04159971 0.33376124
vt 0.03372416 0.35407288
vt 0.03372416 0.37359679
vt 0.03372416 0.35407288
vt 0.04159971 0.37359679
vt 0.04159971 0.35407288
vt 0.03372416 0.39234248
vt 0.03372416 0.37359679
vt 0.04159971 0.39234248
vt 0.04159971 0.37359679
vt 0.03372416 0.02258492
vt 0.03372416 0.00278327
vt 0.04159971 0.02258492
vt 0.04159971 0.00278327
vt 0.03372416 0.04306540
vt 0.03372416 0.02258492
vt 0.04159971 0.04306540
vt 0.04159971 0.02258492
vt 0.03372416 0.06421373
vt 0.03372416 0.04306540
vt 0.04159971 0.06421373
vt 0.04159971 0.04306540
vt 0.03372416 0.06421373
vt 0.04159971 0.08593100
vt 0.03372416 0.08593100
vt 0.04159971 0.06421373
vt 0.03372416 0.08593100
vt 0.04159971 0.10810931
vt 0.03372416 0.10810931
vt 0.04159971 0.08593100
vt 0.04159971 0.13070623
vt 0.03372416 0.13070623
vt 0.04159971 0.10810931
vt 0.03372416 0.10810931
vt 0.04159971 0.15365629
vt 0.03372416 0.15365629
vt 0.04159971 0.13070623
vt 0.03372416 0.13070623
vt 0.03372416 0.17685561
vt 0.04159971 0.15365629
vt 0.04159971 0.17685561
vt 0.03372416 0.15365629
vt 0.03372416 0.20015683
vt 0.04159971 0.17685561
vt 0.04159971 0.20015683
vt 0.03372416 0.17685561
vt 0.14930392 0.44851157
vt 0.13928747 0.39261021
vt 0.14286298 0.37316871
vt 0.14274210 0.43274647
vt 0.13924976 0.41332546
vt 0.15811456 0.45877454
vt 0.14952171 0.35740114
vt 0.16812478 0.46237752
vt 0.15841977 0.34720009
vt 0.17817171 0.45890141
vt 0.16846670 0.34372401
vt 0.18707002 0.44870039
vt 0.17847666 0.34732699
vt 0.19372850 0.43293228
vt 0.18728730 0.35758946
vt 0.19730401 0.41349129
vt 0.19384939 0.37335503
vt 0.19734172 0.39277604
vt 0.18423604 0.05746882
vt 0.18827409 0.10121655
vt 0.18432670 0.08005474
vt 0.18801334 0.03618262
vt 0.19520281 0.01876465
vt 0.19560242 0.11840226
vt 0.20542782 0.12953836
vt 0.20493755 0.00731484
vt 0.21604320 0.00321385
vt 0.21656518 0.13328171
vt 0.22718005 0.00695769
vt 0.22767083 0.12918122
vt 0.23740556 0.11773091
vt 0.23700545 0.01809331
vt 0.24459528 0.10031244
vt 0.24433404 0.03527851
vt 0.24828168 0.05644032
vt 0.24837234 0.07902674
vt 0.00304865 0.22339263
vt 0.01007103 0.22339263
vt 0.00304865 0.20015683
vt 0.01007103 0.20015683
vt 0.00304865 0.22339263
vt 0.00304865 0.24639664
vt 0.01007103 0.22339263
vt 0.01007103 0.24639664
vt 0.01007103 0.24639664
vt 0.00304865 0.24639664
vt 0.00304865 0.26902402
vt 0.01007103 0.26902402
vt 0.01007103 0.26902402
vt 0.00304865 0.26902402
vt 0.00304865 0.29116937
vt 0.01007103 0.29116937
vt 0.01007103 0.29116937
vt 0.00304865 0.29116937
vt 0.00304865 0.31276677
vt 0.01007103 0.31276677
vt 0.01007103 0.31276677
vt 0.00304865 0.31276677
vt 0.00304865 0.33376124
vt 0.01007103 0.33376124
vt 0.01007103 0.33376124
vt 0.00304865 0.33376124
vt 0.00304865 0.35407288
vt 0.01007103 0.35407288
vt 0.01007103 0.37359628
vt 0.01007103 0.35407288
vt 0.00304865 0.37359628
vt 0.00304865 0.35407288
vt 0.01007103 0.39234248
vt 0.01007103 0.37359628
vt 0.00304865 0.39234248
vt 0.00304865 0.37359628
vt 0.01007103 0.00278327
vt 0.00304865 0.00278327
vt 0.01007103 0.02258492
vt 0.00304865 0.02258492
vt 0.01007103 0.04306540
vt 0.01007103 0.02258492
vt 0.00304865 0.04306540
vt 0.00304865 0.02258492
vt 0.00304865 0.06421373
vt 0.01007103 0.06421373
vt 0.00304865 0.04306540
vt 0.01007103 0.04306540
vt 0.00304865 0.08593050
vt 0.01007103 0.08593050
vt 0.00304865 0.06421373
vt 0.01007103 0.06421373
vt 0.01007103 0.10810931
vt 0.01007103 0.08593050
vt 0.00304865 0.10810931
vt 0.00304865 0.08593050
vt 0.01007103 0.10810931
vt 0.00304865 0.13070623
vt 0.01007103 0.13070623
vt 0.00304865 0.10810931
vt 0.01007103 0.15365629
vt 0.01007103 0.13070623
vt 0.00304865 0.15365629
vt 0.00304865 0.13070623
vt 0.00304865 0.17685561
vt 0.01007103 0.17685561
vt 0.00304865 0.15365629
vt 0.01007103 0.15365629
vt 0.00304865 0.20015683
vt 0.01007103 0.20015683
vt 0.00304865 0.17685561
vt 0.01007103 0.17685561
vt 0.01007103 0.22339263
vt 0.01292899 0.20015683
vt 0.01007103 0.20015683
vt 0.01292899 0.22339263
vt 0.01007103 0.17685561
vt 0.01292899 0.17685561
vt 0.01292899 0.15365629
vt 0.01007103 0.15365629
vt 0.01292899 0.13070623
vt 0.01007103 0.13070623
vt 0.01292899 0.10810931
vt 0.01007103 0.10810931
vt 0.01007103 0.08593050
vt 0.01292899 0.08593050
vt 0.01292899 0.06421373
vt 0.01007103 0.06421373
vt 0.01292899 0.04306540
vt 0.01007103 0.04306540
vt 0.01007103 0.02258492
vt 0.01292899 0.02258492
vt 0.01292899 0.00278327
vt 0.01007103 0.00278327
vt 0.01292899 0.39234248
vt 0.01292899 0.37359628
vt 0.01007103 0.37359628
vt 0.01007103 0.39234248
vt 0.01007103 0.35407288
vt 0.01292899 0.35407288
vt 0.01007103 0.33376124
vt 0.01292899 0.33376124
vt 0.01007103 0.31276677
vt 0.01292899 0.31276677
vt 0.01007103 0.29116937
vt 0.01292899 0.29116937
vt 0.01292899 0.26902402
vt 0.01007103 0.26902402
vt 0.01007103 0.24639664
vt 0.01292899 0.24639664
vt 0.01292899 0.20015683
vt 0.01292899 0.22339263
vt 0.02080479 0.20015683
vt 0.02080479 0.22339263
vt 0.01292899 0.22339263
vt 0.02080479 0.24639664
vt 0.02080479 0.22339263
vt 0.01292899 0.24639664
vt 0.02080479 0.24639664
vt 0.01292899 0.24639664
vt 0.02080479 0.26902402
vt 0.01292899 0.26902402
vt 0.02080479 0.26902402
vt 0.01292899 0.26902402
vt 0.02080479 0.29116937
vt 0.01292899 0.29116937
vt 0.02080479 0.29116937
vt 0.01292899 0.29116937
vt 0.02080479 0.31276677
vt 0.01292899 0.31276677
vt 0.02080479 0.31276677
vt 0.01292899 0.31276677
vt 0.02080479 0.33376124
vt 0.01292899 0.33376124
vt 0.02080479 0.33376124
vt 0.01292899 0.33376124
vt 0.02080479 0.35407288
vt 0.01292899 0.35407288
vt 0.02080479 0.35407288
vt 0.01292899 0.35407288
vt 0.02080479 0.37359628
vt 0.01292899 0.37359628
vt 0.02080479 0.37359628
vt 0.01292899 0.37359628
vt 0.02080479 0.39234248
vt 0.01292899 0.39234248
vt 0.02080479 0.00278327
vt 0.01292899 0.00278327
vt 0.02080479 0.02258492
vt 0.01292899 0.02258492
vt 0.02080479 0.02258492
vt 0.01292899 0.02258492
vt 0.02080479 0.04306540
vt 0.01292899 0.04306540
vt 0.01292899 0.06421373
vt 0.02080479 0.06421373
vt 0.01292899 0.04306540
vt 0.02080479 0.04306540
vt 0.01292899 0.08593050
vt 0.02080479 0.08593050
vt 0.01292899 0.06421373
vt 0.02080479 0.06421373
vt 0.01292899 0.10810931
vt 0.02080479 0.10810931
vt 0.01292899 0.08593050
vt 0.02080479 0.08593050
vt 0.02080479 0.13070623
vt 0.02080479 0.10810931
vt 0.01292899 0.13070623
vt 0.01292899 0.10810931
vt 0.02080479 0.15365629
vt 0.02080479 0.13070623
vt 0.01292899 0.15365629
vt 0.01292899 0.13070623
vt 0.01292899 0.15365629
vt 0.01292899 0.17685561
vt 0.02080479 0.15365629
vt 0.02080479 0.17685561
vt 0.01292899 0.17685561
vt 0.01292899 0.20015683
vt 0.02080479 0.17685561
vt 0.02080479 0.20015683
vt 0.24035193 0.28807688
vt 0.25012231 0.34403868
vt 0.24689004 0.30388193
vt 0.24667850 0.36345871
vt 0.25012231 0.32332394
vt 0.23155677 0.27776049
vt 0.23999602 0.37918585
vt 0.22155230 0.27409707
vt 0.23108248 0.38933241
vt 0.21150013 0.27751221
vt 0.22103032 0.39274758
vt 0.20258634 0.28765881
vt 0.21102584 0.38908416
vt 0.19590388 0.30338642
vt 0.20223094 0.37876774
vt 0.19229891 0.32280594
vt 0.19569283 0.36296269
vt 0.19222997 0.34352069
vt 0.18870741 0.23746586
vt 0.18855705 0.17243044
vt 0.18474379 0.19369066
vt 0.18479598 0.21627708
vt 0.19577626 0.15506142
vt 0.19600677 0.25470101
vt 0.20581319 0.26590357
vt 0.20553021 0.14367755
vt 0.21694406 0.26972282
vt 0.21664261 0.13965249
vt 0.22777347 0.14347125
vt 0.22805669 0.26569778
vt 0.23781067 0.25431390
vt 0.23757964 0.15467379
vt 0.24502985 0.23694388
vt 0.24487901 0.17190896
vt 0.24879069 0.19309723
vt 0.24884313 0.21568366
vt 0.14702865 0.03515363
vt 0.14702865 0.10517818
vt 0.14212221 0.03515363
vt 0.14212221 0.10517818
vt 0.14212221 0.03515363
vt 0.14212221 0.10517818
vt 0.13708212 0.03515363
vt 0.13708212 0.10517818
vt 0.18111108 0.03515363
vt 0.18111108 0.10517818
vt 0.17608051 0.03515363
vt 0.17608051 0.10517818
vt 0.17608051 0.03515363
vt 0.17608051 0.10517818
vt 0.17119053 0.03515363
vt 0.17119053 0.10517818
vt 0.17119053 0.03515363
vt 0.17119053 0.10517818
vt 0.16635402 0.03515363
vt 0.16635402 0.10517818
vt 0.16635402 0.03515363
vt 0.16635402 0.10517818
vt 0.16153622 0.03515363
vt 0.16153622 0.10517818
vt 0.16153622 0.03515363
vt 0.16153622 0.10517818
vt 0.15671893 0.03515363
vt 0.15671893 0.10517818
vt 0.15671893 0.03515363
vt 0.15671893 0.10517818
vt 0.15188791 0.03515363
vt 0.15188791 0.10517818
vt 0.15188791 0.03515363
vt 0.15188791 0.10517818
vt 0.14702865 0.03515363
vt 0.14702865 0.10517818
vt 0.14702865 0.03515363
vt 0.14212221 0.03515363
vt 0.14212221 0.02815997
vt 0.14702865 0.02815997
vt 0.13708212 0.02815997
vt 0.13708212 0.03515363
vt 0.17608051 0.03515363
vt 0.18111108 0.02815997
vt 0.18111108 0.03515363
vt 0.17608051 0.02815997
vt 0.17119053 0.03515363
vt 0.17119053 0.02815997
vt 0.16635402 0.02815997
vt 0.16635402 0.03515363
vt 0.16153622 0.02815997
vt 0.16153622 0.03515363
vt 0.15671893 0.03515363
vt 0.15671893 0.02815997
vt 0.15188791 0.03515363
vt 0.15188791 0.02815997
vt 0.14702865 0.00300056
vt 0.14702865 0.02815997
vt 0.14212221 0.00300056
vt 0.14212221 0.02815997
vt 0.14212221 0.00300056
vt 0.14212221 0.02815997
vt 0.13708212 0.00300056
vt 0.13708212 0.02815997
vt 0.18111108 0.00300056
vt 0.18111108 0.02815997
vt 0.17608051 0.00300056
vt 0.17608051 0.02815997
vt 0.17608051 0.00300056
vt 0.17608051 0.02815997
vt 0.17119053 0.00300056
vt 0.17119053 0.02815997
vt 0.17119053 0.00300056
vt 0.17119053 0.02815997
vt 0.16635402 0.00300056
vt 0.16635402 0.02815997
vt 0.16635402 0.00300056
vt 0.16635402 0.02815997
vt 0.16153622 0.00300056
vt 0.16153622 0.02815997
vt 0.16153622 0.00300056
vt 0.16153622 0.02815997
vt 0.15671893 0.00300056
vt 0.15671893 0.02815997
vt 0.15671893 0.00300056
vt 0.15671893 0.02815997
vt 0.15188791 0.00300056
vt 0.15188791 0.02815997
vt 0.15188791 0.00300056
vt 0.15188791 0.02815997
vt 0.14702865 0.00300056
vt 0.14702865 0.02815997
vt 0.14702865 0.10517818
vt 0.14212221 0.11744619
vt 0.14212221 0.10517818
vt 0.14702865 0.11744619
vt 0.13708212 0.11744619
vt 0.13708212 0.10517818
vt 0.17608051 0.10517818
vt 0.18111108 0.11744619
vt 0.17608051 0.11744619
vt 0.18111108 0.10517818
vt 0.17119053 0.10517818
vt 0.17119053 0.11744619
vt 0.16635402 0.10517818
vt 0.16635402 0.11744619
vt 0.16153622 0.11744619
vt 0.16153622 0.10517818
vt 0.15671893 0.10517818
vt 0.15671893 0.11744619
vt 0.15188791 0.10517818
vt 0.15188791 0.11744619
vt 0.10267651 0.49788780
vt 0.10725379 0.48828719
vt 0.10583867 0.49475336
vt 0.10332113 0.47760462
vt 0.10625951 0.48151432
vt 0.15188791 0.11744619
vt 0.15188791 0.28350488
vt 0.14702865 0.11744619
vt 0.14702865 0.28350488
vt 0.15671893 0.11744619
vt 0.15671893 0.28350488
vt 0.15188791 0.11744619
vt 0.15188791 0.28350488
vt 0.16153622 0.11744619
vt 0.16153622 0.28350488
vt 0.15671893 0.11744619
vt 0.15671893 0.28350488
vt 0.16635402 0.11744619
vt 0.16635402 0.28350488
vt 0.16153622 0.11744619
vt 0.16153622 0.28350488
vt 0.17119053 0.11744619
vt 0.17119053 0.28350488
vt 0.16635402 0.11744619
vt 0.16635402 0.28350488
vt 0.17608051 0.11744619
vt 0.17608051 0.28350488
vt 0.17119053 0.11744619
vt 0.17119053 0.28350488
vt 0.17608051 0.28350488
vt 0.17608051 0.11744619
vt 0.18111108 0.11744619
vt 0.18111108 0.28350488
vt 0.14212221 0.11744619
vt 0.14212221 0.28350488
vt 0.13708212 0.11744619
vt 0.13708212 0.28350488
vt 0.14702865 0.11744619
vt 0.14702865 0.28350488
vt 0.14212221 0.11744619
vt 0.14212221 0.28350488
vt 0.09737819 0.48349486
vt 0.09924687 0.49622342
vt 0.09715440 0.49053947
vt 0.09981381 0.47838688
vt 0.09472728 0.00272483
vt 0.08065729 0.38316394
vt 0.07623861 0.00277778
vt 0.09085207 0.38313497
vt 0.10332188 0.38312148
vt 0.09926410 0.00285720
vt 0.11351641 0.38313098
vt 0.11775252 0.00287468
vt 0.04774870 0.38362700
vt 0.04467945 0.00332574
vt 0.05283823 0.38348912
vt 0.05541696 0.00303503
vt 0.01423546 0.46215473
vt 0.00404093 0.46209530
vt 0.01425020 0.45197419
vt 0.00405591 0.45191473
vt 0.06327453 0.38392771
vt 0.07150099 0.00376981
vt 0.06836405 0.38406907
vt 0.06076348 0.00347160
vt 0.12221067 0.23069598
vt 0.12221041 0.26404787
vt 0.12020388 0.26404787
vt 0.12020388 0.23069598
vt 0.12221041 0.26404787
vt 0.12221067 0.23069598
vt 0.12468849 0.26404787
vt 0.12468849 0.23069598
vt 0.12468849 0.26404787
vt 0.12468849 0.23069598
vt 0.12694778 0.26404787
vt 0.12694778 0.23069598
vt 0.12857819 0.23069598
vt 0.12857819 0.26404787
vt 0.12694778 0.23069598
vt 0.12694778 0.26404787
vt 0.12857819 0.26404787
vt 0.12857819 0.23069598
vt 0.13023382 0.23069598
vt 0.13023382 0.26404787
vt 0.13023382 0.26404787
vt 0.13023382 0.23069598
vt 0.13195913 0.23069598
vt 0.13195913 0.26404787
vt 0.13377835 0.26404787
vt 0.13195913 0.23069598
vt 0.13377835 0.23069598
vt 0.13195913 0.26404787
vt 0.12221041 0.26404787
vt 0.12221041 0.28229206
vt 0.12020388 0.28229206
vt 0.12020388 0.26404787
vt 0.12221041 0.28229206
vt 0.12221041 0.26404787
vt 0.12468849 0.28229206
vt 0.12468849 0.26404787
vt 0.12468849 0.28229206
vt 0.12468849 0.26404787
vt 0.12694778 0.28229206
vt 0.12694778 0.26404787
vt 0.12857819 0.26404787
vt 0.12857819 0.28229206
vt 0.12694778 0.26404787
vt 0.12694778 0.28229206
vt 0.12857819 0.28229206
vt 0.12857819 0.26404787
vt 0.13023382 0.26404787
vt 0.13023382 0.28229206
vt 0.13023382 0.28229206
vt 0.13023382 0.26404787
vt 0.13195913 0.26404787
vt 0.13195913 0.28229206
vt 0.13377835 0.28229206
vt 0.13195913 0.26404787
vt 0.13377835 0.26404787
vt 0.13195913 0.28229206
vt 0.12221041 0.28229206
vt 0.12221041 0.29112992
vt 0.12020388 0.29112992
vt 0.12020388 0.28229206
vt 0.12221041 0.29112992
vt 0.12468849 0.28229206
vt 0.12468849 0.29112992
vt 0.12221041 0.28229206
vt 0.12468849 0.29112992
vt 0.12694778 0.28229206
vt 0.12694778 0.29112992
vt 0.12468849 0.28229206
vt 0.12857819 0.28229206
vt 0.12857819 0.29112992
vt 0.12694778 0.28229206
vt 0.12694778 0.29112992
vt 0.13023382 0.28229206
vt 0.13023382 0.29112992
vt 0.12857819 0.28229206
vt 0.12857819 0.29112992
vt 0.13023382 0.29112992
vt 0.13023382 0.28229206
vt 0.13195913 0.29112992
vt 0.13195913 0.28229206
vt 0.13195913 0.29112992
vt 0.13195913 0.28229206
vt 0.13377835 0.29112992
vt 0.13377835 0.28229206
vt 0.12020388 0.30522712
vt 0.12221041 0.30522712
vt 0.12221041 0.31298703
vt 0.12020388 0.31298703
vt 0.12468849 0.31298703
vt 0.12221041 0.30522712
vt 0.12468849 0.30522712
vt 0.12221041 0.31298703
vt 0.12694778 0.31298703
vt 0.12468849 0.30522712
vt 0.12694778 0.30522712
vt 0.12468849 0.31298703
vt 0.12694778 0.31298703
vt 0.12694778 0.30522712
vt 0.12912541 0.30522712
vt 0.12912541 0.31298703
vt 0.12912541 0.31298703
vt 0.12912541 0.30522712
vt 0.13137720 0.30522712
vt 0.13137720 0.31298703
vt 0.13137720 0.31298703
vt 0.13137720 0.30522712
vt 0.13377835 0.30522712
vt 0.13377835 0.31298703
vt 0.12221041 0.31298703
vt 0.12221041 0.31977241
vt 0.12020388 0.31298703
vt 0.12020388 0.31977241
vt 0.12468849 0.31977241
vt 0.12221041 0.31298703
vt 0.12468849 0.31298703
vt 0.12221041 0.31977241
vt 0.12694778 0.31977241
vt 0.12468849 0.31298703
vt 0.12694778 0.31298703
vt 0.12468849 0.31977241
vt 0.12694778 0.31977241
vt 0.12694778 0.31298703
vt 0.12912541 0.31298703
vt 0.12912541 0.31977241
vt 0.13137720 0.31298703
vt 0.13137720 0.31977241
vt 0.12912541 0.31977241
vt 0.12912541 0.31298703
vt 0.13377835 0.31298703
vt 0.13377835 0.31977241
vt 0.13137720 0.31977241
vt 0.13137720 0.31298703
vt 0.12221041 0.31977241
vt 0.12221041 0.32656627
vt 0.12020388 0.31977241
vt 0.12020388 0.32656627
vt 0.12221041 0.32656627
vt 0.12221041 0.31977241
vt 0.12468849 0.31977241
vt 0.12468849 0.32656627
vt 0.12468849 0.32656627
vt 0.12468849 0.31977241
vt 0.12694778 0.31977241
vt 0.12694778 0.32656627
vt 0.12694778 0.32656627
vt 0.12694778 0.31977241
vt 0.12912541 0.31977241
vt 0.12912541 0.32656627
vt 0.13137720 0.31977241
vt 0.13137720 0.32656627
vt 0.12912541 0.31977241
vt 0.12912541 0.32656627
vt 0.13377835 0.31977241
vt 0.13377835 0.32656627
vt 0.13137720 0.31977241
vt 0.13137720 0.32656627
vt 0.12020388 0.32656627
vt 0.12221041 0.32656627
vt 0.12020388 0.33225772
vt 0.12221041 0.33225772
vt 0.12468849 0.32656627
vt 0.12468849 0.33225772
vt 0.12221041 0.33225772
vt 0.12221041 0.32656627
vt 0.12694778 0.32656627
vt 0.12694778 0.33225772
vt 0.12468849 0.33225772
vt 0.12468849 0.32656627
vt 0.12912541 0.32656627
vt 0.12912541 0.33225772
vt 0.12694778 0.32656627
vt 0.12694778 0.33225772
vt 0.12912541 0.32656627
vt 0.13137720 0.33225772
vt 0.12912541 0.33225772
vt 0.13137720 0.32656627
vt 0.13137720 0.32656627
vt 0.13377835 0.33225772
vt 0.13137720 0.33225772
vt 0.13377835 0.32656627
vt 0.12020388 0.33225772
vt 0.12221041 0.33225772
vt 0.12020388 0.33721088
vt 0.12221041 0.33721088
vt 0.12221041 0.33721088
vt 0.12221041 0.33225772
vt 0.12468849 0.33721088
vt 0.12468849 0.33225772
vt 0.12468849 0.33721088
vt 0.12468849 0.33225772
vt 0.12694778 0.33721088
vt 0.12694778 0.33225772
vt 0.12694778 0.33225772
vt 0.12912541 0.33225772
vt 0.12912541 0.33721088
vt 0.12694778 0.33721088
vt 0.12912541 0.33721088
vt 0.12912541 0.33225772
vt 0.13137720 0.33225772
vt 0.13137720 0.33721088
vt 0.13137720 0.33721088
vt 0.13137720 0.33225772
vt 0.13377835 0.33225772
vt 0.13377835 0.33721088
vt 0.12221041 0.34359512
vt 0.12020388 0.34359512
vt 0.12020388 0.33721088
vt 0.12221041 0.33721088
vt 0.12221041 0.33721088
vt 0.12468849 0.34359512
vt 0.12221041 0.34359512
vt 0.12468849 0.33721088
vt 0.12468849 0.34359512
vt 0.12468849 0.33721088
vt 0.12694778 0.34359512
vt 0.12694778 0.33721088
vt 0.12694778 0.34359512
vt 0.12694778 0.33721088
vt 0.12912541 0.33721088
vt 0.12912541 0.34359512
vt 0.12912541 0.34359512
vt 0.12912541 0.33721088
vt 0.13137720 0.33721088
vt 0.13137720 0.34359512
vt 0.13377835 0.33721088
vt 0.13377835 0.34359512
vt 0.13137720 0.34359512
vt 0.13137720 0.33721088
vt 0.12020388 0.38932291
vt 0.12020388 0.34359512
vt 0.12221041 0.38932291
vt 0.12221041 0.34359512
vt 0.12221041 0.38932291
vt 0.12221041 0.34359512
vt 0.12468849 0.38932291
vt 0.12468849 0.34359512
vt 0.12468849 0.38932291
vt 0.12468849 0.34359512
vt 0.12694778 0.38932291
vt 0.12694778 0.34359512
vt 0.12694778 0.38932291
vt 0.12694778 0.34359512
vt 0.12912541 0.34359512
vt 0.12912541 0.38932291
vt 0.13137720 0.34359512
vt 0.12912541 0.38932291
vt 0.12912541 0.34359512
vt 0.13137720 0.38932291
vt 0.13377835 0.34359512
vt 0.13137720 0.38932291
vt 0.13137720 0.34359512
vt 0.13377835 0.38932291
vt 0.12221041 0.29866454
vt 0.12020388 0.29866454
vt 0.12221041 0.29112992
vt 0.12020388 0.29112992
vt 0.12468849 0.29112992
vt 0.12468849 0.29866454
vt 0.12221041 0.29866454
vt 0.12221041 0.29112992
vt 0.12694778 0.29112992
vt 0.12694778 0.29866454
vt 0.12468849 0.29866454
vt 0.12468849 0.29112992
vt 0.12857819 0.29112992
vt 0.12912541 0.29866454
vt 0.12694778 0.29112992
vt 0.12694778 0.29866454
vt 0.13023382 0.29112992
vt 0.13137720 0.29866454
vt 0.12912541 0.29866454
vt 0.12857819 0.29112992
vt 0.13137720 0.29866454
vt 0.13023382 0.29112992
vt 0.13195913 0.29112992
vt 0.13137720 0.29866454
vt 0.13195913 0.29112992
vt 0.13377835 0.29866454
vt 0.13377835 0.29112992
vt 0.12221041 0.30522712
vt 0.12020388 0.30522712
vt 0.12221041 0.29866454
vt 0.12020388 0.29866454
vt 0.12221041 0.30522712
vt 0.12468849 0.29866454
vt 0.12468849 0.30522712
vt 0.12221041 0.29866454
vt 0.12694778 0.29866454
vt 0.12468849 0.30522712
vt 0.12468849 0.29866454
vt 0.12694778 0.30522712
vt 0.12694778 0.29866454
vt 0.12912541 0.29866454
vt 0.12912541 0.30522712
vt 0.12694778 0.30522712
vt 0.12912541 0.29866454
vt 0.13137720 0.30522712
vt 0.12912541 0.30522712
vt 0.13137720 0.29866454
vt 0.13137720 0.30522712
vt 0.13137720 0.29866454
vt 0.13377835 0.30522712
vt 0.13377835 0.29866454
vt 0.12020388 0.23069598
vt 0.12020388 0.19654887
vt 0.12221067 0.23069598
vt 0.12221067 0.19654887
vt 0.12468849 0.19654887
vt 0.12468849 0.23069598
vt 0.12221067 0.23069598
vt 0.12221067 0.19654887
vt 0.12694778 0.19654887
vt 0.12694778 0.23069598
vt 0.12468849 0.23069598
vt 0.12468849 0.19654887
vt 0.12694778 0.23069598
vt 0.12694778 0.19654887
vt 0.12857819 0.19654887
vt 0.12857819 0.23069598
vt 0.13023382 0.19654887
vt 0.13023382 0.23069598
vt 0.12857819 0.19654887
vt 0.12857819 0.23069598
vt 0.13195913 0.19654887
vt 0.13195913 0.23069598
vt 0.13023382 0.19654887
vt 0.13023382 0.23069598
vt 0.13195913 0.23069598
vt 0.13377835 0.19654887
vt 0.13377835 0.23069598
vt 0.13195913 0.19654887
vt 0.12020388 0.19654887
vt 0.12020388 0.17691005
vt 0.12221067 0.19654887
vt 0.12221067 0.17691005
vt 0.12468849 0.17691005
vt 0.12468849 0.19654887
vt 0.12221067 0.19654887
vt 0.12221067 0.17691005
vt 0.12694778 0.17691005
vt 0.12694778 0.19654887
vt 0.12468849 0.19654887
vt 0.12468849 0.17691005
vt 0.12694778 0.19654887
vt 0.12694778 0.17691005
vt 0.12857819 0.17691005
vt 0.12857819 0.19654887
vt 0.13023382 0.17691005
vt 0.13023382 0.19654887
vt 0.12857819 0.17691005
vt 0.12857819 0.19654887
vt 0.13195913 0.17691005
vt 0.13195913 0.19654887
vt 0.13023382 0.17691005
vt 0.13023382 0.19654887
vt 0.13195913 0.19654887
vt 0.13377835 0.17691005
vt 0.13377835 0.19654887
vt 0.13195913 0.17691005
vt 0.12020388 0.17691005
vt 0.12020388 0.16690484
vt 0.12221067 0.17691005
vt 0.12221067 0.16690484
vt 0.12468849 0.16690484
vt 0.12468849 0.17691005
vt 0.12221067 0.16690484
vt 0.12221067 0.17691005
vt 0.12694778 0.16690484
vt 0.12694778 0.17691005
vt 0.12468849 0.16690484
vt 0.12468849 0.17691005
vt 0.12694778 0.17691005
vt 0.12694778 0.16690484
vt 0.12857819 0.16690484
vt 0.12857819 0.17691005
vt 0.12857819 0.17691005
vt 0.12857819 0.16690484
vt 0.13023382 0.16690484
vt 0.13023382 0.17691005
vt 0.13023382 0.17691005
vt 0.13023382 0.16690484
vt 0.13195913 0.16690484
vt 0.13195913 0.17691005
vt 0.13195913 0.17691005
vt 0.13377835 0.16690484
vt 0.13377835 0.17691005
vt 0.13195913 0.16690484
vt 0.12020388 0.14964672
vt 0.12221067 0.13927185
vt 0.12221067 0.14964672
vt 0.12020388 0.13927185
vt 0.12221067 0.14964672
vt 0.12221067 0.13927185
vt 0.12468849 0.13927185
vt 0.12468849 0.14964672
vt 0.12468849 0.14964672
vt 0.12468849 0.13927185
vt 0.12694778 0.13927185
vt 0.12694778 0.14964672
vt 0.12694778 0.14964672
vt 0.12694778 0.13927185
vt 0.12857819 0.14964672
vt 0.12857819 0.13927185
vt 0.12857819 0.14964672
vt 0.12857819 0.13927185
vt 0.13023382 0.14964672
vt 0.13023382 0.13927185
vt 0.13023382 0.13927185
vt 0.13195913 0.14964672
vt 0.13023382 0.14964672
vt 0.13195913 0.13927185
vt 0.13195913 0.14964672
vt 0.13195913 0.13927185
vt 0.13377835 0.14964672
vt 0.13377835 0.13927185
vt 0.12020388 0.13927185
vt 0.12221067 0.12955535
vt 0.12221067 0.13927185
vt 0.12020388 0.12955535
vt 0.12468849 0.12955535
vt 0.12221067 0.13927185
vt 0.12221067 0.12955535
vt 0.12468849 0.13927185
vt 0.12694778 0.12955535
vt 0.12468849 0.13927185
vt 0.12468849 0.12955535
vt 0.12694778 0.13927185
vt 0.12694778 0.13927185
vt 0.12694778 0.12955535
vt 0.12857819 0.13927185
vt 0.12857819 0.12955535
vt 0.12857819 0.13927185
vt 0.12857819 0.12955535
vt 0.13023382 0.13927185
vt 0.13023382 0.12955535
vt 0.13023382 0.13927185
vt 0.13023382 0.12955535
vt 0.13195913 0.13927185
vt 0.13195913 0.12955535
vt 0.13195913 0.13927185
vt 0.13195913 0.12955535
vt 0.13377835 0.13927185
vt 0.13377835 0.12955535
vt 0.12020388 0.12955535
vt 0.12221067 0.11913404
vt 0.12221067 0.12955535
vt 0.12020388 0.11913404
vt 0.12221067 0.11913404
vt 0.12468849 0.12955535
vt 0.12221067 0.12955535
vt 0.12468849 0.11913404
vt 0.12468849 0.11913404
vt 0.12694778 0.12955535
vt 0.12468849 0.12955535
vt 0.12694778 0.11913404
vt 0.12694778 0.12955535
vt 0.12694778 0.11913404
vt 0.12857819 0.12955535
vt 0.12857819 0.11913404
vt 0.12857819 0.12955535
vt 0.13023382 0.11913404
vt 0.13023382 0.12955535
vt 0.12857819 0.11913404
vt 0.13023382 0.12955535
vt 0.13195913 0.11913404
vt 0.13195913 0.12955535
vt 0.13023382 0.11913404
vt 0.13377835 0.12955535
vt 0.13195913 0.11913404
vt 0.13377835 0.11913404
vt 0.13195913 0.12955535
vt 0.12020388 0.11913404
vt 0.12020388 0.10981815
vt 0.12221067 0.11913404
vt 0.12221067 0.10981815
vt 0.12221067 0.11913404
vt 0.12221067 0.10981815
vt 0.12468849 0.11913404
vt 0.12468849 0.10981815
vt 0.12468849 0.11913404
vt 0.12468849 0.10981815
vt 0.12694778 0.11913404
vt 0.12694778 0.10981815
vt 0.12694778 0.11913404
vt 0.12857819 0.10981815
vt 0.12857819 0.11913404
vt 0.12694778 0.10981815
vt 0.12857819 0.11913404
vt 0.12857819 0.10981815
vt 0.13023382 0.10981815
vt 0.13023382 0.11913404
vt 0.13023382 0.11913404
vt 0.13023382 0.10981815
vt 0.13195913 0.10981815
vt 0.13195913 0.11913404
vt 0.13195913 0.11913404
vt 0.13377835 0.10981815
vt 0.13377835 0.11913404
vt 0.13195913 0.10981815
vt 0.12020388 0.10981815
vt 0.12020388 0.10126201
vt 0.12221067 0.10981815
vt 0.12221067 0.10126201
vt 0.12468849 0.10126201
vt 0.12468849 0.10981815
vt 0.12221067 0.10981815
vt 0.12221067 0.10126201
vt 0.12694778 0.10126201
vt 0.12694778 0.10981815
vt 0.12468849 0.10981815
vt 0.12468849 0.10126201
vt 0.12694778 0.10981815
vt 0.12857819 0.10126201
vt 0.12857819 0.10981815
vt 0.12694778 0.10126201
vt 0.13023382 0.10126201
vt 0.13023382 0.10981815
vt 0.12857819 0.10126201
vt 0.12857819 0.10981815
vt 0.13195913 0.10126201
vt 0.13195913 0.10981815
vt 0.13023382 0.10126201
vt 0.13023382 0.10981815
vt 0.13195913 0.10981815
vt 0.13377835 0.10126201
vt 0.13377835 0.10981815
vt 0.13195913 0.10126201
vt 0.12020388 0.10126201
vt 0.12221067 0.08968783
vt 0.12221067 0.10126201
vt 0.12020388 0.08968783
vt 0.12221067 0.10126201
vt 0.12468849 0.08968783
vt 0.12468849 0.10126201
vt 0.12221067 0.08968783
vt 0.12468849 0.10126201
vt 0.12694778 0.08968783
vt 0.12694778 0.10126201
vt 0.12468849 0.08968783
vt 0.12857819 0.08968783
vt 0.12857819 0.10126201
vt 0.12694778 0.08968783
vt 0.12694778 0.10126201
vt 0.13023382 0.08968783
vt 0.13023382 0.10126201
vt 0.12857819 0.08968783
vt 0.12857819 0.10126201
vt 0.13195913 0.08968783
vt 0.13195913 0.10126201
vt 0.13023382 0.08968783
vt 0.13023382 0.10126201
vt 0.13195913 0.10126201
vt 0.13195913 0.08968783
vt 0.13377835 0.10126201
vt 0.13377835 0.08968783
vt 0.12020388 0.08968783
vt 0.12221067 0.00245260
vt 0.12221067 0.08968783
vt 0.12020388 0.00245260
vt 0.12221067 0.08968783
vt 0.12468849 0.00245260
vt 0.12468849 0.08968783
vt 0.12221067 0.00245260
vt 0.12468849 0.08968783
vt 0.12694778 0.00245260
vt 0.12694778 0.08968783
vt 0.12468849 0.00245260
vt 0.12857819 0.00245260
vt 0.12857819 0.08968783
vt 0.12694778 0.00245260
vt 0.12694778 0.08968783
vt 0.12967237 0.00245260
vt 0.13023382 0.08968783
vt 0.12857819 0.00245260
vt 0.12857819 0.08968783
vt 0.13079527 0.00245260
vt 0.13023382 0.08968783
vt 0.12967237 0.00245260
vt 0.13195913 0.08968783
vt 0.13079527 0.00245260
vt 0.13195913 0.00245260
vt 0.13195913 0.08968783
vt 0.13195913 0.00245260
vt 0.13377835 0.08968783
vt 0.13377835 0.00245260
vt 0.12020388 0.16690484
vt 0.12020388 0.15791513
vt 0.12221067 0.16690484
vt 0.12221067 0.15791513
vt 0.12468849 0.15791513
vt 0.12468849 0.16690484
vt 0.12221067 0.15791513
vt 0.12221067 0.16690484
vt 0.12694778 0.15791513
vt 0.12694778 0.16690484
vt 0.12468849 0.15791513
vt 0.12468849 0.16690484
vt 0.12694778 0.16690484
vt 0.12694778 0.15791513
vt 0.12857819 0.15791513
vt 0.12857819 0.16690484
vt 0.12857819 0.16690484
vt 0.12857819 0.15791513
vt 0.13023382 0.15791513
vt 0.13023382 0.16690484
vt 0.13023382 0.16690484
vt 0.13023382 0.15791513
vt 0.13195913 0.15791513
vt 0.13195913 0.16690484
vt 0.13195913 0.16690484
vt 0.13377835 0.15791513
vt 0.13377835 0.16690484
vt 0.13195913 0.15791513
vt 0.12221067 0.15791513
vt 0.12020388 0.15791513
vt 0.12020388 0.14964672
vt 0.12221067 0.14964672
vt 0.12221067 0.14964672
vt 0.12468849 0.14964672
vt 0.12468849 0.15791513
vt 0.12221067 0.15791513
vt 0.12694778 0.14964672
vt 0.12694778 0.15791513
vt 0.12468849 0.14964672
vt 0.12468849 0.15791513
vt 0.12694778 0.15791513
vt 0.12694778 0.14964672
vt 0.12857819 0.14964672
vt 0.12857819 0.15791513
vt 0.12857819 0.15791513
vt 0.13023382 0.14964672
vt 0.13023382 0.15791513
vt 0.12857819 0.14964672
vt 0.13023382 0.15791513
vt 0.13195913 0.14964672
vt 0.13195913 0.15791513
vt 0.13023382 0.14964672
vt 0.13377835 0.15791513
vt 0.13195913 0.15791513
vt 0.13377835 0.14964672
vt 0.13195913 0.14964672
vt 0.09881404 0.46481014
vt 0.10125840 0.43459119
vt 0.11337880 0.45038522
vt 0.11332135 0.43616762
vt 0.17069153 0.48758537
vt 0.16062686 0.46680319
vt 0.16761603 0.46420321
vt 0.15632607 0.49815004
vt 0.14751993 0.48463574
vt 0.08962852 0.46341699
vt 0.08961903 0.46722978
vt 0.08778132 0.46339850
vt 0.08777183 0.46721129
vt 0.06867874 0.46702497
vt 0.06157219 0.46695605
vt 0.06158143 0.46314525
vt 0.06868798 0.46321421
vt 0.05988884 0.45966917
vt 0.04780015 0.45981202
vt 0.04778891 0.45600025
vt 0.05987735 0.45585739
vt 0.07146777 0.46991765
vt 0.08677381 0.46993063
vt 0.07146702 0.47372942
vt 0.08677306 0.47374240
vt 0.11519477 0.48056375
vt 0.10712716 0.47952025
vt 0.12118966 0.46481014
vt 0.06867874 0.46702497
vt 0.07931709 0.46331660
vt 0.07930785 0.46712787
vt 0.06868798 0.46321421
vt 0.14546843 0.46899655
vt 0.15205674 0.45422100
vt 0.08677306 0.47374240
vt 0.09787346 0.46994013
vt 0.09787271 0.47375190
vt 0.08677381 0.46993063
vt 0.11695880 0.47947229
vt 0.07931709 0.46331660
vt 0.08778132 0.46339850
vt 0.07930785 0.46712787
vt 0.08777183 0.46721129
vt 0.14566748 0.46532462
vt 0.08962852 0.46341699
vt 0.09771636 0.46349741
vt 0.09770687 0.46731070
vt 0.08961903 0.46722978
vt 0.17505526 0.48915984
vt 0.18295229 0.46491852
vt 0.17584349 0.46503341
vt 0.19016473 0.49404807
vt 0.19751980 0.47742181
vt 0.14385126 0.46744305
vt 0.14246711 0.43695685
vt 0.12982523 0.45102112
vt 0.13037843 0.43684648
vt 0.07147925 0.45671453
vt 0.06963206 0.45670105
vt 0.07147251 0.46052682
vt 0.06962532 0.46051434
vt 0.09767914 0.45689487
vt 0.09057234 0.45684643
vt 0.09767265 0.46070563
vt 0.09056585 0.46065719
vt 0.04771449 0.46737963
vt 0.05980317 0.46723678
vt 0.04770350 0.46356785
vt 0.05979193 0.46342500
vt 0.08251572 0.47986241
vt 0.09782100 0.47960716
vt 0.09780502 0.47579491
vt 0.08249974 0.47605063
vt 0.19804154 0.46128708
vt 0.19016473 0.44929681
vt 0.07993674 0.46058526
vt 0.09056585 0.46065719
vt 0.09057234 0.45684643
vt 0.07994348 0.45677349
vt 0.13504537 0.48095735
vt 0.12696127 0.48087294
vt 0.12153033 0.46432162
vt 0.08249974 0.47605063
vt 0.07140033 0.47623597
vt 0.08251572 0.47986241
vt 0.07141632 0.48004724
vt 0.19749582 0.45775853
vt 0.07994348 0.45677349
vt 0.07147251 0.46052682
vt 0.07993674 0.46058526
vt 0.07147925 0.45671453
vt 0.12523945 0.47953824
vt 0.06153747 0.46045640
vt 0.06962532 0.46051434
vt 0.06154422 0.45664311
vt 0.06963206 0.45670105
vt 0.05589274 0.44818388
vt 0.00933375 0.44818388
vt 0.00933375 0.39842054
vt 0.05589274 0.39842054
vt 0.13690379 0.28818928
vt 0.18346280 0.28818928
vt 0.13690379 0.33795214
vt 0.18346280 0.33795214
vt 0.06317487 0.39842054
vt 0.06317487 0.44818388
vt 0.05589274 0.44818388
vt 0.05589274 0.39842054
vt 0.20150915 0.49874595
vt 0.20159531 0.40562798
vt 0.20887744 0.40565495
vt 0.20879104 0.49877293
vt 0.00205162 0.44818388
vt 0.00205162 0.39842054
vt 0.00933375 0.39842054
vt 0.00933375 0.44818388
vt 0.21024162 0.49869102
vt 0.21752375 0.40557305
vt 0.21752375 0.49869102
vt 0.21024162 0.40557305
vt 0.10279964 0.42950863
vt 0.10279964 0.38726544
vt 0.11437657 0.42950863
vt 0.11437657 0.38726544
vt 0.04752967 0.47595324
vt 0.06865177 0.47595324
vt 0.06865177 0.49910761
vt 0.04752967 0.49910761
vt 0.11702699 0.38726544
vt 0.11702699 0.42950863
vt 0.11437657 0.42950863
vt 0.11437657 0.38726544
vt 0.10014923 0.42950863
vt 0.10014923 0.38726544
vt 0.10279964 0.38726544
vt 0.10279964 0.42950863
vt 0.02272292 0.49387622
vt 0.00155311 0.49387622
vt 0.02272292 0.47072185
vt 0.00155311 0.47072185
vt 0.02443025 0.47605215
vt 0.04560030 0.47605215
vt 0.04560030 0.49920702
vt 0.02443025 0.49920702
vt 0.02272292 0.47072185
vt 0.00155311 0.46542153
vt 0.02272292 0.46542153
vt 0.00155311 0.47072185
vt 0.00155311 0.49387622
vt 0.02272292 0.49917704
vt 0.00155311 0.49917704
vt 0.02272292 0.49387622
vt 0.23947079 0.40133370
vt 0.23940859 0.49922599
vt 0.23616178 0.40131321
vt 0.23609958 0.49920550
vt 0.23616178 0.40131321
vt 0.23609958 0.49920550
vt 0.23285276 0.40129222
vt 0.23279032 0.49918502
vt 0.23285276 0.40129222
vt 0.23279032 0.49918502
vt 0.22954374 0.40127174
vt 0.22948155 0.49916456
vt 0.22954374 0.40127174
vt 0.22948155 0.49916456
vt 0.22623473 0.40125126
vt 0.22617254 0.49914408
vt 0.22623473 0.40125126
vt 0.22617254 0.49914408
vt 0.22292596 0.40123077
vt 0.22286353 0.49912360
vt 0.22292596 0.40123077
vt 0.22286353 0.49912360
vt 0.21961695 0.40120981
vt 0.21955450 0.49910261
vt 0.24939758 0.40139512
vt 0.24933540 0.49928744
vt 0.24608857 0.40137464
vt 0.24602638 0.49926695
vt 0.24608857 0.40137464
vt 0.24602638 0.49926695
vt 0.24277980 0.40135415
vt 0.24271737 0.49924647
vt 0.24277980 0.40135415
vt 0.24271737 0.49924647
vt 0.23947079 0.40133370
vt 0.23940859 0.49922599
vt 0.06716422 0.45276440
vt 0.06716422 0.38843079
vt 0.07066231 0.45276440
vt 0.07066231 0.38843079
vt 0.07066231 0.45276440
vt 0.07416014 0.38843079
vt 0.07416014 0.45276440
vt 0.07066231 0.38843079
vt 0.07765796 0.38843079
vt 0.07765796 0.45276440
vt 0.07416014 0.45276440
vt 0.07416014 0.38843079
vt 0.08115580 0.38843079
vt 0.08115580 0.45276440
vt 0.07765796 0.45276440
vt 0.07765796 0.38843079
vt 0.08465363 0.38843079
vt 0.08465363 0.45276440
vt 0.08115580 0.38843079
vt 0.08115580 0.45276440
vt 0.08465363 0.45276440
vt 0.08465363 0.38843079
vt 0.08815121 0.38843079
vt 0.08815146 0.45276440
vt 0.08815121 0.38843079
vt 0.09164929 0.45276440
vt 0.08815146 0.45276440
vt 0.09164904 0.38843079
vt 0.09164904 0.38843079
vt 0.09514712 0.45276440
vt 0.09164929 0.45276440
vt 0.09514687 0.38843079
vt 0.09514712 0.45276440
vt 0.09514687 0.38843079
vt 0.09864495 0.45276440
vt 0.09864470 0.38843079
vt 0.11902653 0.39184048
vt 0.13542974 0.39184048
vt 0.11902653 0.39629661
vt 0.13542974 0.39629661
vt 0.11902653 0.39629661
vt 0.13542974 0.39629661
vt 0.11902653 0.40075324
vt 0.13542974 0.40075324
vt 0.11902653 0.40075324
vt 0.13542974 0.40075324
vt 0.11902653 0.40520940
vt 0.13542974 0.40520940
vt 0.11902653 0.40520940
vt 0.13542974 0.40520940
vt 0.11902653 0.40966553
vt 0.13542974 0.40966553
vt 0.11902653 0.40966553
vt 0.13542974 0.41412168
vt 0.11902653 0.41412168
vt 0.13542974 0.40966553
vt 0.13542974 0.41857832
vt 0.11902653 0.41857832
vt 0.11902653 0.41412168
vt 0.13542974 0.41412168
vt 0.13542974 0.41857832
vt 0.11902653 0.42303447
vt 0.11902653 0.41857832
vt 0.13542974 0.42303447
vt 0.11902653 0.42303447
vt 0.13542974 0.42303447
vt 0.13542974 0.42749060
vt 0.11902653 0.42749060
vt 0.11902653 0.42749060
vt 0.13542974 0.42749060
vt 0.11902653 0.43194676
vt 0.13542974 0.43194676
vt 0.12687160 0.49059342
vt 0.12177584 0.49019532
vt 0.12687411 0.48816631
vt 0.12177534 0.48854094
vt 0.14315494 0.49180525
vt 0.13192342 0.48787858
vt 0.14316793 0.48730315
vt 0.13192217 0.49099253
vt 0.13192217 0.49099253
vt 0.12687411 0.48816631
vt 0.13192342 0.48787858
vt 0.12687160 0.49059342
vt 0.04596445 0.45633743
vt 0.04088566 0.45517306
vt 0.04092338 0.45469654
vt 0.04599192 0.45599426
vt 0.04104750 0.46630619
vt 0.04609232 0.46451842
vt 0.04109970 0.46677770
vt 0.04613054 0.46485858
vt 0.02458235 0.47224835
vt 0.03612157 0.46798054
vt 0.02469224 0.47319193
vt 0.03619200 0.46860292
vt 0.03592051 0.45411459
vt 0.02425742 0.45127437
vt 0.02433834 0.45031779
vt 0.03597146 0.45348420
vt 0.03612157 0.46798054
vt 0.04104750 0.46630619
vt 0.03619200 0.46860292
vt 0.04109970 0.46677770
vt 0.04088566 0.45517306
vt 0.03592051 0.45411459
vt 0.03597146 0.45348420
vt 0.04092338 0.45469654
vt 0.04593073 0.45924856
vt 0.04095959 0.45901380
vt 0.04596445 0.45633743
vt 0.04088566 0.45517306
vt 0.03590653 0.45882948
vt 0.04088566 0.45517306
vt 0.03592051 0.45411459
vt 0.02456586 0.45856074
vt 0.02425742 0.45127437
vt 0.08748036 0.48827319
vt 0.08431895 0.48819176
vt 0.08432520 0.48724521
vt 0.08790895 0.48733662
vt 0.13182651 0.48406630
vt 0.14339546 0.48097283
vt 0.14316793 0.48730315
vt 0.13192342 0.48787858
vt 0.12683564 0.48512676
vt 0.12687411 0.48816631
vt 0.12176810 0.48610832
vt 0.12683564 0.48512676
vt 0.12177534 0.48854094
vt 0.12177584 0.49019532
vt 0.12687160 0.49059342
vt 0.12176560 0.49262395
vt 0.12682266 0.49363196
vt 0.13192217 0.49099253
vt 0.12682266 0.49363196
vt 0.13180479 0.49480032
vt 0.14315494 0.49180525
vt 0.14334851 0.49813557
vt 0.08425851 0.49284073
vt 0.08744764 0.49285821
vt 0.08425702 0.49379580
vt 0.08786849 0.49381729
vt 0.03612157 0.46798054
vt 0.02458235 0.47224835
vt 0.02466652 0.46494650
vt 0.03596098 0.46327813
vt 0.04104750 0.46630619
vt 0.04100130 0.46245693
vt 0.04609232 0.46451842
vt 0.04104750 0.46630619
vt 0.04596969 0.46160976
vt 0.04596969 0.46160976
vt 0.04095959 0.45901380
vt 0.04593073 0.45924856
vt 0.04100130 0.46245693
vt 0.04100130 0.46245693
vt 0.03596098 0.46327813
vt 0.04095959 0.45901380
vt 0.03590653 0.45882948
vt 0.03596098 0.46327813
vt 0.02466652 0.46494650
vt 0.03590653 0.45882948
vt 0.02456586 0.45856074
vt 0.08790895 0.48733662
vt 0.08744764 0.49285821
vt 0.08748036 0.48827319
vt 0.08786849 0.49381729
vt 0.11427243 0.48674470
vt 0.11519003 0.48786560
vt 0.11436658 0.48731113
vt 0.11543654 0.48752892
vt 0.11378640 0.48962987
vt 0.11436658 0.48731113
vt 0.11395673 0.48974476
vt 0.11427243 0.48674470
vt 0.11478018 0.49029923
vt 0.11519003 0.48786560
vt 0.11495051 0.49041410
vt 0.11543654 0.48752892
f 1/1 2/2 3/3
f 2/2 1/1 4/4
f 5/5 6/6 7/7
f 5/5 7/7 8/8
f 9/9 10/10 11/11
f 11/11 10/10 12/12
f 13/13 14/14 15/15
f 15/15 16/16 13/13
f 1/1 17/17 4/4
f 17/17 1/1 18/18
f 19/19 20/20 21/21
f 20/20 19/19 22/22
f 23/23 24/24 25/25
f 25/25 24/24 26/26
f 27/27 28/28 29/29
f 29/29 30/30 27/27
f 31/31 19/19 21/21
f 19/19 31/31 32/32
f 33/33 17/17 18/18
f 17/17 33/33 34/34
f 35/35 36/36 37/37
f 35/35 37/37 38/38
f 39/39 28/28 40/40
f 39/39 40/40 41/41
f 34/34 42/42 43/43
f 44/44 45/45 31/31
f 31/31 45/45 32/32
f 46/46 37/37 36/36
f 37/37 46/46 47/47
f 48/48 39/39 41/41
f 48/48 41/41 49/49
f 43/43 50/50 51/51
f 43/43 52/52 50/50
f 53/53 54/54 55/55
f 56/56 57/57 58/58
f 57/57 56/56 59/59
f 60/60 61/61 62/62
f 61/61 60/60 63/63
f 64/64 65/65 66/66
f 64/64 66/66 67/67
f 68/68 69/69 70/70
f 70/70 69/69 71/71
f 72/72 73/73 74/74
f 74/74 73/73 75/75
f 76/76 77/77 78/78
f 78/78 77/77 79/79
f 80/80 81/81 82/82
f 82/82 81/81 83/83
f 84/84 85/85 86/86
f 85/85 84/84 87/87
f 88/88 89/89 90/90
f 90/90 89/89 91/91
f 92/92 93/93 94/94
f 94/94 93/93 95/95
f 96/96 97/97 98/98
f 98/98 97/97 99/99
f 100/100 101/101 102/102
f 102/102 101/101 103/103
f 104/104 105/105 106/106
f 104/104 106/106 107/107
f 56/56 108/108 109/109
f 56/56 109/109 59/59
f 110/110 60/60 111/111
f 60/60 110/110 63/63
f 112/112 113/113 114/114
f 115/115 114/114 113/113
f 43/43 116/116 107/107
f 116/116 43/43 51/51
f 43/43 42/42 52/52
f 117/117 118/118 119/119
f 42/42 118/118 117/117
f 120/120 107/107 121/121
f 122/122 104/104 120/120
f 104/104 107/107 120/120
f 118/118 104/104 123/123
f 118/118 123/123 124/124
f 104/104 125/125 123/123
f 126/126 127/127 128/128
f 127/127 126/126 129/129
f 115/115 130/130 131/131
f 115/115 113/113 132/132
f 132/132 113/113 133/133
f 133/133 113/113 134/134
f 135/135 115/115 136/136
f 135/135 136/136 137/137
f 138/138 135/135 139/139
f 140/140 141/141 142/142
f 143/143 140/140 54/54
f 140/140 144/144 113/113
f 144/144 140/140 142/142
f 118/118 124/124 119/119
f 145/145 107/107 116/116
f 137/137 139/139 135/135
f 131/131 136/136 115/115
f 146/146 147/147 148/148
f 148/148 149/149 146/146
f 150/150 151/151 152/152
f 151/151 150/150 153/153
f 154/154 155/155 156/156
f 156/156 157/157 154/154
f 158/158 159/159 160/160
f 160/160 161/161 158/158
f 162/162 163/163 164/164
f 163/163 165/165 164/164
f 166/166 167/167 168/168
f 167/167 166/166 169/169
f 170/170 162/162 171/171
f 162/162 164/164 171/171
f 172/172 173/173 174/174
f 173/173 175/175 174/174
f 176/176 177/177 178/178
f 179/179 180/180 181/181
f 180/180 179/179 182/182
f 179/179 183/183 182/182
f 184/184 185/185 186/186
f 187/187 186/186 185/185
f 188/188 189/189 190/190
f 190/190 189/189 191/191
f 192/192 193/193 194/194
f 194/194 193/193 195/195
f 196/196 197/197 198/198
f 198/198 197/197 199/199
f 200/200 201/201 202/202
f 201/201 200/200 203/203
f 204/204 205/205 206/206
f 205/205 204/204 207/207
f 208/208 209/209 210/210
f 209/209 208/208 211/211
f 183/183 212/212 213/213
f 183/183 213/213 214/214
f 215/215 216/216 212/212
f 217/217 218/218 219/219
f 219/219 218/218 220/220
f 221/221 222/222 223/223
f 221/221 223/223 224/224
f 225/225 226/226 227/227
f 225/225 227/227 228/228
f 229/229 230/230 231/231
f 231/231 232/232 229/229
f 233/233 234/234 235/235
f 234/234 233/233 236/236
f 237/237 238/238 239/239
f 238/238 237/237 240/240
f 241/241 242/242 243/243
f 243/243 242/242 244/244
f 245/245 246/246 247/247
f 246/246 245/245 248/248
f 249/249 250/250 251/251
f 250/250 249/249 252/252
f 253/253 254/254 255/255
f 254/254 253/253 256/256
f 257/257 255/255 258/258
f 255/255 257/257 253/253
f 258/258 259/259 257/257
f 259/259 258/258 260/260
f 261/261 262/262 263/263
f 262/262 261/261 264/264
f 265/265 264/264 261/261
f 264/264 265/265 266/266
f 265/265 267/267 266/266
f 267/267 265/265 268/268
f 269/269 270/270 268/268
f 270/270 267/267 268/268
f 271/271 269/269 272/272
f 269/269 271/271 270/270
f 273/273 256/256 274/274
f 256/256 273/273 254/254
f 275/275 276/276 277/277
f 276/276 275/275 278/278
f 279/279 280/280 281/281
f 280/280 282/282 281/281
f 283/283 284/284 285/285
f 283/283 285/285 286/286
f 287/287 288/288 289/289
f 287/287 289/289 290/290
f 291/291 292/292 293/293
f 292/292 294/294 293/293
f 295/295 296/296 297/297
f 296/296 298/298 297/297
f 299/299 300/300 301/301
f 301/301 300/300 302/302
f 303/303 304/304 305/305
f 305/305 304/304 306/306
f 307/307 308/308 309/309
f 309/309 308/308 310/310
f 311/311 312/312 313/313
f 312/312 314/314 313/313
f 315/315 316/316 317/317
f 317/317 316/316 318/318
f 319/319 320/320 321/321
f 322/322 321/321 320/320
f 323/323 324/324 325/325
f 326/326 325/325 324/324
f 327/327 328/328 329/329
f 329/329 328/328 330/330
f 331/331 332/332 333/333
f 333/333 332/332 334/334
f 335/335 336/336 337/337
f 336/336 335/335 338/338
f 339/339 340/340 341/341
f 340/340 339/339 342/342
f 343/343 344/344 345/345
f 344/344 343/343 346/346
f 347/347 348/348 349/349
f 349/349 348/348 350/350
f 351/351 275/275 277/277
f 352/352 275/275 351/351
f 275/275 352/352 353/353
f 354/354 353/353 352/352
f 353/353 354/354 355/355
f 356/356 357/357 358/358
f 358/358 359/359 356/356
f 360/360 361/361 362/362
f 363/363 362/362 361/361
f 364/364 365/365 366/366
f 364/364 366/366 367/367
f 368/368 369/369 370/370
f 370/370 369/369 371/371
f 372/372 373/373 374/374
f 373/373 372/372 375/375
f 376/376 377/377 378/378
f 379/379 378/378 377/377
f 380/380 381/381 382/382
f 381/381 380/380 383/383
f 384/384 385/385 386/386
f 384/384 386/386 387/387
f 388/388 389/389 390/390
f 390/390 389/389 391/391
f 392/392 393/393 394/394
f 392/392 394/394 395/395
f 393/393 392/392 396/396
f 397/397 398/398 399/399
f 397/397 399/399 400/400
f 401/401 400/400 402/402
f 397/397 400/400 401/401
f 403/403 404/404 405/405
f 404/404 403/403 406/406
f 407/407 408/408 409/409
f 409/409 410/410 407/407
f 411/411 412/412 413/413
f 411/411 413/413 414/414
f 415/415 416/416 417/417
f 416/416 415/415 418/418
f 419/419 420/420 421/421
f 420/420 422/422 421/421
f 423/423 424/424 425/425
f 424/424 426/426 425/425
f 427/427 428/428 429/429
f 428/428 427/427 430/430
f 395/395 394/394 431/431
f 395/395 431/431 432/432
f 433/433 399/399 398/398
f 434/434 435/435 436/436
f 436/436 435/435 437/437
f 438/438 439/439 440/440
f 439/439 438/438 441/441
f 442/442 440/440 443/443
f 440/440 442/442 438/438
f 444/444 445/445 446/446
f 447/447 448/448 445/445
f 448/448 447/447 449/449
f 450/450 451/451 452/452
f 451/451 450/450 453/453
f 454/454 455/455 456/456
f 457/457 458/458 459/459
f 459/459 460/460 457/457
f 461/461 462/462 463/463
f 464/464 446/446 445/445
f 464/464 445/445 465/465
f 466/466 467/467 468/468
f 467/467 469/469 468/468
f 470/470 471/471 472/472
f 471/471 470/470 473/473
f 474/474 475/475 476/476
f 475/475 474/474 477/477
f 478/478 479/479 480/480
f 479/479 478/478 481/481
f 482/482 483/483 484/484
f 483/483 482/482 485/485
f 486/486 474/474 476/476
f 474/474 486/486 487/487
f 488/488 489/489 490/490
f 489/489 488/488 491/491
f 492/492 493/493 494/494
f 494/494 493/493 495/495
f 482/482 496/496 485/485
f 496/496 482/482 497/497
f 498/498 499/499 486/486
f 486/486 499/499 487/487
f 500/500 501/501 502/502
f 501/501 503/503 502/502
f 504/504 505/505 493/493
f 505/505 506/506 493/493
f 507/507 508/508 498/498
f 509/509 496/496 497/497
f 496/496 509/509 510/510
f 502/502 511/511 500/500
f 511/511 502/502 512/512
f 513/513 506/506 505/505
f 506/506 513/513 514/514
f 508/508 507/507 515/515
f 515/515 507/507 516/516
f 517/517 518/518 519/519
f 520/520 521/521 522/522
f 520/520 522/522 523/523
f 524/524 525/525 526/526
f 524/524 526/526 527/527
f 528/528 529/529 530/530
f 529/529 528/528 531/531
f 532/532 533/533 534/534
f 534/534 535/535 532/532
f 536/536 537/537 538/538
f 538/538 539/539 536/536
f 540/540 541/541 542/542
f 541/541 540/540 543/543
f 544/544 545/545 546/546
f 546/546 547/547 544/544
f 548/548 549/549 550/550
f 551/551 550/550 549/549
f 552/552 553/553 554/554
f 553/553 552/552 555/555
f 556/556 557/557 558/558
f 558/558 559/559 556/556
f 560/560 561/561 562/562
f 562/562 563/563 560/560
f 564/564 565/565 566/566
f 566/566 567/567 564/564
f 568/568 569/569 570/570
f 571/571 570/570 569/569
f 520/520 572/572 573/573
f 572/572 520/520 523/523
f 524/524 574/574 575/575
f 574/574 524/524 527/527
f 576/576 577/577 578/578
f 577/577 576/576 579/579
f 507/507 571/571 580/580
f 507/507 580/580 581/581
f 582/582 508/508 583/583
f 582/582 583/583 584/584
f 585/585 571/571 586/586
f 586/586 569/569 587/587
f 571/571 569/569 586/586
f 582/582 588/588 569/569
f 588/588 582/582 589/589
f 569/569 590/590 587/587
f 591/591 592/592 593/593
f 591/591 593/593 594/594
f 595/595 579/579 596/596
f 597/597 577/577 595/595
f 577/577 579/579 595/595
f 597/597 598/598 577/577
f 599/599 600/600 579/579
f 600/600 599/599 601/601
f 602/602 603/603 599/599
f 604/604 605/605 606/606
f 599/599 606/606 602/602
f 604/604 577/577 607/607
f 604/604 607/607 608/608
f 582/582 584/584 589/589
f 609/609 580/580 571/571
f 507/507 581/581 516/516
f 610/610 579/579 600/600
f 611/611 604/604 608/608
f 612/612 613/613 614/614
f 614/614 613/613 615/615
f 616/616 617/617 618/618
f 618/618 617/617 619/619
f 620/620 621/621 622/622
f 622/622 621/621 623/623
f 624/624 625/625 626/626
f 626/626 625/625 627/627
f 628/628 629/629 630/630
f 630/630 631/631 628/628
f 632/632 633/633 634/634
f 633/633 632/632 635/635
f 636/636 629/629 637/637
f 629/629 636/636 630/630
f 638/638 639/639 640/640
f 639/639 638/638 641/641
f 642/642 178/178 643/643
f 178/178 642/642 176/176
f 644/644 645/645 646/646
f 644/644 646/646 647/647
f 648/648 649/649 650/650
f 650/650 651/651 648/648
f 652/652 653/653 654/654
f 654/654 655/655 652/652
f 656/656 657/657 658/658
f 657/657 656/656 659/659
f 660/660 661/661 662/662
f 662/662 661/661 663/663
f 664/664 665/665 666/666
f 666/666 665/665 667/667
f 668/668 669/669 670/670
f 669/669 668/668 671/671
f 671/671 668/668 672/672
f 672/672 673/673 671/671
f 673/673 674/674 675/675
f 676/676 677/677 678/678
f 676/676 678/678 679/679
f 680/680 681/681 682/682
f 681/681 680/680 683/683
f 684/684 685/685 686/686
f 685/685 687/687 686/686
f 688/688 689/689 690/690
f 689/689 688/688 691/691
f 692/692 693/693 694/694
f 693/693 692/692 695/695
f 696/696 697/697 698/698
f 696/696 698/698 699/699
f 700/700 701/701 702/702
f 700/700 702/702 703/703
f 704/704 705/705 706/706
f 705/705 704/704 707/707
f 708/708 709/709 710/710
f 708/708 710/710 711/711
f 712/712 713/713 714/714
f 713/713 712/712 715/715
f 716/716 715/715 712/712
f 715/715 716/716 717/717
f 716/716 718/718 717/717
f 718/718 719/719 717/717
f 720/720 721/721 722/722
f 721/721 720/720 723/723
f 722/722 724/724 720/720
f 724/724 722/722 725/725
f 725/725 726/726 724/724
f 726/726 727/727 724/724
f 727/727 728/728 729/729
f 726/726 728/728 727/727
f 730/730 729/729 728/728
f 729/729 730/730 731/731
f 714/714 732/732 733/733
f 732/732 714/714 713/713
f 734/734 735/735 736/736
f 734/734 736/736 737/737
f 738/738 739/739 740/740
f 738/738 740/740 741/741
f 742/742 743/743 744/744
f 743/743 745/745 744/744
f 746/746 747/747 748/748
f 747/747 749/749 748/748
f 750/750 751/751 752/752
f 752/752 751/751 753/753
f 754/754 755/755 756/756
f 756/756 755/755 757/757
f 758/758 759/759 760/760
f 759/759 761/761 760/760
f 762/762 763/763 764/764
f 763/763 765/765 764/764
f 766/766 767/767 768/768
f 767/767 769/769 768/768
f 770/770 771/771 772/772
f 770/770 772/772 773/773
f 734/734 774/774 735/735
f 775/775 734/734 776/776
f 734/734 775/775 774/774
f 776/776 777/777 775/775
f 777/777 776/776 778/778
f 779/779 780/780 781/781
f 781/781 780/780 782/782
f 783/783 784/784 785/785
f 783/783 785/785 786/786
f 787/787 788/788 789/789
f 788/788 787/787 790/790
f 791/791 792/792 793/793
f 793/793 794/794 791/791
f 795/795 796/796 797/797
f 797/797 796/796 798/798
f 799/799 800/800 801/801
f 799/799 801/801 802/802
f 803/803 804/804 805/805
f 804/804 803/803 806/806
f 807/807 808/808 809/809
f 810/810 809/809 808/808
f 811/811 812/812 813/813
f 813/813 814/814 811/811
f 815/815 816/816 817/817
f 818/818 816/816 819/819
f 817/817 816/816 818/818
f 820/820 821/821 822/822
f 820/820 822/822 823/823
f 823/823 822/822 824/824
f 823/823 824/824 825/825
f 826/826 827/827 828/828
f 826/826 828/828 829/829
f 830/830 831/831 832/832
f 831/831 830/830 833/833
f 834/834 835/835 836/836
f 837/837 836/836 835/835
f 838/838 839/839 840/840
f 838/838 840/840 841/841
f 842/842 843/843 844/844
f 842/842 844/844 845/845
f 846/846 847/847 848/848
f 846/846 848/848 849/849
f 850/850 851/851 852/852
f 851/851 850/850 853/853
f 854/854 819/819 855/855
f 818/818 819/819 854/854
f 821/821 820/820 856/856
f 857/857 858/858 859/859
f 859/859 860/860 857/857
f 861/861 862/862 863/863
f 862/862 864/864 863/863
f 865/865 861/861 866/866
f 861/861 863/863 866/866
f 867/867 868/868 869/869
f 868/868 867/867 870/870
f 871/871 454/454 872/872
f 872/872 454/454 456/456
f 873/873 874/874 875/875
f 875/875 874/874 876/876
f 877/877 878/878 879/879
f 877/877 879/879 880/880
f 670/670 669/669 643/643
f 871/871 881/881 882/882
f 881/881 871/871 883/883
f 884/884 885/885 886/886
f 885/885 887/887 886/886
f 888/888 889/889 890/890
f 889/889 891/891 890/890
f 892/892 893/893 894/894
f 893/893 895/895 894/894
f 896/896 897/897 898/898
f 897/897 899/899 898/898
f 900/900 901/901 902/902
f 901/901 903/903 902/902
f 904/904 905/905 906/906
f 905/905 907/907 906/906
f 908/908 909/909 910/910
f 909/909 911/911 910/910
f 912/912 913/913 914/914
f 913/913 912/912 915/915
f 916/916 917/917 918/918
f 918/918 917/917 919/919
f 920/920 921/921 922/922
f 922/922 921/921 923/923
f 924/924 925/925 926/926
f 926/926 925/925 927/927
f 928/928 929/929 930/930
f 929/929 931/931 930/930
f 932/932 933/933 934/934
f 933/933 935/935 934/934
f 936/936 937/937 938/938
f 937/937 939/939 938/938
f 940/940 941/941 942/942
f 942/942 941/941 943/943
f 944/944 945/945 946/946
f 946/946 945/945 947/947
f 948/948 949/949 950/950
f 949/949 951/951 950/950
f 952/952 953/953 954/954
f 953/953 955/955 954/954
f 956/956 957/957 958/958
f 959/959 958/958 957/957
f 960/960 961/961 962/962
f 961/961 960/960 963/963
f 964/964 965/965 966/966
f 967/967 966/966 965/965
f 968/968 969/969 970/970
f 969/969 968/968 971/971
f 972/972 973/973 974/974
f 974/974 973/973 975/975
f 976/976 977/977 978/978
f 978/978 977/977 979/979
f 980/980 981/981 982/982
f 982/982 981/981 983/983
f 984/984 985/985 986/986
f 986/986 985/985 987/987
f 988/988 989/989 990/990
f 990/990 989/989 991/991
f 992/992 993/993 994/994
f 994/994 993/993 995/995
f 996/996 997/997 998/998
f 998/998 997/997 999/999
f 1000/1000 1001/1001 1002/1002
f 1002/1002 1001/1001 1003/1003
f 1004/1004 1005/1005 1006/1006
f 1006/1006 1005/1005 1007/1007
f 1008/1008 1009/1009 1010/1010
f 1010/1010 1009/1009 1011/1011
f 1012/1012 1013/1013 1014/1014
f 1013/1013 1012/1012 1015/1015
f 1016/1016 1017/1017 1018/1018
f 1019/1019 1018/1018 1017/1017
f 1020/1020 1021/1021 1022/1022
f 1021/1021 1020/1020 1023/1023
f 1024/1024 1025/1025 1026/1026
f 1027/1027 1026/1026 1025/1025
f 1028/1028 1029/1029 1030/1030
f 1029/1029 1028/1028 1031/1031
f 1032/1032 1033/1033 1034/1034
f 1035/1035 1034/1034 1033/1033
f 1036/1036 1037/1037 1038/1038
f 1037/1037 1036/1036 1039/1039
f 1040/1040 1041/1041 1042/1042
f 1043/1043 1042/1042 1041/1041
f 1044/1044 1045/1045 1046/1046
f 1046/1046 1045/1045 1047/1047
f 1048/1048 1049/1049 1050/1050
f 1050/1050 1051/1051 1048/1048
f 1052/1052 1053/1053 1054/1054
f 1054/1054 1053/1053 1055/1055
f 1056/1056 1057/1057 1058/1058
f 1058/1058 1057/1057 1059/1059
f 1060/1060 1061/1061 1062/1062
f 1062/1062 1061/1061 1063/1063
f 1064/1064 1065/1065 1066/1066
f 1066/1066 1065/1065 1067/1067
f 1068/1068 1069/1069 1070/1070
f 1070/1070 1069/1069 1071/1071
f 1072/1072 1073/1073 1074/1074
f 1074/1074 1073/1073 1075/1075
f 1076/1076 1077/1077 1078/1078
f 1078/1078 1077/1077 1079/1079
f 1080/1080 1081/1081 1082/1082
f 1082/1082 1081/1081 1083/1083
f 1084/1084 1085/1085 1086/1086
f 1087/1087 1086/1086 1085/1085
f 1088/1088 1089/1089 1090/1090
f 1088/1088 1090/1090 1091/1091
f 1092/1092 1093/1093 1094/1094
f 1095/1095 1094/1094 1093/1093
f 1096/1096 1097/1097 1098/1098
f 1096/1096 1098/1098 1099/1099
f 1100/1100 1101/1101 1102/1102
f 1101/1101 1100/1100 1103/1103
f 1104/1104 1102/1102 1101/1101
f 1104/1104 1101/1101 1105/1105
f 1105/1105 1106/1106 1107/1107
f 1107/1107 1104/1104 1105/1105
f 1106/1106 1108/1108 1109/1109
f 1109/1109 1107/1107 1106/1106
f 1108/1108 1110/1110 1111/1111
f 1108/1108 1111/1111 1109/1109
f 1110/1110 1112/1112 1111/1111
f 1112/1112 1110/1110 1113/1113
f 1112/1112 1114/1114 1115/1115
f 1114/1114 1112/1112 1113/1113
f 1115/1115 1116/1116 1117/1117
f 1116/1116 1115/1115 1114/1114
f 1118/1118 1117/1117 1119/1119
f 1119/1119 1117/1117 1116/1116
f 1118/1118 1120/1120 1121/1121
f 1120/1120 1118/1118 1119/1119
f 1122/1122 1123/1123 1124/1124
f 1122/1122 1124/1124 1125/1125
f 1126/1126 1124/1124 1123/1123
f 1123/1123 1127/1127 1126/1126
f 1128/1128 1126/1126 1127/1127
f 1128/1128 1127/1127 1129/1129
f 1130/1130 1128/1128 1129/1129
f 1130/1130 1129/1129 1131/1131
f 1132/1132 1130/1130 1133/1133
f 1133/1133 1130/1130 1131/1131
f 1132/1132 1134/1134 1135/1135
f 1134/1134 1132/1132 1133/1133
f 1136/1136 1135/1135 1137/1137
f 1134/1134 1137/1137 1135/1135
f 1137/1137 1103/1103 1136/1136
f 1136/1136 1103/1103 1100/1100
f 1138/1138 1139/1139 1140/1140
f 1138/1138 1140/1140 1141/1141
f 1141/1141 1142/1142 1143/1143
f 1143/1143 1138/1138 1141/1141
f 1142/1142 1144/1144 1145/1145
f 1145/1145 1143/1143 1142/1142
f 1144/1144 1146/1146 1147/1147
f 1144/1144 1147/1147 1145/1145
f 1146/1146 1148/1148 1147/1147
f 1148/1148 1146/1146 1149/1149
f 1148/1148 1150/1150 1151/1151
f 1150/1150 1148/1148 1149/1149
f 1151/1151 1152/1152 1153/1153
f 1152/1152 1151/1151 1150/1150
f 1154/1154 1153/1153 1155/1155
f 1155/1155 1153/1153 1152/1152
f 1154/1154 1156/1156 1157/1157
f 1156/1156 1154/1154 1155/1155
f 1158/1158 1159/1159 1160/1160
f 1158/1158 1160/1160 1161/1161
f 1162/1162 1160/1160 1159/1159
f 1159/1159 1163/1163 1162/1162
f 1164/1164 1162/1162 1163/1163
f 1164/1164 1163/1163 1165/1165
f 1166/1166 1164/1164 1165/1165
f 1166/1166 1165/1165 1167/1167
f 1168/1168 1166/1166 1169/1169
f 1169/1169 1166/1166 1167/1167
f 1168/1168 1170/1170 1171/1171
f 1170/1170 1168/1168 1169/1169
f 1172/1172 1171/1171 1173/1173
f 1170/1170 1173/1173 1171/1171
f 1173/1173 1174/1174 1172/1172
f 1172/1172 1174/1174 1175/1175
f 1175/1175 1140/1140 1139/1139
f 1140/1140 1175/1175 1174/1174
f 1176/1176 1177/1177 1178/1178
f 1177/1177 1176/1176 1179/1179
f 1180/1180 1179/1179 1176/1176
f 1179/1179 1180/1180 1181/1181
f 1182/1182 1180/1180 1183/1183
f 1180/1180 1182/1182 1181/1181
f 1184/1184 1182/1182 1183/1183
f 1182/1182 1184/1184 1185/1185
f 1186/1186 1185/1185 1184/1184
f 1185/1185 1186/1186 1187/1187
f 1188/1188 1187/1187 1186/1186
f 1187/1187 1188/1188 1189/1189
f 1190/1190 1188/1188 1191/1191
f 1189/1189 1188/1188 1190/1190
f 1191/1191 1192/1192 1190/1190
f 1192/1192 1191/1191 1193/1193
f 1194/1194 1195/1195 1196/1196
f 1195/1195 1194/1194 1197/1197
f 1198/1198 1194/1194 1199/1199
f 1194/1194 1198/1198 1197/1197
f 1198/1198 1199/1199 1200/1200
f 1200/1200 1199/1199 1201/1201
f 1201/1201 1202/1202 1200/1200
f 1201/1201 1203/1203 1202/1202
f 1203/1203 1201/1201 1204/1204
f 1203/1203 1204/1204 1205/1205
f 1205/1205 1206/1206 1203/1203
f 1206/1206 1205/1205 1207/1207
f 1207/1207 1208/1208 1206/1206
f 1208/1208 1207/1207 1209/1209
f 1210/1210 1208/1208 1209/1209
f 1208/1208 1210/1210 1211/1211
f 1212/1212 1213/1213 1214/1214
f 1212/1212 1214/1214 1215/1215
f 1216/1216 1217/1217 1218/1218
f 1216/1216 1218/1218 1219/1219
f 1220/1220 1221/1221 1222/1222
f 1221/1221 1220/1220 1223/1223
f 1224/1224 1225/1225 1226/1226
f 1225/1225 1224/1224 1227/1227
f 1228/1228 1229/1229 1230/1230
f 1229/1229 1228/1228 1231/1231
f 1232/1232 1233/1233 1234/1234
f 1234/1234 1233/1233 1235/1235
f 1236/1236 1237/1237 1238/1238
f 1237/1237 1236/1236 1239/1239
f 1240/1240 1241/1241 1242/1242
f 1241/1241 1243/1243 1242/1242
f 1244/1244 1245/1245 1246/1246
f 1245/1245 1247/1247 1246/1246
f 1248/1248 1249/1249 1250/1250
f 1249/1249 1251/1251 1250/1250
f 1252/1252 1253/1253 1254/1254
f 1253/1253 1255/1255 1254/1254
f 1256/1256 1257/1257 1258/1258
f 1258/1258 1257/1257 1259/1259
f 1260/1260 1261/1261 1262/1262
f 1262/1262 1261/1261 1263/1263
f 1264/1264 1265/1265 1266/1266
f 1265/1265 1264/1264 1267/1267
f 1268/1268 1269/1269 1270/1270
f 1269/1269 1271/1271 1270/1270
f 1272/1272 1273/1273 1274/1274
f 1273/1273 1275/1275 1274/1274
f 1276/1276 1277/1277 1278/1278
f 1276/1276 1278/1278 1279/1279
f 1280/1280 1281/1281 1282/1282
f 1280/1280 1282/1282 1283/1283
f 1284/1284 1285/1285 1286/1286
f 1284/1284 1286/1286 1287/1287
f 1288/1288 1289/1289 1290/1290
f 1289/1289 1288/1288 1291/1291
f 1292/1292 1293/1293 1294/1294
f 1292/1292 1294/1294 1295/1295
f 1296/1296 1297/1297 1298/1298
f 1296/1296 1298/1298 1299/1299
f 1300/1300 1301/1301 1302/1302
f 1301/1301 1300/1300 1303/1303
f 1304/1304 1305/1305 1306/1306
f 1306/1306 1307/1307 1304/1304
f 1308/1308 1309/1309 1310/1310
f 1309/1309 1308/1308 1311/1311
f 1312/1312 1313/1313 1314/1314
f 1314/1314 1315/1315 1312/1312
f 1316/1316 1317/1317 1318/1318
f 1317/1317 1316/1316 1319/1319
f 1320/1320 1321/1321 1322/1322
f 1322/1322 1323/1323 1320/1320
f 1324/1324 1325/1325 1326/1326
f 1325/1325 1324/1324 1327/1327
f 1328/1328 1329/1329 1330/1330
f 1330/1330 1331/1331 1328/1328
f 1332/1332 1333/1333 1334/1334
f 1333/1333 1332/1332 1335/1335
f 1336/1336 1337/1337 1338/1338
f 1338/1338 1339/1339 1336/1336
f 1340/1340 1341/1341 1342/1342
f 1340/1340 1342/1342 1343/1343
f 1344/1344 1345/1345 1346/1346
f 1344/1344 1346/1346 1347/1347
f 1348/1348 1349/1349 1350/1350
f 1348/1348 1350/1350 1351/1351
f 1352/1352 1353/1353 1354/1354
f 1353/1353 1352/1352 1355/1355
f 1356/1356 1357/1357 1358/1358
f 1357/1357 1356/1356 1359/1359
f 1360/1360 1361/1361 1362/1362
f 1360/1360 1362/1362 1363/1363
f 1364/1364 1365/1365 1366/1366
f 1364/1364 1366/1366 1367/1367
f 1368/1368 1369/1369 1370/1370
f 1368/1368 1370/1370 1371/1371
f 1372/1372 1373/1373 1374/1374
f 1374/1374 1375/1375 1372/1372
f 1376/1376 1377/1377 1378/1378
f 1378/1378 1377/1377 1379/1379
f 1380/1380 1381/1381 1382/1382
f 1382/1382 1383/1383 1380/1380
f 1384/1384 1385/1385 1386/1386
f 1385/1385 1384/1384 1387/1387
f 1388/1388 1389/1389 1390/1390
f 1390/1390 1391/1391 1388/1388
f 1392/1392 1393/1393 1394/1394
f 1393/1393 1392/1392 1395/1395
f 1396/1396 1397/1397 1398/1398
f 1398/1398 1399/1399 1396/1396
f 1400/1400 1401/1401 1402/1402
f 1401/1401 1400/1400 1403/1403
f 1404/1404 1405/1405 1406/1406
f 1406/1406 1407/1407 1404/1404
f 1408/1408 1409/1409 1410/1410
f 1409/1409 1408/1408 1411/1411
f 1412/1412 1413/1413 1414/1414
f 1412/1412 1414/1414 1415/1415
f 1416/1416 1417/1417 1418/1418
f 1419/1419 1418/1418 1417/1417
f 1420/1420 1421/1421 1422/1422
f 1421/1421 1420/1420 1423/1423
f 1424/1424 1425/1425 1426/1426
f 1427/1427 1426/1426 1425/1425
f 1428/1428 1429/1429 1430/1430
f 1428/1428 1430/1430 1431/1431
f 1432/1432 1430/1430 1433/1433
f 1429/1429 1433/1433 1430/1430
f 1432/1432 1434/1434 1435/1435
f 1434/1434 1432/1432 1433/1433
f 1434/1434 1436/1436 1435/1435
f 1437/1437 1435/1435 1436/1436
f 1436/1436 1438/1438 1437/1437
f 1437/1437 1438/1438 1439/1439
f 1439/1439 1440/1440 1441/1441
f 1440/1440 1439/1439 1438/1438
f 1440/1440 1442/1442 1443/1443
f 1440/1440 1443/1443 1441/1441
f 1442/1442 1444/1444 1445/1445
f 1442/1442 1445/1445 1443/1443
f 1444/1444 1446/1446 1447/1447
f 1447/1447 1445/1445 1444/1444
f 1446/1446 1448/1448 1447/1447
f 1448/1448 1446/1446 1449/1449
f 1450/1450 1451/1451 1452/1452
f 1452/1452 1451/1451 1453/1453
f 1451/1451 1454/1454 1453/1453
f 1453/1453 1454/1454 1455/1455
f 1456/1456 1455/1455 1457/1457
f 1454/1454 1457/1457 1455/1455
f 1458/1458 1456/1456 1459/1459
f 1457/1457 1459/1459 1456/1456
f 1459/1459 1460/1460 1461/1461
f 1461/1461 1458/1458 1459/1459
f 1460/1460 1462/1462 1461/1461
f 1462/1462 1460/1460 1463/1463
f 1463/1463 1464/1464 1462/1462
f 1464/1464 1463/1463 1465/1465
f 1465/1465 1431/1431 1464/1464
f 1431/1431 1465/1465 1428/1428
f 1466/1466 1467/1467 1468/1468
f 1469/1469 1468/1468 1467/1467
f 1466/1466 1470/1470 1471/1471
f 1470/1470 1466/1466 1468/1468
f 1470/1470 1472/1472 1471/1471
f 1473/1473 1471/1471 1472/1472
f 1472/1472 1474/1474 1473/1473
f 1473/1473 1474/1474 1475/1475
f 1475/1475 1476/1476 1477/1477
f 1476/1476 1475/1475 1474/1474
f 1476/1476 1478/1478 1479/1479
f 1476/1476 1479/1479 1477/1477
f 1478/1478 1480/1480 1481/1481
f 1478/1478 1481/1481 1479/1479
f 1480/1480 1482/1482 1483/1483
f 1483/1483 1481/1481 1480/1480
f 1482/1482 1484/1484 1483/1483
f 1484/1484 1482/1482 1485/1485
f 1486/1486 1487/1487 1488/1488
f 1488/1488 1487/1487 1489/1489
f 1487/1487 1490/1490 1489/1489
f 1489/1489 1490/1490 1491/1491
f 1492/1492 1491/1491 1493/1493
f 1490/1490 1493/1493 1491/1491
f 1494/1494 1492/1492 1495/1495
f 1493/1493 1495/1495 1492/1492
f 1495/1495 1496/1496 1497/1497
f 1497/1497 1494/1494 1495/1495
f 1496/1496 1498/1498 1497/1497
f 1498/1498 1496/1496 1499/1499
f 1499/1499 1500/1500 1498/1498
f 1500/1500 1499/1499 1501/1501
f 1501/1501 1502/1502 1500/1500
f 1502/1502 1501/1501 1503/1503
f 1503/1503 1469/1469 1467/1467
f 1503/1503 1467/1467 1502/1502
f 1504/1504 1505/1505 1506/1506
f 1505/1505 1504/1504 1507/1507
f 1508/1508 1506/1506 1509/1509
f 1506/1506 1508/1508 1504/1504
f 1510/1510 1508/1508 1509/1509
f 1508/1508 1510/1510 1511/1511
f 1510/1510 1512/1512 1511/1511
f 1512/1512 1510/1510 1513/1513
f 1514/1514 1515/1515 1513/1513
f 1512/1512 1513/1513 1515/1515
f 1514/1514 1516/1516 1515/1515
f 1516/1516 1514/1514 1517/1517
f 1516/1516 1517/1517 1518/1518
f 1516/1516 1518/1518 1519/1519
f 1520/1520 1519/1519 1518/1518
f 1519/1519 1520/1520 1521/1521
f 1522/1522 1523/1523 1524/1524
f 1523/1523 1522/1522 1525/1525
f 1522/1522 1526/1526 1527/1527
f 1526/1526 1522/1522 1524/1524
f 1528/1528 1529/1529 1530/1530
f 1527/1527 1529/1529 1528/1528
f 1529/1529 1527/1527 1526/1526
f 1528/1528 1531/1531 1532/1532
f 1531/1531 1528/1528 1530/1530
f 1532/1532 1531/1531 1533/1533
f 1533/1533 1531/1531 1534/1534
f 1533/1533 1534/1534 1535/1535
f 1535/1535 1536/1536 1537/1537
f 1536/1536 1535/1535 1534/1534
f 1536/1536 1538/1538 1537/1537
f 1538/1538 1536/1536 1539/1539
f 1540/1540 1541/1541 1542/1542
f 176/176 1543/1543 177/177
f 1544/1544 1542/1542 1545/1545
f 1546/1546 1547/1547 1548/1548
f 1549/1549 883/883 871/871
f 445/445 444/444 447/447
f 872/872 1549/1549 871/871
f 454/454 1550/1550 455/455
f 1551/1551 213/213 212/212
f 216/216 1551/1551 212/212
f 673/673 675/675 671/671
f 1552/1552 216/216 215/215
f 1553/1553 1554/1554 675/675
f 675/675 674/674 1553/1553
f 183/183 214/214 182/182
f 669/669 642/642 643/643
f 1555/1555 1556/1556 1557/1557
f 1558/1558 1559/1559 1560/1560
f 1561/1561 1562/1562 1563/1563
f 1564/1564 1565/1565 1566/1566
f 579/579 610/610 596/596
f 598/598 607/607 577/577
f 603/603 601/601 599/599
f 604/604 611/611 605/605
f 138/138 54/54 135/135
f 140/140 143/143 141/141
f 115/115 132/132 130/130
f 113/113 144/144 134/134
f 107/107 145/145 121/121
f 104/104 122/122 125/125
f 34/34 33/33 42/42
f 33/33 118/118 42/42
f 508/508 582/582 499/499
f 508/508 499/499 498/498
f 585/585 609/609 571/571
f 569/569 588/588 590/590
f 1567/1567 1568/1568 1569/1569
f 1569/1569 1568/1568 1570/1570
f 1571/1571 1572/1572 1573/1573
f 1573/1573 1572/1572 1574/1574
f 1575/1575 1576/1576 1577/1577
f 1576/1576 1578/1578 1577/1577
f 1579/1579 1580/1580 1581/1581
f 1580/1580 1582/1582 1581/1581
f 1583/1583 1584/1584 1585/1585
f 1584/1584 1586/1586 1585/1585
f 1587/1587 1588/1588 1589/1589
f 1588/1588 1590/1590 1589/1589
f 1591/1591 1592/1592 1593/1593
f 1592/1592 1594/1594 1593/1593
f 1595/1595 1596/1596 1597/1597
f 1595/1595 1597/1597 1598/1598
f 1599/1599 1600/1600 1601/1601
f 1599/1599 1601/1601 1602/1602
f 1603/1603 1604/1604 1605/1605
f 1603/1603 1605/1605 1606/1606
f 1607/1607 1608/1608 1609/1609
f 1607/1607 1609/1609 1610/1610
f 1611/1611 1612/1612 1613/1613
f 1612/1612 1611/1611 1614/1614
f 1615/1615 1616/1616 1617/1617
f 1616/1616 1618/1618 1617/1617
f 1619/1619 1620/1620 1621/1621
f 1620/1620 1622/1622 1621/1621
f 1623/1623 1624/1624 1625/1625
f 1624/1624 1626/1626 1625/1625
f 1627/1627 1628/1628 1629/1629
f 1628/1628 1627/1627 1630/1630
f 1631/1631 1632/1632 1633/1633
f 1632/1632 1634/1634 1633/1633
f 1635/1635 1636/1636 1637/1637
f 1636/1636 1638/1638 1637/1637
f 1639/1639 1640/1640 1641/1641
f 1639/1639 1641/1641 1642/1642
f 1643/1643 1641/1641 1644/1644
f 1640/1640 1644/1644 1641/1641
f 1643/1643 1645/1645 1646/1646
f 1645/1645 1643/1643 1644/1644
f 1645/1645 1647/1647 1646/1646
f 1648/1648 1646/1646 1647/1647
f 1647/1647 1649/1649 1648/1648
f 1648/1648 1649/1649 1650/1650
f 1649/1649 1651/1651 1650/1650
f 1650/1650 1651/1651 1652/1652
f 1651/1651 1653/1653 1654/1654
f 1651/1651 1654/1654 1652/1652
f 1653/1653 1655/1655 1656/1656
f 1653/1653 1656/1656 1654/1654
f 1655/1655 1657/1657 1658/1658
f 1658/1658 1656/1656 1655/1655
f 1657/1657 1659/1659 1658/1658
f 1659/1659 1657/1657 1660/1660
f 1661/1661 1662/1662 1663/1663
f 1663/1663 1662/1662 1664/1664
f 1662/1662 1665/1665 1664/1664
f 1664/1664 1665/1665 1666/1666
f 1667/1667 1666/1666 1668/1668
f 1665/1665 1668/1668 1666/1666
f 1669/1669 1667/1667 1670/1670
f 1668/1668 1670/1670 1667/1667
f 1670/1670 1671/1671 1672/1672
f 1672/1672 1669/1669 1670/1670
f 1671/1671 1673/1673 1672/1672
f 1673/1673 1671/1671 1674/1674
f 1674/1674 1675/1675 1673/1673
f 1675/1675 1674/1674 1676/1676
f 1676/1676 1642/1642 1675/1675
f 1642/1642 1676/1676 1639/1639
f 1677/1677 1678/1678 1679/1679
f 1678/1678 1677/1677 1680/1680
f 1681/1681 1682/1682 1683/1683
f 1682/1682 1681/1681 1684/1684
f 1685/1685 1686/1686 1687/1687
f 1687/1687 1686/1686 1688/1688
f 1689/1689 1690/1690 1691/1691
f 1690/1690 1689/1689 1692/1692
f 1693/1693 1694/1694 1695/1695
f 1695/1695 1694/1694 1696/1696
f 1697/1697 1698/1698 1699/1699
f 1699/1699 1698/1698 1700/1700
f 1701/1701 1702/1702 1703/1703
f 1702/1702 1701/1701 1704/1704
f 1705/1705 1706/1706 1707/1707
f 1706/1706 1708/1708 1707/1707
f 1709/1709 1710/1710 1711/1711
f 1710/1710 1712/1712 1711/1711
f 1713/1713 1714/1714 1715/1715
f 1714/1714 1716/1716 1715/1715
f 1717/1717 1718/1718 1719/1719
f 1718/1718 1720/1720 1719/1719
f 1721/1721 1722/1722 1723/1723
f 1723/1723 1722/1722 1724/1724
f 1725/1725 1726/1726 1727/1727
f 1726/1726 1725/1725 1728/1728
f 1729/1729 1730/1730 1731/1731
f 1730/1730 1729/1729 1732/1732
f 1733/1733 1734/1734 1735/1735
f 1734/1734 1736/1736 1735/1735
f 1737/1737 1738/1738 1739/1739
f 1738/1738 1740/1740 1739/1739
f 1741/1741 1742/1742 1743/1743
f 1742/1742 1741/1741 1744/1744
f 1745/1745 1746/1746 1747/1747
f 1746/1746 1745/1745 1748/1748
f 1749/1749 1750/1750 1751/1751
f 1750/1750 1749/1749 1752/1752
f 1750/1750 1752/1752 1753/1753
f 1754/1754 1751/1751 1755/1755
f 1751/1751 1754/1754 1749/1749
f 1756/1756 1755/1755 1757/1757
f 1755/1755 1756/1756 1754/1754
f 1758/1758 1757/1757 1759/1759
f 1757/1757 1758/1758 1756/1756
f 1760/1760 1759/1759 1761/1761
f 1759/1759 1760/1760 1758/1758
f 1761/1761 1762/1762 1760/1760
f 1762/1762 1761/1761 1763/1763
f 1763/1763 1764/1764 1762/1762
f 1764/1764 1763/1763 1765/1765
f 1764/1764 1765/1765 1766/1766
f 1767/1767 1768/1768 1769/1769
f 1770/1770 1768/1768 1767/1767
f 1771/1771 1768/1768 1770/1770
f 1768/1768 1771/1771 1772/1772
f 1773/1773 1771/1771 1774/1774
f 1771/1771 1773/1773 1772/1772
f 1773/1773 1774/1774 1775/1775
f 1775/1775 1776/1776 1773/1773
f 1777/1777 1776/1776 1775/1775
f 1776/1776 1777/1777 1778/1778
f 1779/1779 1777/1777 1780/1780
f 1778/1778 1777/1777 1779/1779
f 1780/1780 1781/1781 1779/1779
f 1781/1781 1780/1780 1782/1782
f 1781/1781 1782/1782 1783/1783
f 1781/1781 1783/1783 1784/1784
f 1785/1785 1786/1786 1787/1787
f 1787/1787 1786/1786 1788/1788
f 1789/1789 1790/1790 1791/1791
f 1790/1790 1792/1792 1791/1791
f 1793/1793 1794/1794 1795/1795
f 1793/1793 1795/1795 1796/1796
f 1797/1797 1798/1798 1799/1799
f 1797/1797 1799/1799 1800/1800
f 1801/1801 1802/1802 1803/1803
f 1801/1801 1803/1803 1804/1804
f 1805/1805 1806/1806 1807/1807
f 1805/1805 1807/1807 1808/1808
f 1809/1809 1810/1810 1811/1811
f 1809/1809 1811/1811 1812/1812
f 1813/1813 1814/1814 1815/1815
f 1814/1814 1816/1816 1815/1815
f 1817/1817 1818/1818 1819/1819
f 1818/1818 1820/1820 1819/1819
f 1821/1821 1822/1822 1823/1823
f 1823/1823 1822/1822 1824/1824
f 1825/1825 1826/1826 1827/1827
f 1826/1826 1828/1828 1827/1827
f 1829/1829 1830/1830 1831/1831
f 1830/1830 1832/1832 1831/1831
f 1833/1833 1834/1834 1835/1835
f 1834/1834 1836/1836 1835/1835
f 1837/1837 1838/1838 1839/1839
f 1839/1839 1838/1838 1840/1840
f 1841/1841 1842/1842 1843/1843
f 1842/1842 1841/1841 1844/1844
f 1845/1845 1846/1846 1847/1847
f 1847/1847 1846/1846 1848/1848
f 1849/1849 1850/1850 1851/1851
f 1851/1851 1850/1850 1852/1852
f 1853/1853 1854/1854 1855/1855
f 1855/1855 1854/1854 1856/1856
f 1857/1857 1858/1858 1859/1859
f 1858/1858 1857/1857 1860/1860
f 1861/1861 1859/1859 1858/1858
f 1861/1861 1858/1858 1862/1862
f 1862/1862 1863/1863 1864/1864
f 1864/1864 1861/1861 1862/1862
f 1863/1863 1865/1865 1866/1866
f 1866/1866 1864/1864 1863/1863
f 1865/1865 1867/1867 1868/1868
f 1865/1865 1868/1868 1866/1866
f 1869/1869 1868/1868 1867/1867
f 1867/1867 1870/1870 1869/1869
f 1869/1869 1871/1871 1872/1872
f 1871/1871 1869/1869 1870/1870
f 1872/1872 1873/1873 1874/1874
f 1873/1873 1872/1872 1871/1871
f 1875/1875 1874/1874 1876/1876
f 1876/1876 1874/1874 1873/1873
f 1875/1875 1877/1877 1878/1878
f 1877/1877 1875/1875 1876/1876
f 1879/1879 1880/1880 1881/1881
f 1879/1879 1881/1881 1882/1882
f 1883/1883 1881/1881 1880/1880
f 1880/1880 1884/1884 1883/1883
f 1885/1885 1883/1883 1884/1884
f 1885/1885 1884/1884 1886/1886
f 1887/1887 1885/1885 1886/1886
f 1887/1887 1886/1886 1888/1888
f 1889/1889 1887/1887 1890/1890
f 1890/1890 1887/1887 1888/1888
f 1889/1889 1891/1891 1892/1892
f 1891/1891 1889/1889 1890/1890
f 1893/1893 1892/1892 1894/1894
f 1891/1891 1894/1894 1892/1892
f 1894/1894 1860/1860 1893/1893
f 1893/1893 1860/1860 1857/1857
f 1895/1895 1896/1896 1897/1897
f 1896/1896 1898/1898 1897/1897
f 1899/1899 1900/1900 1901/1901
f 1900/1900 1899/1899 1902/1902
f 1903/1903 1904/1904 1905/1905
f 1904/1904 1906/1906 1905/1905
f 1907/1907 1908/1908 1909/1909
f 1908/1908 1910/1910 1909/1909
f 1911/1911 1912/1912 1913/1913
f 1912/1912 1914/1914 1913/1913
f 1915/1915 1916/1916 1917/1917
f 1916/1916 1918/1918 1917/1917
f 1919/1919 1920/1920 1921/1921
f 1920/1920 1922/1922 1921/1921
f 1923/1923 1924/1924 1925/1925
f 1925/1925 1924/1924 1926/1926
f 1927/1927 1928/1928 1929/1929
f 1929/1929 1928/1928 1930/1930
f 1931/1931 1932/1932 1933/1933
f 1933/1933 1932/1932 1934/1934
f 1935/1935 1936/1936 1937/1937
f 1937/1937 1936/1936 1938/1938
f 1939/1939 1940/1940 1941/1941
f 1940/1940 1942/1942 1941/1941
f 1943/1943 1944/1944 1945/1945
f 1944/1944 1946/1946 1945/1945
f 1947/1947 1948/1948 1949/1949
f 1948/1948 1950/1950 1949/1949
f 1951/1951 1952/1952 1953/1953
f 1953/1953 1952/1952 1954/1954
f 1955/1955 1956/1956 1957/1957
f 1957/1957 1956/1956 1958/1958
f 1959/1959 1960/1960 1961/1961
f 1960/1960 1962/1962 1961/1961
f 1963/1963 1964/1964 1965/1965
f 1964/1964 1966/1966 1965/1965
f 1967/1967 1968/1968 1969/1969
f 1968/1968 1967/1967 1970/1970
f 1969/1969 1968/1968 1971/1971
f 1970/1970 1972/1972 1973/1973
f 1972/1972 1970/1970 1967/1967
f 1974/1974 1973/1973 1972/1972
f 1973/1973 1974/1974 1975/1975
f 1975/1975 1976/1976 1977/1977
f 1976/1976 1975/1975 1974/1974
f 1977/1977 1978/1978 1979/1979
f 1978/1978 1977/1977 1976/1976
f 1979/1979 1980/1980 1981/1981
f 1980/1980 1979/1979 1978/1978
f 1981/1981 1982/1982 1983/1983
f 1982/1982 1981/1981 1980/1980
f 1983/1983 1982/1982 1984/1984
f 1985/1985 1986/1986 1987/1987
f 1985/1985 1987/1987 1988/1988
f 1989/1989 1985/1985 1990/1990
f 1985/1985 1989/1989 1986/1986
f 1991/1991 1989/1989 1990/1990
f 1989/1989 1991/1991 1992/1992
f 1993/1993 1994/1994 1991/1991
f 1992/1992 1991/1991 1994/1994
f 1995/1995 1993/1993 1996/1996
f 1993/1993 1995/1995 1994/1994
f 1995/1995 1996/1996 1997/1997
f 1995/1995 1997/1997 1998/1998
f 1999/1999 1998/1998 1997/1997
f 1998/1998 1999/1999 2000/2000
f 2001/2001 1999/1999 2002/2002
f 2000/2000 1999/1999 2001/2001
f 2003/2003 2004/2004 2005/2005
f 2005/2005 2004/2004 2006/2006
f 2007/2007 2008/2008 2009/2009
f 2009/2009 2008/2008 2010/2010
f 2011/2011 2012/2012 2013/2013
f 2013/2013 2012/2012 2014/2014
f 2015/2015 2016/2016 2017/2017
f 2017/2017 2016/2016 2018/2018
f 2019/2019 2020/2020 2021/2021
f 2021/2021 2020/2020 2022/2022
f 2023/2023 2024/2024 2025/2025
f 2025/2025 2024/2024 2026/2026
f 2027/2027 2028/2028 2029/2029
f 2029/2029 2028/2028 2030/2030
f 2031/2031 2032/2032 2033/2033
f 2033/2033 2032/2032 2034/2034
f 2035/2035 2036/2036 2037/2037
f 2037/2037 2036/2036 2038/2038
f 2039/2039 2040/2040 2041/2041
f 2039/2039 2041/2041 2042/2042
f 2040/2040 2043/2043 2041/2041
f 2043/2043 2040/2040 2044/2044
f 2045/2045 2046/2046 2047/2047
f 2046/2046 2045/2045 2048/2048
f 2049/2049 2050/2050 2048/2048
f 2049/2049 2048/2048 2045/2045
f 2049/2049 2051/2051 2050/2050
f 2051/2051 2049/2049 2052/2052
f 2052/2052 2053/2053 2051/2051
f 2053/2053 2052/2052 2054/2054
f 2055/2055 2056/2056 2053/2053
f 2055/2055 2053/2053 2054/2054
f 2057/2057 2056/2056 2055/2055
f 2056/2056 2057/2057 2058/2058
f 2057/2057 2039/2039 2058/2058
f 2039/2039 2042/2042 2058/2058
f 2059/2059 2060/2060 2061/2061
f 2061/2061 2060/2060 2062/2062
f 2063/2063 2064/2064 2065/2065
f 2065/2065 2064/2064 2066/2066
f 2067/2067 2068/2068 2069/2069
f 2069/2069 2068/2068 2070/2070
f 2071/2071 2072/2072 2073/2073
f 2073/2073 2072/2072 2074/2074
f 2075/2075 2076/2076 2077/2077
f 2077/2077 2076/2076 2078/2078
f 2079/2079 2080/2080 2081/2081
f 2081/2081 2080/2080 2082/2082
f 2083/2083 2084/2084 2085/2085
f 2085/2085 2084/2084 2086/2086
f 2087/2087 2088/2088 2089/2089
f 2089/2089 2088/2088 2090/2090
f 2091/2091 2092/2092 2093/2093
f 2093/2093 2092/2092 2094/2094
f 2095/2095 2096/2096 2097/2097
f 2096/2096 2095/2095 2098/2098
f 2097/2097 2099/2099 2100/2100
f 2099/2099 2097/2097 2096/2096
f 2101/2101 2102/2102 2103/2103
f 2102/2102 2101/2101 2104/2104
f 2103/2103 2105/2105 2101/2101
f 2105/2105 2103/2103 2106/2106
f 2107/2107 2105/2105 2108/2108
f 2105/2105 2106/2106 2108/2108
f 2107/2107 2109/2109 2110/2110
f 2109/2109 2107/2107 2108/2108
f 2110/2110 2109/2109 2111/2111
f 2109/2109 2112/2112 2111/2111
f 2113/2113 2112/2112 2114/2114
f 2112/2112 2113/2113 2111/2111
f 2095/2095 2113/2113 2114/2114
f 2095/2095 2114/2114 2098/2098
f 2115/2115 2116/2116 2117/2117
f 2116/2116 2118/2118 2119/2119
f 2118/2118 2116/2116 2115/2115
f 2120/2120 2121/2121 2122/2122
f 2122/2122 2121/2121 2123/2123
f 2124/2124 2125/2125 2126/2126
f 2126/2126 2125/2125 2127/2127
f 2128/2128 2129/2129 2130/2130
f 2130/2130 2129/2129 2131/2131
f 2132/2132 2133/2133 2134/2134
f 2134/2134 2133/2133 2135/2135
f 2136/2136 2137/2137 2138/2138
f 2138/2138 2137/2137 2139/2139
f 2140/2140 2141/2141 2142/2142
f 2142/2142 2141/2141 2143/2143
f 2144/2144 2145/2145 2146/2146
f 2146/2146 2147/2147 2144/2144
f 2148/2148 2149/2149 2150/2150
f 2150/2150 2149/2149 2151/2151
f 2152/2152 2153/2153 2154/2154
f 2154/2154 2153/2153 2155/2155
f 2156/2156 2157/2157 2158/2158
f 2157/2157 2156/2156 2159/2159
f 2157/2157 2159/2159 2118/2118
f 2157/2157 2118/2118 2115/2115
f 2160/2160 2161/2161 2162/2162
f 2161/2161 2160/2160 2163/2163
f 2164/2164 2165/2165 2166/2166
f 2165/2165 2167/2167 2166/2166
f 2168/2168 2169/2169 2170/2170
f 2169/2169 2171/2171 2170/2170
f 2172/2172 2173/2173 2174/2174
f 2174/2174 2173/2173 2175/2175
f 2176/2176 2177/2177 2178/2178
f 2177/2177 2176/2176 2179/2179
f 2180/2180 2181/2181 2182/2182
f 2182/2182 2183/2183 2180/2180
f 2184/2184 2185/2185 2186/2186
f 2187/2187 2186/2186 2185/2185
f 2188/2188 2189/2189 2190/2190
f 2191/2191 2190/2190 2189/2189
f 2192/2192 2193/2193 2194/2194
f 2194/2194 2193/2193 2195/2195
f 2196/2196 2197/2197 2198/2198
f 2196/2196 2198/2198 2199/2199
f 2200/2200 2201/2201 2202/2202
f 2200/2200 2202/2202 2203/2203
f 2204/2204 2205/2205 2206/2206
f 2205/2205 2204/2204 2207/2207
f 2208/2208 2209/2209 2210/2210
f 2210/2210 2211/2211 2208/2208
f 2212/2212 2213/2213 2214/2214
f 2215/2215 2214/2214 2213/2213
f 2216/2216 2217/2217 2218/2218
f 2219/2219 2218/2218 2217/2217
f 2220/2220 2221/2221 2222/2222
f 2222/2222 2221/2221 2223/2223
f 2224/2224 2225/2225 2226/2226
f 2224/2224 2226/2226 2227/2227
f 2228/2228 2229/2229 2230/2230
f 2228/2228 2230/2230 2231/2231
f 2232/2232 2233/2233 2234/2234
f 2233/2233 2232/2232 2235/2235
f 2236/2236 2237/2237 2238/2238
f 2238/2238 2239/2239 2236/2236
f 2240/2240 2241/2241 2242/2242
f 2241/2241 2240/2240 2243/2243
f 2244/2244 2245/2245 2246/2246
f 2245/2245 2244/2244 2247/2247
f 2248/2248 2249/2249 2250/2250
f 2250/2250 2249/2249 2251/2251
f 2252/2252 2253/2253 2254/2254
f 2255/2255 2254/2254 2253/2253
f 2256/2256 2257/2257 2258/2258
f 2257/2257 2259/2259 2258/2258
f 2260/2260 2261/2261 2262/2262
f 2262/2262 2261/2261 2263/2263
f 2264/2264 2265/2265 2266/2266
f 2264/2264 2266/2266 2267/2267
f 2268/2268 2269/2269 2270/2270
f 2269/2269 2268/2268 2271/2271
f 2272/2272 2273/2273 2274/2274
f 2273/2273 2272/2272 2275/2275
f 2276/2276 2277/2277 2278/2278
f 2278/2278 2279/2279 2276/2276
f 2280/2280 2281/2281 2282/2282
f 2280/2280 2282/2282 2283/2283
f 2284/2284 2285/2285 2286/2286
f 2284/2284 2286/2286 2287/2287
f 2288/2288 2289/2289 2290/2290
f 2290/2290 2289/2289 2291/2291
f 2292/2292 2293/2293 2294/2294
f 2293/2293 2292/2292 2295/2295
f 2296/2296 2297/2297 2298/2298
f 2297/2297 2296/2296 2299/2299
f 2300/2300 2301/2301 2302/2302
f 2302/2302 2303/2303 2300/2300
f 2304/2304 2305/2305 2306/2306
f 2304/2304 2306/2306 2307/2307
f 2308/2308 2309/2309 2310/2310
f 2308/2308 2310/2310 2311/2311
f 2312/2312 2313/2313 2314/2314
f 2314/2314 2313/2313 2315/2315
f 2316/2316 2317/2317 2318/2318
f 2318/2318 2319/2319 2316/2316
f 2320/2320 2321/2321 2322/2322
f 2322/2322 2323/2323 2320/2320
f 2324/2324 2325/2325 2326/2326
f 2326/2326 2327/2327 2324/2324
f 2328/2328 2329/2329 2330/2330
f 2330/2330 2329/2329 2331/2331
f 2332/2332 2333/2333 2334/2334
f 2334/2334 2333/2333 2335/2335
f 2336/2336 2337/2337 2338/2338
f 2337/2337 2339/2339 2338/2338
f 2340/2340 2341/2341 2342/2342
f 2340/2340 2342/2342 2343/2343
f 2344/2344 2345/2345 2346/2346
f 2344/2344 2346/2346 2347/2347
f 2348/2348 2349/2349 2350/2350
f 2350/2350 2349/2349 2351/2351
f 2352/2352 2353/2353 2354/2354
f 2353/2353 2352/2352 2355/2355
f 2356/2356 2357/2357 2358/2358
f 2357/2357 2356/2356 2359/2359
f 2360/2360 2361/2361 2362/2362
f 2361/2361 2363/2363 2362/2362
f 2364/2364 2365/2365 2366/2366
f 2367/2367 2366/2366 2365/2365
f 2368/2368 2369/2369 2370/2370
f 2371/2371 2370/2370 2369/2369
f 2372/2372 2373/2373 2374/2374
f 2372/2372 2374/2374 2375/2375
f 2376/2376 2377/2377 2378/2378
f 2376/2376 2378/2378 2379/2379
f 2380/2380 2381/2381 2382/2382
f 2380/2380 2382/2382 2383/2383
f 2384/2384 2385/2385 2386/2386
f 2384/2384 2386/2386 2387/2387
f 2388/2388 2389/2389 2390/2390
f 2389/2389 2388/2388 2391/2391
f 2392/2392 2393/2393 2394/2394
f 2394/2394 2393/2393 2395/2395
f 2396/2396 2397/2397 2398/2398
f 2398/2398 2399/2399 2396/2396
f 2400/2400 2401/2401 2402/2402
f 2400/2400 2402/2402 2403/2403
f 2404/2404 2405/2405 2406/2406
f 2406/2406 2407/2407 2404/2404
f 2408/2408 2409/2409 2410/2410
f 2410/2410 2409/2409 2411/2411
f 2412/2412 2413/2413 2414/2414
f 2414/2414 2413/2413 2415/2415
f 2416/2416 2417/2417 2418/2418
f 2418/2418 2417/2417 2419/2419
f 2420/2420 2421/2421 2422/2422
f 2422/2422 2423/2423 2420/2420
f 2424/2424 2425/2425 2426/2426
f 2425/2425 2424/2424 2427/2427
f 2428/2428 2429/2429 2430/2430
f 2429/2429 2428/2428 2431/2431
f 2432/2432 2433/2433 2434/2434
f 2433/2433 2435/2435 2434/2434
f 2436/2436 2437/2437 2438/2438
f 2438/2438 2439/2439 2436/2436
f 2440/2440 2441/2441 2442/2442
f 2442/2442 2443/2443 2440/2440
f 2444/2444 2445/2445 2446/2446
f 2446/2446 2445/2445 2447/2447
f 2448/2448 2449/2449 2450/2450
f 2450/2450 2451/2451 2448/2448
f 2452/2452 2453/2453 2454/2454
f 2455/2455 2456/2456 2457/2457
f 2457/2457 2456/2456 2458/2458
f 2459/2459 2460/2460 2461/2461
f 2460/2460 2462/2462 2461/2461
f 2463/2463 2464/2464 2465/2465
f 2464/2464 2463/2463 2466/2466
f 2467/2467 2468/2468 2469/2469
f 2468/2468 2467/2467 2470/2470
f 2471/2471 2472/2472 2473/2473
f 2471/2471 2473/2473 2474/2474
f 2475/2475 2476/2476 2477/2477
f 2476/2476 2475/2475 2478/2478
f 2479/2479 2480/2480 2481/2481
f 2481/2481 2480/2480 2482/2482
f 2483/2483 2484/2484 2485/2485
f 2485/2485 2484/2484 2486/2486
f 2487/2487 2488/2488 2489/2489
f 2487/2487 2489/2489 2490/2490
f 2491/2491 2492/2492 2493/2493
f 2491/2491 2493/2493 2494/2494
f 2495/2495 2496/2496 2497/2497
f 2497/2497 2498/2498 2495/2495
f 2499/2499 2500/2500 2501/2501
f 2502/2502 2501/2501 2500/2500
f 2503/2503 2504/2504 2505/2505
f 2506/2506 2505/2505 2504/2504
f 2507/2507 2508/2508 2509/2509
f 2508/2508 2507/2507 2510/2510
f 2511/2511 2512/2512 2513/2513
f 2513/2513 2512/2512 2514/2514
f 2515/2515 2516/2516 2517/2517
f 2515/2515 2517/2517 2518/2518
f 2519/2519 2520/2520 2521/2521
f 2519/2519 2521/2521 2522/2522
f 2523/2523 2524/2524 2525/2525
f 2525/2525 2526/2526 2523/2523
f 2527/2527 2528/2528 2529/2529
f 2530/2530 2529/2529 2528/2528
f 2531/2531 2532/2532 2533/2533
f 2534/2534 2533/2533 2532/2532
f 2535/2535 2536/2536 2537/2537
f 2536/2536 2535/2535 2538/2538
f 2539/2539 2540/2540 2541/2541
f 2541/2541 2540/2540 2542/2542
f 2543/2543 2544/2544 2545/2545
f 2544/2544 2546/2546 2545/2545
f 2547/2547 2548/2548 2549/2549
f 2548/2548 2550/2550 2549/2549
f 2551/2551 2552/2552 2553/2553
f 2553/2553 2554/2554 2551/2551
f 2555/2555 2556/2556 2557/2557
f 2555/2555 2557/2557 2558/2558
f 2559/2559 2560/2560 2561/2561
f 2559/2559 2561/2561 2562/2562
f 2563/2563 2564/2564 2565/2565
f 2564/2564 2563/2563 2566/2566
f 2567/2567 2568/2568 2569/2569
f 2568/2568 2567/2567 2570/2570
f 2571/2571 2572/2572 2573/2573
f 2571/2571 2573/2573 2574/2574
f 2575/2575 2576/2576 2577/2577
f 2575/2575 2577/2577 2578/2578
f 2579/2579 2580/2580 2581/2581
f 2581/2581 2580/2580 2582/2582
f 2583/2583 2584/2584 2585/2585
f 2585/2585 2584/2584 2586/2586
f 2587/2587 2588/2588 2589/2589
f 2588/2588 2587/2587 2590/2590
f 2591/2591 2592/2592 2593/2593
f 2593/2593 2592/2592 2594/2594
f 2595/2595 2596/2596 2597/2597
f 2596/2596 2595/2595 2598/2598
f 2599/2599 2600/2600 2601/2601
f 2600/2600 2599/2599 2602/2602
f 2603/2603 2604/2604 2605/2605
f 2604/2604 2603/2603 2606/2606
f 2607/2607 2608/2608 2609/2609
f 2609/2609 2608/2608 2610/2610
f 2611/2611 2612/2612 2613/2613
f 2613/2613 2612/2612 2614/2614
f 2615/2615 2616/2616 2617/2617
f 2617/2617 2616/2616 2618/2618
f 2619/2619 2620/2620 2621/2621
f 2621/2621 2620/2620 2622/2622
f 2623/2623 2624/2624 2625/2625
f 2624/2624 2623/2623 2626/2626
f 2627/2627 2628/2628 2629/2629
f 2628/2628 2627/2627 2630/2630
f 2631/2631 2632/2632 2633/2633
f 2632/2632 2631/2631 2634/2634
f 2635/2635 2636/2636 2637/2637
f 2637/2637 2636/2636 2638/2638
f 2639/2639 2640/2640 2641/2641
f 2640/2640 2639/2639 2642/2642
f 2643/2643 2644/2644 2645/2645
f 2644/2644 2643/2643 2646/2646
f 2647/2647 2648/2648 2649/2649
f 2648/2648 2647/2647 2650/2650
f 2651/2651 2652/2652 2653/2653
f 2653/2653 2652/2652 2654/2654
f 2655/2655 2656/2656 2657/2657
f 2658/2658 2657/2657 2656/2656
f 2659/2659 2660/2660 2661/2661
f 2662/2662 2661/2661 2660/2660
f 2663/2663 2664/2664 2665/2665
f 2664/2664 2663/2663 2666/2666
f 2667/2667 2668/2668 2669/2669
f 2667/2667 2669/2669 2670/2670
f 2671/2671 2672/2672 2673/2673
f 2671/2671 2673/2673 2674/2674
f 2675/2675 2676/2676 2677/2677
f 2676/2676 2675/2675 2678/2678
f 2679/2679 2680/2680 2681/2681
f 2681/2681 2680/2680 2682/2682
f 2683/2683 2684/2684 2685/2685
f 2683/2683 2685/2685 2686/2686
f 2687/2687 2688/2688 2689/2689
f 2687/2687 2689/2689 2690/2690
f 2691/2691 2692/2692 2693/2693
f 2692/2692 2691/2691 2694/2694
f 2695/2695 2696/2696 2697/2697
f 2698/2698 2697/2697 2696/2696
f 2699/2699 2700/2700 2701/2701
f 2702/2702 2701/2701 2700/2700
f 2703/2703 2704/2704 2705/2705
f 2704/2704 2703/2703 2706/2706
f 2707/2707 2708/2708 2709/2709
f 2708/2708 2707/2707 2710/2710
f 2711/2711 2712/2712 2713/2713
f 2712/2712 2711/2711 2714/2714
f 2715/2715 2716/2716 2717/2717
f 2716/2716 2715/2715 2718/2718
f 2719/2719 2720/2720 2721/2721
f 2721/2721 2720/2720 2722/2722
f 2723/2723 2724/2724 2725/2725
f 2725/2725 2724/2724 2726/2726
f 2727/2727 2728/2728 2729/2729
f 2729/2729 2728/2728 2730/2730
f 2731/2731 2732/2732 2733/2733
f 2733/2733 2732/2732 2734/2734
f 2735/2735 2736/2736 2737/2737
f 2736/2736 2735/2735 2738/2738
f 2739/2739 2740/2740 2741/2741
f 2740/2740 2739/2739 2742/2742
f 2743/2743 2744/2744 2745/2745
f 2744/2744 2743/2743 2746/2746
f 2747/2747 2748/2748 2749/2749
f 2749/2749 2748/2748 2750/2750
f 2751/2751 2752/2752 2753/2753
f 2753/2753 2752/2752 2754/2754
f 2755/2755 2756/2756 2757/2757
f 2756/2756 2755/2755 2758/2758
f 2758/2758 2759/2759 2760/2760
f 2761/2761 2762/2762 2763/2763
f 2763/2763 2762/2762 2764/2764
f 2765/2765 2766/2766 2767/2767
f 2767/2767 2766/2766 2768/2768
f 2769/2769 2770/2770 2771/2771
f 2770/2770 2772/2772 2771/2771
f 2773/2773 2774/2774 2775/2775
f 2774/2774 2776/2776 2775/2775
f 2777/2777 2778/2778 2779/2779
f 2779/2779 2780/2780 2777/2777
f 2781/2781 2782/2782 2783/2783
f 2783/2783 2784/2784 2781/2781
f 2785/2785 2786/2786 2787/2787
f 2787/2787 2788/2788 2785/2785
f 2789/2789 2790/2790 2791/2791
f 2789/2789 2792/2792 2790/2790
f 2793/2793 2794/2794 2795/2795
f 2793/2793 2795/2795 2796/2796
f 2797/2797 2798/2798 2799/2799
f 2797/2797 2799/2799 2800/2800
f 2801/2801 2802/2802 2803/2803
f 2803/2803 2802/2802 2804/2804
f 2805/2805 2806/2806 2807/2807
f 2807/2807 2808/2808 2805/2805
f 2809/2809 2810/2810 2811/2811
f 2810/2810 2809/2809 2812/2812
f 2813/2813 2814/2814 2815/2815
f 2814/2814 2813/2813 2816/2816
f 2817/2817 2818/2818 2819/2819
f 2818/2818 2820/2820 2819/2819
f 2821/2821 2822/2822 2823/2823
f 2822/2822 2824/2824 2823/2823
f 2825/2825 2826/2826 2827/2827
f 2825/2825 2828/2828 2826/2826
f 2829/2829 2826/2826 2828/2828
f 2830/2830 2831/2831 2832/2832
f 2832/2832 2831/2831 2833/2833
f 2834/2834 2835/2835 2836/2836
f 2836/2836 2837/2837 2834/2834
f 2838/2838 2839/2839 2840/2840
f 2838/2838 2840/2840 2841/2841
f 2842/2842 2843/2843 2844/2844
f 2844/2844 2843/2843 2845/2845
f 2823/2823 2846/2846 2847/2847
f 2846/2846 2823/2823 2848/2848
f 2823/2823 2847/2847 2821/2821
f 2849/2849 2850/2850 2851/2851
f 2850/2850 2849/2849 2852/2852
f 2826/2826 2853/2853 2854/2854
f 2853/2853 2826/2826 2829/2829
f 2855/2855 2856/2856 2857/2857
f 2856/2856 2855/2855 2858/2858
f 2846/2846 2848/2848 2859/2859
f 2860/2860 2861/2861 2862/2862
f 2862/2862 2861/2861 2863/2863
f 2854/2854 2853/2853 2864/2864
f 2865/2865 2866/2866 2867/2867
f 2865/2865 2867/2867 2868/2868
f 2869/2869 2870/2870 2871/2871
f 2869/2869 2872/2872 2870/2870
f 2873/2873 2870/2870 2872/2872
f 2874/2874 2875/2875 2876/2876
f 2875/2875 2877/2877 2876/2876
f 2878/2878 2879/2879 2880/2880
f 2879/2879 2881/2881 2880/2880
f 2882/2882 2883/2883 2884/2884
f 2884/2884 2883/2883 2885/2885
f 2886/2886 2887/2887 2888/2888
f 2889/2889 2888/2888 2887/2887
f 2890/2890 2891/2891 2892/2892
f 2892/2892 2893/2893 2890/2890
f 2870/2870 2894/2894 2895/2895
f 2894/2894 2870/2870 2873/2873
f 2896/2896 2897/2897 2898/2898
f 2896/2896 2898/2898 2899/2899
f 2900/2900 2874/2874 2876/2876
f 2876/2876 2901/2901 2900/2900
f 2901/2901 2876/2876 2902/2902
f 2903/2903 2904/2904 2905/2905
f 2906/2906 2905/2905 2904/2904
f 2895/2895 2894/2894 2907/2907
f 2908/2908 2909/2909 2910/2910
f 2909/2909 2908/2908 2911/2911
f 2901/2901 2902/2902 2912/2912
f 2913/2913 2914/2914 2915/2915
f 2916/2916 2915/2915 2914/2914
f 2917/2917 2918/2918 2919/2919
f 2917/2917 2919/2919 2920/2920
f 2921/2921 2922/2922 2923/2923
f 2924/2924 2923/2923 2922/2922
f 2925/2925 2926/2926 2927/2927
f 2925/2925 2927/2927 2928/2928
f 2929/2929 2930/2930 2931/2931
f 2929/2929 2931/2931 2932/2932
f 2933/2933 2934/2934 2935/2935
f 2933/2933 2935/2935 2936/2936
f 2937/2937 2938/2938 2939/2939
f 2938/2938 2937/2937 2940/2940
f 2941/2941 2942/2942 2943/2943
f 2943/2943 2942/2942 2944/2944
f 2945/2945 2946/2946 2947/2947
f 2947/2947 2948/2948 2945/2945
f 2949/2949 2950/2950 2951/2951
f 2949/2949 2951/2951 2952/2952
f 2953/2953 2954/2954 2955/2955
f 2953/2953 2955/2955 2956/2956
f 2957/2957 2958/2958 2959/2959
f 2959/2959 2958/2958 2960/2960
f 2961/2961 2962/2962 2963/2963
f 2963/2963 2964/2964 2961/2961
f 2965/2965 2966/2966 2967/2967
f 2966/2966 2965/2965 2968/2968
f 2969/2969 2970/2970 2971/2971
f 2970/2970 2969/2969 2972/2972
f 2973/2973 2974/2974 2975/2975
f 2975/2975 2974/2974 2976/2976
f 2977/2977 2978/2978 2979/2979
f 2979/2979 2978/2978 2980/2980
f 2981/2981 2982/2982 2983/2983
f 2983/2983 2982/2982 2984/2984
f 2985/2985 2986/2986 2987/2987
f 2987/2987 2986/2986 2988/2988
f 2989/2989 2990/2990 2991/2991
f 2991/2991 2990/2990 2992/2992
f 2993/2993 2994/2994 2995/2995
f 2995/2995 2994/2994 2996/2996
f 2997/2997 2998/2998 2999/2999
f 2999/2999 2998/2998 3000/3000
f 3001/3001 3002/3002 3003/3003
f 3003/3003 3002/3002 3004/3004
f 3005/3005 3006/3006 3007/3007
f 3007/3007 3006/3006 3008/3008
f 3009/3009 3010/3010 3011/3011
f 3011/3011 3010/3010 3012/3012
f 3013/3013 3014/3014 3015/3015
f 3014/3014 3013/3013 3016/3016
f 3017/3017 3018/3018 3019/3019
f 3017/3017 3019/3019 3020/3020
f 3021/3021 3022/3022 3023/3023
f 3021/3021 3023/3023 3024/3024
f 3025/3025 3026/3026 3027/3027
f 3027/3027 3026/3026 3028/3028
f 3029/3029 3030/3030 3031/3031
f 3031/3031 3032/3032 3029/3029
f 3033/3033 3034/3034 3035/3035
f 3034/3034 3033/3033 3036/3036
f 3037/3037 3038/3038 3039/3039
f 3038/3038 3037/3037 3040/3040
f 3041/3041 3042/3042 3043/3043
f 3043/3043 3042/3042 3044/3044
f 3045/3045 3046/3046 3047/3047
f 3048/3048 3047/3047 3046/3046
f 3049/3049 3050/3050 3051/3051
f 3052/3052 3051/3051 3050/3050
f 3053/3053 3054/3054 3055/3055
f 3056/3056 3055/3055 3054/3054
f 3057/3057 3058/3058 3059/3059
f 3060/3060 3059/3059 3058/3058
f 3061/3061 3062/3062 3063/3063
f 3062/3062 3061/3061 3064/3064
f 3065/3065 3066/3066 3067/3067
f 3065/3065 3067/3067 3068/3068
f 3069/3069 3070/3070 3071/3071
f 3070/3070 3069/3069 3072/3072
f 3073/3073 3074/3074 3075/3075
f 3073/3073 3075/3075 3076/3076
f 3077/3077 3078/3078 3079/3079
f 3080/3080 3079/3079 3078/3078
f 3081/3081 3082/3082 3083/3083
f 3083/3083 3082/3082 3084/3084
f 3085/3085 3086/3086 3087/3087
f 3086/3086 3085/3085 3088/3088
f 3089/3089 3090/3090 3091/3091
f 3090/3090 3089/3089 3092/3092
f 3093/3093 3094/3094 3095/3095
f 3095/3095 3096/3096 3093/3093
f 3097/3097 3098/3098 3099/3099
f 3098/3098 3100/3100 3099/3099
f 3101/3101 3102/3102 3103/3103
f 3103/3103 3102/3102 3104/3104
f 3105/3105 3106/3106 3107/3107
f 3107/3107 3108/3108 3105/3105
f 3109/3109 3110/3110 3111/3111
f 3111/3111 3110/3110 3112/3112
f 3113/3113 3114/3114 3115/3115
f 3115/3115 3116/3116 3113/3113
f 3117/3117 3118/3118 3119/3119
f 3119/3119 3118/3118 3120/3120
f 3118/3118 3121/3121 3122/3122
f 3123/3123 3122/3122 3121/3121
f 3121/3121 3124/3124 3123/3123
f 3125/3125 3123/3123 3124/3124
f 3126/3126 3127/3127 3128/3128
f 3128/3128 3129/3129 3126/3126
f 3130/3130 3131/3131 3132/3132
f 3130/3130 3132/3132 3133/3133
f 3134/3134 3130/3130 3133/3133
f 3134/3134 3133/3133 3135/3135
f 3135/3135 3136/3136 3137/3137
f 3136/3136 3135/3135 3138/3138
f 3139/3139 3140/3140 3141/3141
f 3141/3141 3140/3140 3142/3142
f 3140/3140 3143/3143 3144/3144
f 3145/3145 3144/3144 3143/3143
f 3143/3143 3146/3146 3145/3145
f 3147/3147 3145/3145 3146/3146
f 3148/3148 3149/3149 3150/3150
f 3151/3151 3150/3150 3149/3149
f 3152/3152 3153/3153 3154/3154
f 3152/3152 3154/3154 3155/3155
f 3156/3156 3152/3152 3155/3155
f 3156/3156 3155/3155 3157/3157
f 3157/3157 3158/3158 3159/3159
f 3158/3158 3157/3157 3160/3160
f 3161/3161 3162/3162 3163/3163
f 3162/3162 3161/3161 3164/3164
f 3165/3165 3166/3166 3167/3167
f 3167/3167 3166/3166 3168/3168
f 3169/3169 3170/3170 3171/3171
f 3171/3171 3170/3170 3172/3172
f 3173/3173 3174/3174 3175/3175
f 3174/3174 3173/3173 3176/3176
f 3177/3177 3178/3178 3179/3179
f 3178/3178 3177/3177 3180/3180
f 3181/3181 3182/3182 3183/3183
f 3181/3181 3184/3184 3182/3182
f 3185/3185 3186/3186 3187/3187
f 3188/3188 3187/3187 3186/3186

