# https://github.com/mikedh/trimesh
mtllib material.mtl
usemtl material_0
v 1.43677773 0.05277889 1.15509074
v 1.43677788 0.86059135 1.15509082
v 1.43677788 0.86059135 1.20951319
v 1.43677773 0.05277901 1.20951312
v 0.72275864 0.89111359 1.15509082
v 0.72275864 0.89117615 1.26835101
v 1.01163347 0.89063271 1.20951319
v 1.01163347 0.89111359 1.15509082
v 1.43677773 0.05277901 1.20951312
v 1.43677788 0.86059135 1.20951319
v 1.42276199 0.88336281 1.20951319
v 1.38071442 0.89063271 1.20951319
v 1.38071419 0.24563461 1.20951312
v 1.38071419 0.24563461 1.20951312
v 1.38071442 0.89063271 1.20951319
v 1.38071442 0.89063271 1.25467929
v 1.38071419 0.24563461 1.25467898
v 1.01163347 0.89063271 1.25467929
v 1.38071442 0.89063271 1.25467929
v 1.42247833 0.88340981 1.25467913
v 1.43639954 0.86065392 1.25467913
v 1.38071419 0.24563461 1.25467898
v 1.43639946 0.10819237 1.25467913
v 1.43639946 0.10819237 1.25467913
v 1.43639954 0.86065392 1.25467913
v 1.43639954 0.86065380 1.26835101
v 1.43639946 0.10819237 1.26835101
v 1.37409058 0.89117615 1.26835101
v 1.37326218 0.07767021 1.26835101
v 1.37409058 0.89117615 1.26835101
v 0.72275864 0.89117615 1.26835101
v 1.42099335 0.02988720 1.20951312
v 1.37364044 0.02225666 1.20951312
v 1.37364044 0.02225666 1.15509074
v 1.42099335 0.02988720 1.15509074
v 1.42276199 0.88336281 1.20951319
v 1.42251541 0.88348297 1.15509082
v 1.34562248 0.18339760 1.20951312
v 1.31757687 0.12624519 1.20951312
v 1.37364044 0.02225666 1.20951312
v 1.42099335 0.02988720 1.20951312
v 1.34562248 0.18339760 1.25467898
v 1.31757687 0.12624519 1.25467913
v 1.31757687 0.12624519 1.20951312
v 1.34562248 0.18339760 1.20951312
v 1.42061516 0.08530075 1.25467913
v 1.37326218 0.07767021 1.25467913
v 1.31757687 0.12624519 1.25467913
v 1.34562248 0.18339760 1.25467898
v 1.42061516 0.08530075 1.26835101
v 1.37326218 0.07767021 1.26835101
v 1.37326218 0.07767021 1.25467913
v 1.42061516 0.08530075 1.25467913
v 1.42082237 0.88354557 1.26835101
v 1.42247833 0.88340981 1.25467913
v 1.42099335 0.02988720 1.20951312
v 1.42099335 0.02988720 1.15509074
v 1.38071442 0.89063271 1.20951319
v 1.37972832 0.89111359 1.15509082
v 1.34562248 0.18339760 1.20951312
v 1.42099335 0.02988720 1.20951312
v 1.34562248 0.18339760 1.25467898
v 1.34562248 0.18339760 1.20951312
v 1.42061516 0.08530075 1.25467913
v 1.34562248 0.18339760 1.25467898
v 1.42061516 0.08530075 1.26835101
v 1.42061516 0.08530075 1.25467913
v 1.37409058 0.89117615 1.26835101
v 1.38071442 0.89063271 1.25467929
v 1.38071442 0.89063271 1.20951319
v 1.37972832 0.89111359 1.15509082
v 1.10430931 0.89111359 1.15509082
v 1.10430931 0.89063271 1.20951319
v 1.38071442 0.89063271 1.25467929
v 1.10430931 0.89063271 1.25467929
v 1.42061516 0.08530075 1.26835101
v 1.43639946 0.10819237 1.26835101
v 1.43639954 0.86065380 1.26835101
v 1.42082237 0.88354557 1.26835101
v 1.01163347 0.89063271 1.25467929
v 1.10430931 0.89063271 1.25467929
v 1.10430927 0.83472450 1.25467929
v 1.01163343 0.83472450 1.25467929
v 1.01163347 0.89111359 1.15509082
v 1.01163347 0.89063271 1.20951319
v 1.01163343 0.83472450 1.20951319
v 1.01163343 0.83520538 1.15509082
v 1.01163347 0.89063271 1.25467929
v 1.01163343 0.83472450 1.25467929
v 1.10430931 0.89063271 1.20951319
v 1.10430931 0.89111359 1.15509082
v 1.10430927 0.83520538 1.15509082
v 1.10430927 0.83472450 1.20951319
v 1.10430931 0.89063271 1.25467929
v 1.10430927 0.83472450 1.25467929
v 1.10430927 0.83520538 1.15509082
v 1.01163343 0.83520538 1.15509082
v 1.01163343 0.83472450 1.20951319
v 1.10430927 0.83472450 1.20951319
v 1.01163343 0.83472450 1.25467929
v 1.10430927 0.83472450 1.25467929
v 0.00873955 0.05277889 1.15509074
v 0.00873955 0.05277901 1.20951312
v 0.00873940 0.86059135 1.20951319
v 0.00873940 0.86059135 1.15509082
v 0.43388380 0.89111359 1.15509082
v 0.43388380 0.89063271 1.20951319
v 0.00873955 0.05277901 1.20951312
v 0.06480309 0.24563461 1.20951312
v 0.06480286 0.89063271 1.20951319
v 0.02275528 0.88336281 1.20951319
v 0.00873940 0.86059135 1.20951319
v 0.06480309 0.24563461 1.20951312
v 0.06480309 0.24563461 1.25467898
v 0.06480286 0.89063271 1.25467929
v 0.06480286 0.89063271 1.20951319
v 0.43388380 0.89063271 1.25467929
v 0.06480309 0.24563461 1.25467898
v 0.00911781 0.10819237 1.25467913
v 0.00911774 0.86065392 1.25467913
v 0.02303894 0.88340981 1.25467913
v 0.06480286 0.89063271 1.25467929
v 0.00911781 0.10819237 1.25467913
v 0.00911781 0.10819237 1.26835101
v 0.00911774 0.86065380 1.26835101
v 0.00911774 0.86065392 1.25467913
v 0.07225510 0.07767021 1.26835101
v 0.12794041 0.12624519 1.20951312
v 0.07187683 0.02225666 1.20951312
v 1.31757687 0.12624519 1.25467913
v 0.12794041 0.12624519 1.25467913
v 0.12794041 0.12624519 1.20951312
v 1.31757687 0.12624519 1.20951312
v 0.07225510 0.07767021 1.25467913
v 0.12794041 0.12624519 1.25467913
v 0.07225510 0.07767021 1.26835101
v 0.07225510 0.07767021 1.25467913
v 0.02452393 0.02988720 1.20951312
v 0.02452393 0.02988720 1.15509074
v 0.07187683 0.02225666 1.15509074
v 0.07187683 0.02225666 1.20951312
v 0.02275528 0.88336281 1.20951319
v 0.02300186 0.88348297 1.15509082
v 0.09989479 0.18339760 1.20951312
v 0.02452393 0.02988720 1.20951312
v 0.09989479 0.18339760 1.25467898
v 0.09989479 0.18339760 1.20951312
v 0.12794041 0.12624519 1.20951312
v 0.12794041 0.12624519 1.25467913
v 0.02490211 0.08530075 1.25467913
v 0.09989479 0.18339760 1.25467898
v 0.02490211 0.08530075 1.26835101
v 0.02490211 0.08530075 1.25467913
v 0.02469490 0.88354557 1.26835101
v 0.02303894 0.88340981 1.25467913
v 0.02452393 0.02988720 1.15509074
v 0.02452393 0.02988720 1.20951312
v 0.06480286 0.89063271 1.20951319
v 0.06578896 0.89111359 1.15509082
v 0.02452393 0.02988720 1.20951312
v 0.09989479 0.18339760 1.20951312
v 0.09989479 0.18339760 1.20951312
v 0.09989479 0.18339760 1.25467898
v 0.09989479 0.18339760 1.25467898
v 0.02490211 0.08530075 1.25467913
v 0.02490211 0.08530075 1.25467913
v 0.02490211 0.08530075 1.26835101
v 0.07142670 0.89117615 1.26835101
v 0.06480286 0.89063271 1.25467929
v 0.06480286 0.89063271 1.20951319
v 0.34120796 0.89063271 1.20951319
v 0.34120796 0.89111359 1.15509082
v 0.06578896 0.89111359 1.15509082
v 0.06480286 0.89063271 1.25467929
v 0.34120796 0.89063271 1.25467929
v 0.07142670 0.89117615 1.26835101
v 0.00911774 0.86065380 1.26835101
v 0.00911781 0.10819237 1.26835101
v 0.02490211 0.08530075 1.26835101
v 0.02469490 0.88354557 1.26835101
v 0.07142670 0.89117615 1.26835101
v 0.43388380 0.89063271 1.25467929
v 0.43388384 0.83472450 1.25467929
v 0.34120800 0.83472450 1.25467929
v 0.34120796 0.89063271 1.25467929
v 0.43388380 0.89111359 1.15509082
v 0.43388384 0.83520538 1.15509082
v 0.43388384 0.83472450 1.20951319
v 0.43388380 0.89063271 1.20951319
v 0.43388384 0.83472450 1.25467929
v 0.43388380 0.89063271 1.25467929
v 0.34120796 0.89063271 1.20951319
v 0.34120800 0.83472450 1.20951319
v 0.34120800 0.83520538 1.15509082
v 0.34120796 0.89111359 1.15509082
v 0.34120796 0.89063271 1.25467929
v 0.34120800 0.83472450 1.25467929
v 0.34120800 0.83520538 1.15509082
v 0.34120800 0.83472450 1.20951319
v 0.43388384 0.83472450 1.20951319
v 0.43388384 0.83520538 1.15509082
v 0.34120800 0.83472450 1.25467929
v 0.43388384 0.83472450 1.25467929
v 0.13593346 0.79813175 0.20469039
v 1.30958382 0.79813175 0.20469039
v 1.30958382 0.09343616 0.20469039
v 0.13593346 0.09343616 0.20469039
v 0.13593346 0.09343616 0.20469039
v 1.30958382 0.09343616 0.20469039
v 1.34620300 0.07298256 1.10574366
v 0.09931427 0.07298256 1.10574366
v 1.35358379 0.13743622 0.20469039
v 1.35358379 0.75413174 0.20469039
v 1.39020302 0.77458542 1.10574366
v 1.39020302 0.11698250 1.10574366
v 1.30958382 0.79813175 0.20469039
v 0.13593346 0.79813175 0.20469039
v 0.09931427 0.81858532 1.10574366
v 1.34620300 0.81858532 1.10574366
v 0.09193348 0.75413174 0.20469039
v 0.09193348 0.13743622 0.20469039
v 0.05531425 0.11698250 1.10574366
v 0.05531425 0.77458542 1.10574366
v 0.09931427 0.07298256 1.10574366
v 1.34620300 0.07298256 1.10574366
v 1.40151733 0.00000000 1.07938617
v 0.04399994 0.00000000 1.07938617
v 1.39020302 0.11698250 1.10574366
v 1.39020302 0.77458542 1.10574366
v 1.44551727 0.84756798 1.07938617
v 1.44551727 0.04399990 1.07938617
v 1.34620300 0.81858532 1.10574366
v 0.09931427 0.81858532 1.10574366
v 0.04399994 0.89156788 1.07938617
v 1.40151733 0.89156788 1.07938617
v 0.05531425 0.77458542 1.10574366
v 0.05531425 0.11698250 1.10574366
v 0.00000000 0.04399990 1.07938617
v 0.00000000 0.84756798 1.07938617
v 0.04399994 0.00000000 1.07938617
v 1.40151733 0.00000000 1.07938617
v 1.40151718 0.00000008 1.15749133
v 0.04400009 0.00000008 1.15749133
v 1.44551727 0.04399990 1.07938617
v 1.44551727 0.84756798 1.07938617
v 1.44551720 0.84756786 1.15749133
v 1.44551720 0.04400009 1.15749133
v 1.40151733 0.89156788 1.07938617
v 0.04399994 0.89156788 1.07938617
v 0.04400009 0.89156788 1.15749133
v 1.40151718 0.89156788 1.15749133
v 0.00000000 0.84756798 1.07938617
v 0.00000000 0.04399990 1.07938617
v 0.00000008 0.04400009 1.15749133
v 0.00000008 0.84756786 1.15749133
v 0.04400009 0.00000008 1.15749133
v 1.40151718 0.00000008 1.15749133
v 1.29413216 0.14244991 1.15749110
v 0.15138512 0.14244991 1.15749110
v 1.44551720 0.04400009 1.15749133
v 1.44551720 0.84756786 1.15749133
v 1.33813217 0.70511812 1.15749110
v 1.33813217 0.18644981 1.15749110
v 1.40151718 0.89156788 1.15749133
v 0.04400009 0.89156788 1.15749133
v 0.15138512 0.74911802 1.15749110
v 1.29413216 0.74911802 1.15749110
v 0.00000008 0.84756786 1.15749133
v 0.00000008 0.04400009 1.15749133
v 0.10738510 0.18644981 1.15749110
v 0.10738510 0.70511812 1.15749110
v 1.37920303 0.08398254 1.10574366
v 1.34258377 0.10443623 0.20469039
v 0.10293350 0.10443623 0.20469039
v 0.06631424 0.08398254 1.10574366
v 1.37920303 0.80758541 1.10574366
v 1.34258377 0.78713173 0.20469039
v 0.06631424 0.80758541 1.10574366
v 0.10293350 0.78713173 0.20469039
v 0.01099991 0.01099998 1.07938617
v 0.06631424 0.08398254 1.10574366
v 1.43451736 0.01099998 1.07938617
v 1.37920303 0.08398254 1.10574366
v 0.01099991 0.88056797 1.07938617
v 0.06631424 0.80758541 1.10574366
v 1.43451736 0.88056797 1.07938617
v 1.37920303 0.80758541 1.10574366
v 0.01100006 0.01100010 1.15749133
v 0.01099991 0.01099998 1.07938617
v 1.43451721 0.01100010 1.15749133
v 1.43451736 0.01099998 1.07938617
v 0.01100006 0.88056786 1.15749133
v 0.01099991 0.88056797 1.07938617
v 1.43451721 0.88056786 1.15749133
v 1.43451736 0.88056797 1.07938617
v 0.11838505 0.15344982 1.15749110
v 0.01100006 0.01100010 1.15749133
v 1.32713223 0.15344982 1.15749110
v 1.43451721 0.01100010 1.15749133
v 0.11838505 0.73811811 1.15749110
v 0.01100006 0.88056786 1.15749133
v 1.32713223 0.73811811 1.15749110
v 1.43451721 0.88056786 1.15749133
v 1.37920303 0.08398254 1.10574366
v 1.34258377 0.10443623 0.20469039
v 0.10293350 0.10443623 0.20469039
v 0.06631424 0.08398254 1.10574366
v 1.37920303 0.80758541 1.10574366
v 1.34258377 0.78713173 0.20469039
v 0.06631424 0.80758541 1.10574366
v 0.10293350 0.78713173 0.20469039
v 0.01099991 0.01099998 1.07938617
v 0.06631424 0.08398254 1.10574366
v 1.43451736 0.01099998 1.07938617
v 1.37920303 0.08398254 1.10574366
v 0.01099991 0.88056797 1.07938617
v 0.06631424 0.80758541 1.10574366
v 1.43451736 0.88056797 1.07938617
v 1.37920303 0.80758541 1.10574366
v 0.01100006 0.01100010 1.15749133
v 0.01099991 0.01099998 1.07938617
v 1.43451721 0.01100010 1.15749133
v 1.43451736 0.01099998 1.07938617
v 0.01100006 0.88056786 1.15749133
v 0.01099991 0.88056797 1.07938617
v 1.43451721 0.88056786 1.15749133
v 1.43451736 0.88056797 1.07938617
v 0.11838505 0.15344982 1.15749110
v 0.01100006 0.01100010 1.15749133
v 1.32713223 0.15344982 1.15749110
v 1.43451721 0.01100010 1.15749133
v 0.11838505 0.73811811 1.15749110
v 0.01100006 0.88056786 1.15749133
v 1.32713223 0.73811811 1.15749110
v 1.43451721 0.88056786 1.15749133
v 0.10293350 0.10443623 0.20469039
v 0.10293350 0.78713173 0.20469039
v 0.09193348 0.13743622 0.20469039
v 0.09193348 0.75413174 0.20469039
v 1.34258377 0.78713173 0.20469039
v 1.34258377 0.10443623 0.20469039
v 1.35358379 0.75413174 0.20469039
v 1.35358379 0.13743622 0.20469039
v 1.25215160 0.80881924 0.94847422
v 1.25215160 0.88381474 1.10551989
v 1.25215160 0.80881924 1.10551989
v 1.25215160 0.80881924 0.94847422
v 1.23169563 0.80881924 0.94847422
v 1.23169563 0.88381474 1.10551989
v 1.25215160 0.88381474 1.10551989
v 1.23169563 0.80881924 0.94847422
v 1.23169563 0.80881924 1.10551989
v 1.23169563 0.88381474 1.10551989
v 1.12236038 0.80881924 0.94847422
v 1.12236038 0.88381474 1.10551989
v 1.12236038 0.80881924 1.10551989
v 1.12236038 0.80881924 0.94847422
v 1.10190441 0.80881924 0.94847422
v 1.10190441 0.88381474 1.10551989
v 1.12236038 0.88381474 1.10551989
v 1.10190441 0.80881924 0.94847422
v 1.10190441 0.80881924 1.10551989
v 1.10190441 0.88381474 1.10551989
v 0.99256910 0.80881924 0.94847422
v 0.99256910 0.88381474 1.10551989
v 0.99256910 0.80881924 1.10551989
v 0.99256910 0.80881924 0.94847422
v 0.97211313 0.80881924 0.94847422
v 0.97211313 0.88381474 1.10551989
v 0.99256910 0.88381474 1.10551989
v 0.97211313 0.80881924 0.94847422
v 0.97211313 0.80881924 1.10551989
v 0.97211313 0.88381474 1.10551989
v 0.86277783 0.80881924 0.94847422
v 0.86277783 0.88381474 1.10551989
v 0.86277783 0.80881924 1.10551989
v 0.86277783 0.80881924 0.94847422
v 0.84232184 0.80881924 0.94847422
v 0.84232184 0.88381474 1.10551989
v 0.86277783 0.88381474 1.10551989
v 0.84232184 0.80881924 0.94847422
v 0.84232184 0.80881924 1.10551989
v 0.84232184 0.88381474 1.10551989
v 0.73298656 0.80881924 0.94847422
v 0.73298656 0.88381474 1.10551989
v 0.73298656 0.80881924 1.10551989
v 0.71764462 0.80881924 0.94847422
v 0.71253060 0.88381474 1.10551989
v 0.73298656 0.88381474 1.10551989
v 0.73298656 0.80881924 0.94847422
v 0.19336563 0.80881924 0.94847422
v 0.19336563 0.80881924 1.10551989
v 0.19336563 0.88381474 1.10551989
v 0.19336563 0.80881924 0.94847422
v 0.19336563 0.88381474 1.10551989
v 0.21382156 0.88381474 1.10551989
v 0.21382156 0.80881924 0.94847422
v 0.21382156 0.80881924 0.94847422
v 0.21382156 0.88381474 1.10551989
v 0.21382156 0.80881924 1.10551989
v 0.32315674 0.80881924 0.94847422
v 0.32315674 0.80881924 1.10551989
v 0.32315674 0.88381474 1.10551989
v 0.32315674 0.80881924 0.94847422
v 0.32315674 0.88381474 1.10551989
v 0.34361275 0.88381474 1.10551989
v 0.34361275 0.80881924 0.94847422
v 0.34361275 0.80881924 0.94847422
v 0.34361275 0.88381474 1.10551989
v 0.34361275 0.80881924 1.10551989
v 0.45294806 0.80881924 0.94847422
v 0.45294806 0.80881924 1.10551989
v 0.45294806 0.88381474 1.10551989
v 0.45294806 0.80881924 0.94847422
v 0.45294806 0.88381474 1.10551989
v 0.47340406 0.88381474 1.10551989
v 0.47340406 0.80881924 0.94847422
v 0.47340406 0.80881924 0.94847422
v 0.47340406 0.88381474 1.10551989
v 0.47340406 0.80881924 1.10551989
v 0.58273935 0.80881924 0.94847422
v 0.58273935 0.80881924 1.10551989
v 0.58273935 0.88381474 1.10551989
v 0.58273935 0.80881924 0.94847422
v 0.58273935 0.88381474 1.10551989
v 0.60319531 0.88381474 1.10551989
v 0.60319531 0.80881924 0.94847422
v 0.60319531 0.80881924 0.94847422
v 0.60319531 0.88381474 1.10551989
v 0.60319531 0.80881924 1.10551989
v 0.71764462 0.80881924 0.94847422
v 0.71253060 0.80881924 1.10551989
v 0.71253060 0.88381474 1.10551989
v 1.25215160 0.08274864 0.94847422
v 1.25215160 0.08274864 1.10551989
v 1.25215160 0.00775314 1.10551989
v 1.25215160 0.08274864 0.94847422
v 1.25215160 0.00775314 1.10551989
v 1.23169563 0.00775314 1.10551989
v 1.23169563 0.08274864 0.94847422
v 1.23169563 0.08274864 0.94847422
v 1.23169563 0.00775314 1.10551989
v 1.23169563 0.08274864 1.10551989
v 1.12236038 0.08274864 0.94847422
v 1.12236038 0.08274864 1.10551989
v 1.12236038 0.00775314 1.10551989
v 1.12236038 0.08274864 0.94847422
v 1.12236038 0.00775314 1.10551989
v 1.10190441 0.00775314 1.10551989
v 1.10190441 0.08274864 0.94847422
v 1.10190441 0.08274864 0.94847422
v 1.10190441 0.00775314 1.10551989
v 1.10190441 0.08274864 1.10551989
v 0.99256910 0.08274864 0.94847422
v 0.99256910 0.08274864 1.10551989
v 0.99256910 0.00775314 1.10551989
v 0.99256910 0.08274864 0.94847422
v 0.99256910 0.00775314 1.10551989
v 0.97211313 0.00775314 1.10551989
v 0.97211313 0.08274864 0.94847422
v 0.97211313 0.08274864 0.94847422
v 0.97211313 0.00775314 1.10551989
v 0.97211313 0.08274864 1.10551989
v 0.86277783 0.08274864 0.94847422
v 0.86277783 0.08274864 1.10551989
v 0.86277783 0.00775314 1.10551989
v 0.86277783 0.08274864 0.94847422
v 0.86277783 0.00775314 1.10551989
v 0.84232184 0.00775314 1.10551989
v 0.84232184 0.08274864 0.94847422
v 0.84232184 0.08274864 0.94847422
v 0.84232184 0.00775314 1.10551989
v 0.84232184 0.08274864 1.10551989
v 0.73298656 0.08274864 0.94847422
v 0.73298656 0.08274864 1.10551989
v 0.73298656 0.00775314 1.10551989
v 0.71764462 0.08274864 0.94847422
v 0.73298656 0.08274864 0.94847422
v 0.73298656 0.00775314 1.10551989
v 0.71253060 0.00775314 1.10551989
v 0.19336563 0.08274864 0.94847422
v 0.19336563 0.00775314 1.10551989
v 0.19336563 0.08274864 1.10551989
v 0.19336563 0.08274864 0.94847422
v 0.21382156 0.08274864 0.94847422
v 0.21382156 0.00775314 1.10551989
v 0.19336563 0.00775314 1.10551989
v 0.21382156 0.08274864 0.94847422
v 0.21382156 0.08274864 1.10551989
v 0.21382156 0.00775314 1.10551989
v 0.32315674 0.08274864 0.94847422
v 0.32315674 0.00775314 1.10551989
v 0.32315674 0.08274864 1.10551989
v 0.32315674 0.08274864 0.94847422
v 0.34361275 0.08274864 0.94847422
v 0.34361275 0.00775314 1.10551989
v 0.32315674 0.00775314 1.10551989
v 0.34361275 0.08274864 0.94847422
v 0.34361275 0.08274864 1.10551989
v 0.34361275 0.00775314 1.10551989
v 0.45294806 0.08274864 0.94847422
v 0.45294806 0.00775314 1.10551989
v 0.45294806 0.08274864 1.10551989
v 0.45294806 0.08274864 0.94847422
v 0.47340406 0.08274864 0.94847422
v 0.47340406 0.00775314 1.10551989
v 0.45294806 0.00775314 1.10551989
v 0.47340406 0.08274864 0.94847422
v 0.47340406 0.08274864 1.10551989
v 0.47340406 0.00775314 1.10551989
v 0.58273935 0.08274864 0.94847422
v 0.58273935 0.00775314 1.10551989
v 0.58273935 0.08274864 1.10551989
v 0.58273935 0.08274864 0.94847422
v 0.60319531 0.08274864 0.94847422
v 0.60319531 0.00775314 1.10551989
v 0.58273935 0.00775314 1.10551989
v 0.60319531 0.08274864 0.94847422
v 0.60319531 0.08274864 1.10551989
v 0.60319531 0.00775314 1.10551989
v 0.71764462 0.08274864 0.94847422
v 0.71253060 0.00775314 1.10551989
v 0.71253060 0.08274864 1.10551989
v 0.07652420 0.58580309 0.94847422
v 0.00152870 0.58580309 1.10551989
v 0.07652420 0.58580309 1.10551989
v 0.07652420 0.58580309 0.94847422
v 0.07652420 0.56534701 0.94847422
v 0.00152870 0.56534701 1.10551989
v 0.00152870 0.58580309 1.10551989
v 0.07652420 0.56534701 0.94847422
v 0.07652420 0.56534701 1.10551989
v 0.00152870 0.56534701 1.10551989
v 0.07652420 0.45601207 0.94847422
v 0.00152870 0.45601207 1.10551989
v 0.07652420 0.45601207 1.10551989
v 0.07652420 0.45601207 0.94847422
v 0.07652420 0.43555587 0.94847422
v 0.00152870 0.43555587 1.10551989
v 0.00152870 0.45601207 1.10551989
v 0.07652420 0.43555587 0.94847422
v 0.07652420 0.43555587 1.10551989
v 0.00152870 0.43555587 1.10551989
v 0.07652420 0.32622057 0.94847422
v 0.00152870 0.32622057 1.10551989
v 0.07652420 0.32622057 1.10551989
v 0.07652420 0.32622057 0.94847422
v 0.07652420 0.30576448 0.94847422
v 0.00152870 0.30576448 1.10551989
v 0.00152870 0.32622057 1.10551989
v 0.07652420 0.30576448 0.94847422
v 0.07652420 0.30576448 1.10551989
v 0.00152870 0.30576448 1.10551989
v 1.36899307 0.58580309 0.94847422
v 1.36899307 0.58580309 1.10551989
v 1.44398857 0.58580309 1.10551989
v 1.36899307 0.58580309 0.94847422
v 1.44398857 0.58580309 1.10551989
v 1.44398857 0.56534701 1.10551989
v 1.36899307 0.56534701 0.94847422
v 1.36899307 0.56534701 0.94847422
v 1.44398857 0.56534701 1.10551989
v 1.36899307 0.56534701 1.10551989
v 1.36899307 0.45601207 0.94847422
v 1.36899307 0.45601207 1.10551989
v 1.44398857 0.45601207 1.10551989
v 1.36899307 0.45601207 0.94847422
v 1.44398857 0.45601207 1.10551989
v 1.44398857 0.43555587 1.10551989
v 1.36899307 0.43555587 0.94847422
v 1.36899307 0.43555587 0.94847422
v 1.44398857 0.43555587 1.10551989
v 1.36899307 0.43555587 1.10551989
v 1.36899307 0.32622057 0.94847422
v 1.36899307 0.32622057 1.10551989
v 1.44398857 0.32622057 1.10551989
v 1.36899307 0.32622057 0.94847422
v 1.44398857 0.32622057 1.10551989
v 1.44398857 0.30576448 1.10551989
v 1.36899307 0.30576448 0.94847422
v 1.36899307 0.30576448 0.94847422
v 1.44398857 0.30576448 1.10551989
v 1.36899307 0.30576448 1.10551989
v 1.32623337 0.13852722 0.09348836
v 1.32050835 0.13852722 0.06102019
v 1.32050835 0.18650644 0.06102019
v 1.32623337 0.18650644 0.09348835
v 1.30402390 0.13852722 0.03246818
v 1.30402390 0.18650644 0.03246818
v 1.27876812 0.13852722 0.01127610
v 1.27876812 0.18650644 0.01127610
v 1.24778732 0.13852722 0.00000003
v 1.24778732 0.18650644 0.00000003
v 1.21481831 0.13852722 0.00000003
v 1.21481831 0.18650644 0.00000003
v 1.21481831 0.13852722 0.00000003
v 1.18383755 0.13852722 0.01127611
v 1.18383755 0.18650644 0.01127611
v 1.21481831 0.18650644 0.00000003
v 1.15858185 0.13852722 0.03246818
v 1.15858185 0.18650644 0.03246818
v 1.14209732 0.13852722 0.06102019
v 1.14209732 0.18650644 0.06102019
v 1.13637230 0.13852722 0.09348834
v 1.13637230 0.18650644 0.09348833
v 1.14209732 0.13852722 0.12595649
v 1.14209732 0.18650644 0.12595649
v 1.15858181 0.13852722 0.15450850
v 1.15858181 0.18650644 0.15450850
v 1.18383755 0.13852722 0.17570058
v 1.18383755 0.18650644 0.17570058
v 1.21481827 0.13852722 0.18697667
v 1.21481827 0.18650644 0.18697667
v 1.24778728 0.13852722 0.18697667
v 1.24778728 0.18650644 0.18697667
v 1.27876812 0.13852722 0.17570063
v 1.27876812 0.18650644 0.17570063
v 1.30402378 0.13852722 0.15450856
v 1.30402378 0.18650644 0.15450856
v 1.32050835 0.13852722 0.12595656
v 1.32050835 0.18650644 0.12595656
v 1.21481827 0.18650644 0.18697667
v 1.24778728 0.18650644 0.18697667
v 1.27876812 0.18650644 0.17570063
v 1.18383755 0.18650644 0.17570058
v 1.30402378 0.18650644 0.15450856
v 1.15858181 0.18650644 0.15450850
v 1.32050835 0.18650644 0.12595656
v 1.14209732 0.18650644 0.12595649
v 1.32623337 0.18650644 0.09348835
v 1.13637230 0.18650644 0.09348833
v 1.32050835 0.18650644 0.06102019
v 1.14209732 0.18650644 0.06102019
v 1.30402390 0.18650644 0.03246818
v 1.15858185 0.18650644 0.03246818
v 1.27876812 0.18650644 0.01127610
v 1.18383755 0.18650644 0.01127611
v 1.24778732 0.18650644 0.00000003
v 1.21481831 0.18650644 0.00000003
v 1.21481831 0.13852722 0.00000003
v 1.24778732 0.13852722 0.00000003
v 1.27876812 0.13852722 0.01127610
v 1.18383755 0.13852722 0.01127611
v 1.30402390 0.13852722 0.03246818
v 1.15858185 0.13852722 0.03246818
v 1.32050835 0.13852722 0.06102019
v 1.14209732 0.13852722 0.06102019
v 1.32623337 0.13852722 0.09348836
v 1.13637230 0.13852722 0.09348834
v 1.32050835 0.13852722 0.12595656
v 1.14209732 0.13852722 0.12595649
v 1.30402378 0.13852722 0.15450856
v 1.15858181 0.13852722 0.15450850
v 1.27876812 0.13852722 0.17570063
v 1.18383755 0.13852722 0.17570058
v 1.24778728 0.13852722 0.18697667
v 1.21481827 0.13852722 0.18697667
v 0.11928402 0.13852722 0.09348836
v 0.11928402 0.18650644 0.09348835
v 0.12500885 0.18650644 0.06102019
v 0.12500885 0.13852722 0.06102019
v 0.14149330 0.18650644 0.03246818
v 0.14149330 0.13852722 0.03246818
v 0.16674927 0.18650644 0.01127610
v 0.16674927 0.13852722 0.01127610
v 0.19772995 0.18650644 0.00000003
v 0.19772995 0.13852722 0.00000003
v 0.19772995 0.13852722 0.00000003
v 0.19772995 0.18650644 0.00000003
v 0.23069901 0.18650644 0.00000003
v 0.23069901 0.13852722 0.00000003
v 0.26167965 0.18650644 0.01127611
v 0.26167965 0.13852722 0.01127611
v 0.28693550 0.18650644 0.03246818
v 0.28693550 0.13852722 0.03246818
v 0.30342007 0.18650644 0.06102019
v 0.30342007 0.13852722 0.06102019
v 0.30914497 0.18650644 0.09348833
v 0.30914497 0.13852722 0.09348834
v 0.30342007 0.18650644 0.12595649
v 0.30342007 0.13852722 0.12595649
v 0.28693550 0.18650644 0.15450850
v 0.28693550 0.13852722 0.15450850
v 0.26167976 0.18650644 0.17570058
v 0.26167976 0.13852722 0.17570058
v 0.23069901 0.18650644 0.18697667
v 0.23069901 0.13852722 0.18697667
v 0.19772999 0.18650644 0.18697667
v 0.19772999 0.13852722 0.18697667
v 0.16674927 0.18650644 0.17570063
v 0.16674927 0.13852722 0.17570063
v 0.14149349 0.18650644 0.15450856
v 0.14149349 0.13852722 0.15450856
v 0.12500885 0.18650644 0.12595656
v 0.12500885 0.13852722 0.12595656
v 0.23069901 0.18650644 0.18697667
v 0.26167976 0.18650644 0.17570058
v 0.16674927 0.18650644 0.17570063
v 0.19772999 0.18650644 0.18697667
v 0.28693550 0.18650644 0.15450850
v 0.14149349 0.18650644 0.15450856
v 0.30342007 0.18650644 0.12595649
v 0.12500885 0.18650644 0.12595656
v 0.30914497 0.18650644 0.09348833
v 0.11928402 0.18650644 0.09348835
v 0.30342007 0.18650644 0.06102019
v 0.12500885 0.18650644 0.06102019
v 0.28693550 0.18650644 0.03246818
v 0.14149330 0.18650644 0.03246818
v 0.26167965 0.18650644 0.01127611
v 0.16674927 0.18650644 0.01127610
v 0.23069901 0.18650644 0.00000003
v 0.19772995 0.18650644 0.00000003
v 0.23069901 0.13852722 0.00000003
v 0.26167965 0.13852722 0.01127611
v 0.16674927 0.13852722 0.01127610
v 0.19772995 0.13852722 0.00000003
v 0.28693550 0.13852722 0.03246818
v 0.14149330 0.13852722 0.03246818
v 0.30342007 0.13852722 0.06102019
v 0.12500885 0.13852722 0.06102019
v 0.30914497 0.13852722 0.09348834
v 0.11928402 0.13852722 0.09348836
v 0.30342007 0.13852722 0.12595649
v 0.12500885 0.13852722 0.12595656
v 0.28693550 0.13852722 0.15450850
v 0.14149349 0.13852722 0.15450856
v 0.26167976 0.13852722 0.17570058
v 0.16674927 0.13852722 0.17570063
v 0.23069901 0.13852722 0.18697667
v 0.19772999 0.13852722 0.18697667
v 1.32623337 0.75304062 0.09348833
v 1.32623337 0.70506138 0.09348833
v 1.32050835 0.70506138 0.06102018
v 1.32050835 0.75304062 0.06102018
v 1.30402390 0.70506138 0.03246816
v 1.30402390 0.75304062 0.03246815
v 1.27876812 0.70506138 0.01127608
v 1.27876812 0.75304062 0.01127608
v 1.24778732 0.70506138 0.00000000
v 1.24778732 0.75304062 0.00000000
v 1.21481831 0.70506138 0.00000000
v 1.21481831 0.75304062 0.00000000
v 1.21481831 0.75304062 0.00000000
v 1.21481831 0.70506138 0.00000000
v 1.18383759 0.70506138 0.01127609
v 1.18383759 0.75304062 0.01127609
v 1.15858181 0.70506138 0.03246816
v 1.15858181 0.75304062 0.03246815
v 1.14209732 0.70506138 0.06102016
v 1.14209732 0.75304062 0.06102016
v 1.13637230 0.70506138 0.09348832
v 1.13637230 0.75304062 0.09348831
v 1.14209732 0.70506138 0.12595647
v 1.14209732 0.75304062 0.12595647
v 1.15858181 0.70506138 0.15450846
v 1.15858181 0.75304062 0.15450846
v 1.18383755 0.70506138 0.17570056
v 1.18383755 0.75304062 0.17570056
v 1.21481831 0.70506138 0.18697663
v 1.21481831 0.75304062 0.18697663
v 1.24778728 0.70506138 0.18697665
v 1.24778728 0.75304062 0.18697665
v 1.27876812 0.70506138 0.17570060
v 1.27876812 0.75304062 0.17570060
v 1.30402378 0.70506138 0.15450854
v 1.30402378 0.75304062 0.15450852
v 1.32050835 0.70506138 0.12595654
v 1.32050835 0.75304062 0.12595654
v 1.21481831 0.70506138 0.18697663
v 1.18383755 0.70506138 0.17570056
v 1.27876812 0.70506138 0.17570060
v 1.24778728 0.70506138 0.18697665
v 1.15858181 0.70506138 0.15450846
v 1.30402378 0.70506138 0.15450854
v 1.14209732 0.70506138 0.12595647
v 1.32050835 0.70506138 0.12595654
v 1.13637230 0.70506138 0.09348832
v 1.32623337 0.70506138 0.09348833
v 1.14209732 0.70506138 0.06102016
v 1.32050835 0.70506138 0.06102018
v 1.15858181 0.70506138 0.03246816
v 1.30402390 0.70506138 0.03246816
v 1.18383759 0.70506138 0.01127609
v 1.27876812 0.70506138 0.01127608
v 1.21481831 0.70506138 0.00000000
v 1.24778732 0.70506138 0.00000000
v 1.21481831 0.75304062 0.00000000
v 1.18383759 0.75304062 0.01127609
v 1.27876812 0.75304062 0.01127608
v 1.24778732 0.75304062 0.00000000
v 1.15858181 0.75304062 0.03246815
v 1.30402390 0.75304062 0.03246815
v 1.14209732 0.75304062 0.06102016
v 1.32050835 0.75304062 0.06102018
v 1.13637230 0.75304062 0.09348831
v 1.32623337 0.75304062 0.09348833
v 1.14209732 0.75304062 0.12595647
v 1.32050835 0.75304062 0.12595654
v 1.15858181 0.75304062 0.15450846
v 1.30402378 0.75304062 0.15450852
v 1.18383755 0.75304062 0.17570056
v 1.27876812 0.75304062 0.17570060
v 1.21481831 0.75304062 0.18697663
v 1.24778728 0.75304062 0.18697665
v 0.11928402 0.75304062 0.09348833
v 0.12500885 0.75304062 0.06102018
v 0.12500885 0.70506138 0.06102018
v 0.11928402 0.70506138 0.09348833
v 0.14149330 0.75304062 0.03246815
v 0.14149330 0.70506138 0.03246816
v 0.16674927 0.75304062 0.01127608
v 0.16674927 0.70506138 0.01127608
v 0.19772995 0.75304062 0.00000000
v 0.19772995 0.70506138 0.00000000
v 0.19772995 0.75304062 0.00000000
v 0.23069901 0.75304062 0.00000000
v 0.23069901 0.70506138 0.00000000
v 0.19772995 0.70506138 0.00000000
v 0.26167965 0.75304062 0.01127609
v 0.26167965 0.70506138 0.01127609
v 0.28693550 0.75304062 0.03246815
v 0.28693550 0.70506138 0.03246816
v 0.30342007 0.75304062 0.06102016
v 0.30342007 0.70506138 0.06102016
v 0.30914497 0.75304062 0.09348831
v 0.30914497 0.70506138 0.09348832
v 0.30342007 0.75304062 0.12595647
v 0.30342007 0.70506138 0.12595647
v 0.28693550 0.75304062 0.15450846
v 0.28693550 0.70506138 0.15450846
v 0.26167976 0.75304062 0.17570056
v 0.26167976 0.70506138 0.17570056
v 0.23069901 0.75304062 0.18697663
v 0.23069901 0.70506138 0.18697663
v 0.19772999 0.75304062 0.18697665
v 0.19772999 0.70506138 0.18697665
v 0.16674927 0.75304062 0.17570060
v 0.16674927 0.70506138 0.17570060
v 0.14149349 0.75304062 0.15450852
v 0.14149349 0.70506138 0.15450854
v 0.12500885 0.75304062 0.12595654
v 0.12500885 0.70506138 0.12595654
v 0.23069901 0.70506138 0.18697663
v 0.19772999 0.70506138 0.18697665
v 0.16674927 0.70506138 0.17570060
v 0.26167976 0.70506138 0.17570056
v 0.14149349 0.70506138 0.15450854
v 0.28693550 0.70506138 0.15450846
v 0.12500885 0.70506138 0.12595654
v 0.30342007 0.70506138 0.12595647
v 0.11928402 0.70506138 0.09348833
v 0.30914497 0.70506138 0.09348832
v 0.12500885 0.70506138 0.06102018
v 0.30342007 0.70506138 0.06102016
v 0.14149330 0.70506138 0.03246816
v 0.28693550 0.70506138 0.03246816
v 0.16674927 0.70506138 0.01127608
v 0.26167965 0.70506138 0.01127609
v 0.19772995 0.70506138 0.00000000
v 0.23069901 0.70506138 0.00000000
v 0.23069901 0.75304062 0.00000000
v 0.19772995 0.75304062 0.00000000
v 0.16674927 0.75304062 0.01127608
v 0.26167965 0.75304062 0.01127609
v 0.14149330 0.75304062 0.03246815
v 0.28693550 0.75304062 0.03246815
v 0.12500885 0.75304062 0.06102018
v 0.30342007 0.75304062 0.06102016
v 0.11928402 0.75304062 0.09348833
v 0.30914497 0.75304062 0.09348831
v 0.12500885 0.75304062 0.12595654
v 0.30342007 0.75304062 0.12595647
v 0.14149349 0.75304062 0.15450852
v 0.28693550 0.75304062 0.15450846
v 0.16674927 0.75304062 0.17570060
v 0.26167976 0.75304062 0.17570056
v 0.19772999 0.75304062 0.18697665
v 0.23069901 0.75304062 0.18697663
v 1.24232254 0.12744839 0.21179816
v 1.21441368 0.12744839 0.09243645
v 1.24800312 0.12744839 0.09243644
v 1.27591190 0.12744839 0.21179816
v 1.24232254 0.19851892 0.21179816
v 1.27591190 0.19851892 0.21179816
v 1.24800312 0.19851892 0.09243644
v 1.21441368 0.19851892 0.09243649
v 1.22001194 0.12744839 0.08904895
v 1.24240486 0.12744839 0.08904895
v 1.22561012 0.12744839 0.08701632
v 1.23680660 0.12744839 0.08701632
v 1.23120838 0.12744839 0.08633881
v 1.24240486 0.19851892 0.08904887
v 1.22001194 0.19851892 0.08904929
v 1.23680660 0.19851892 0.08701618
v 1.22561012 0.19851892 0.08701529
v 1.23120838 0.19851892 0.08633924
v 1.24800312 0.13028913 0.09243644
v 1.21441368 0.13028913 0.09243644
v 1.24232254 0.13028913 0.21179816
v 1.27591190 0.13028913 0.21179816
v 1.24800312 0.19567818 0.09243644
v 1.27591190 0.19567818 0.21179816
v 1.24232254 0.19567818 0.21179816
v 1.21441368 0.19567818 0.09243644
v 1.22001194 0.13028913 0.08904887
v 1.24240486 0.13028913 0.08904887
v 1.22561012 0.13028913 0.08701632
v 1.23680660 0.13028913 0.08701632
v 1.23120838 0.13028913 0.08633881
v 1.24240486 0.19567818 0.08904887
v 1.22001194 0.19567829 0.08904887
v 1.23680660 0.19567818 0.08701632
v 1.22561012 0.19567818 0.08701632
v 1.23120838 0.19567818 0.08633881
v 1.24800312 0.13028913 0.09243644
v 1.27591190 0.13028913 0.21179816
v 1.27591190 0.12744839 0.21179816
v 1.24800312 0.12744839 0.09243644
v 1.24232254 0.13028913 0.21179816
v 1.21441368 0.13028913 0.09243644
v 1.21441368 0.12744839 0.09243645
v 1.24232254 0.12744839 0.21179816
v 1.21441368 0.19567818 0.09243644
v 1.24232254 0.19567818 0.21179816
v 1.24232254 0.19851892 0.21179816
v 1.21441368 0.19851892 0.09243649
v 1.27591190 0.19567818 0.21179816
v 1.24800312 0.19567818 0.09243644
v 1.24800312 0.19851892 0.09243644
v 1.27591190 0.19851892 0.21179816
v 1.24240486 0.13028913 0.08904887
v 1.24240486 0.12744839 0.08904895
v 1.21441368 0.13028913 0.09243644
v 1.22001194 0.13028913 0.08904887
v 1.22001194 0.12744839 0.08904895
v 1.21441368 0.12744839 0.09243645
v 1.23680660 0.13028913 0.08701632
v 1.23680660 0.12744839 0.08701632
v 1.22561012 0.13028913 0.08701632
v 1.22561012 0.12744839 0.08701632
v 1.23120838 0.13028913 0.08633881
v 1.23120838 0.12744839 0.08633881
v 1.22001194 0.19567829 0.08904887
v 1.21441368 0.19567818 0.09243644
v 1.21441368 0.19851892 0.09243649
v 1.22001194 0.19851892 0.08904929
v 1.24240486 0.19567818 0.08904887
v 1.24240486 0.19851892 0.08904887
v 1.22561012 0.19567818 0.08701632
v 1.22561012 0.19851892 0.08701529
v 1.23680660 0.19567818 0.08701632
v 1.23680660 0.19851892 0.08701618
v 1.23120838 0.19567818 0.08633881
v 1.23120838 0.19851892 0.08633924
v 1.24313549 0.12959034 0.10218471
v 1.24012417 0.12959034 0.09696900
v 1.24012417 0.19701689 0.09696900
v 1.24313549 0.19701689 0.10218471
v 1.23446480 0.12959034 0.09490914
v 1.23446480 0.19701689 0.09490914
v 1.22880539 0.12959034 0.09696900
v 1.22880539 0.19701689 0.09696900
v 1.22579407 0.12959034 0.10218471
v 1.22579407 0.19701689 0.10218471
v 1.22683990 0.12959034 0.10811580
v 1.22683990 0.19701689 0.10811580
v 1.23145351 0.12959034 0.11198707
v 1.23145351 0.19701689 0.11198707
v 1.23747608 0.12959034 0.11198707
v 1.23747608 0.19701689 0.11198707
v 1.23747608 0.12959034 0.11198707
v 1.24208961 0.12959034 0.10811582
v 1.24208961 0.19701689 0.10811582
v 1.23747608 0.19701689 0.11198707
v 0.20319473 0.12744839 0.21179816
v 0.16960529 0.12744839 0.21179816
v 0.19751415 0.12744839 0.09243644
v 0.23110359 0.12744839 0.09243645
v 0.20319473 0.19851892 0.21179816
v 0.23110359 0.19851892 0.09243649
v 0.19751415 0.19851892 0.09243644
v 0.16960529 0.19851892 0.21179816
v 0.20311249 0.12744839 0.08904895
v 0.22550537 0.12744839 0.08904895
v 0.20871078 0.12744839 0.08701632
v 0.21990707 0.12744839 0.08701632
v 0.21430889 0.12744839 0.08633881
v 0.22550537 0.19851892 0.08904929
v 0.20311249 0.19851892 0.08904887
v 0.21990707 0.19851892 0.08701529
v 0.20871078 0.19851892 0.08701618
v 0.21430889 0.19851892 0.08633924
v 0.19751415 0.13028913 0.09243644
v 0.16960529 0.13028913 0.21179816
v 0.20319473 0.13028913 0.21179816
v 0.23110359 0.13028913 0.09243644
v 0.19751415 0.19567818 0.09243644
v 0.23110359 0.19567818 0.09243644
v 0.20319473 0.19567818 0.21179816
v 0.16960529 0.19567818 0.21179816
v 0.22550537 0.13028913 0.08904887
v 0.20311249 0.13028913 0.08904887
v 0.21990707 0.13028913 0.08701632
v 0.20871078 0.13028913 0.08701632
v 0.21430889 0.13028913 0.08633881
v 0.20311249 0.19567818 0.08904887
v 0.22550537 0.19567829 0.08904887
v 0.20871078 0.19567818 0.08701632
v 0.21990707 0.19567818 0.08701632
v 0.21430889 0.19567818 0.08633881
v 0.19751415 0.13028913 0.09243644
v 0.19751415 0.12744839 0.09243644
v 0.16960529 0.12744839 0.21179816
v 0.16960529 0.13028913 0.21179816
v 0.20319473 0.13028913 0.21179816
v 0.20319473 0.12744839 0.21179816
v 0.23110359 0.12744839 0.09243645
v 0.23110359 0.13028913 0.09243644
v 0.23110359 0.19567818 0.09243644
v 0.23110359 0.19851892 0.09243649
v 0.20319473 0.19851892 0.21179816
v 0.20319473 0.19567818 0.21179816
v 0.16960529 0.19567818 0.21179816
v 0.16960529 0.19851892 0.21179816
v 0.19751415 0.19851892 0.09243644
v 0.19751415 0.19567818 0.09243644
v 0.20311249 0.13028913 0.08904887
v 0.20311249 0.12744839 0.08904895
v 0.23110359 0.13028913 0.09243644
v 0.23110359 0.12744839 0.09243645
v 0.22550537 0.12744839 0.08904895
v 0.22550537 0.13028913 0.08904887
v 0.20871078 0.13028913 0.08701632
v 0.20871078 0.12744839 0.08701632
v 0.21990707 0.12744839 0.08701632
v 0.21990707 0.13028913 0.08701632
v 0.21430889 0.12744839 0.08633881
v 0.21430889 0.13028913 0.08633881
v 0.22550537 0.19567829 0.08904887
v 0.22550537 0.19851892 0.08904929
v 0.23110359 0.19851892 0.09243649
v 0.23110359 0.19567818 0.09243644
v 0.20311249 0.19851892 0.08904887
v 0.20311249 0.19567818 0.08904887
v 0.21990707 0.19567818 0.08701632
v 0.21990707 0.19851892 0.08701529
v 0.20871078 0.19851892 0.08701618
v 0.20871078 0.19567818 0.08701632
v 0.21430889 0.19851892 0.08633924
v 0.21430889 0.19567818 0.08633881
v 0.20238182 0.12959034 0.10218471
v 0.20238182 0.19701689 0.10218471
v 0.20539310 0.19701689 0.09696900
v 0.20539310 0.12959034 0.09696900
v 0.21105251 0.19701689 0.09490914
v 0.21105251 0.12959034 0.09490914
v 0.21671188 0.19701689 0.09696900
v 0.21671188 0.12959034 0.09696900
v 0.21972328 0.19701689 0.10218471
v 0.21972328 0.12959034 0.10218471
v 0.21867737 0.19701689 0.10811580
v 0.21867737 0.12959034 0.10811580
v 0.21406376 0.19701689 0.11198707
v 0.21406376 0.12959034 0.11198707
v 0.21406376 0.12959034 0.11198707
v 0.21406376 0.19701689 0.11198707
v 0.20804123 0.19701689 0.11198707
v 0.20804123 0.12959034 0.11198707
v 0.20342773 0.19701689 0.10811582
v 0.20342773 0.12959034 0.10811582
v 1.24232254 0.76411957 0.21179816
v 1.27591190 0.76411957 0.21179816
v 1.24800304 0.76411957 0.09243644
v 1.21441368 0.76411957 0.09243645
v 1.24232254 0.69304901 0.21179816
v 1.21441368 0.69304901 0.09243649
v 1.24800304 0.69304901 0.09243644
v 1.27591190 0.69304901 0.21179816
v 1.24240486 0.76411957 0.08904895
v 1.22001190 0.76411957 0.08904895
v 1.23680656 0.76411957 0.08701632
v 1.22561020 0.76411957 0.08701632
v 1.23120838 0.76411957 0.08633881
v 1.22001190 0.69304901 0.08904929
v 1.24240486 0.69304901 0.08904887
v 1.22561020 0.69304901 0.08701529
v 1.23680656 0.69304901 0.08701618
v 1.23120838 0.69304901 0.08633924
v 1.24800304 0.76127880 0.09243644
v 1.27591190 0.76127880 0.21179816
v 1.24232254 0.76127880 0.21179816
v 1.21441368 0.76127880 0.09243644
v 1.24800304 0.69588964 0.09243644
v 1.21441368 0.69588964 0.09243644
v 1.24232254 0.69588964 0.21179816
v 1.27591190 0.69588964 0.21179816
v 1.22001190 0.76127880 0.08904887
v 1.24240486 0.76127880 0.08904887
v 1.22561020 0.76127880 0.08701632
v 1.23680656 0.76127880 0.08701632
v 1.23120838 0.76127880 0.08633881
v 1.24240486 0.69588964 0.08904887
v 1.22001190 0.69588964 0.08904887
v 1.23680656 0.69588964 0.08701632
v 1.22561020 0.69588964 0.08701632
v 1.23120838 0.69588964 0.08633881
v 1.24800304 0.76127880 0.09243644
v 1.24800304 0.76411957 0.09243644
v 1.27591190 0.76411957 0.21179816
v 1.27591190 0.76127880 0.21179816
v 1.24232254 0.76127880 0.21179816
v 1.24232254 0.76411957 0.21179816
v 1.21441368 0.76411957 0.09243645
v 1.21441368 0.76127880 0.09243644
v 1.21441368 0.69588964 0.09243644
v 1.21441368 0.69304901 0.09243649
v 1.24232254 0.69304901 0.21179816
v 1.24232254 0.69588964 0.21179816
v 1.27591190 0.69588964 0.21179816
v 1.27591190 0.69304901 0.21179816
v 1.24800304 0.69304901 0.09243644
v 1.24800304 0.69588964 0.09243644
v 1.24240486 0.76127880 0.08904887
v 1.24240486 0.76411957 0.08904895
v 1.21441368 0.76127880 0.09243644
v 1.21441368 0.76411957 0.09243645
v 1.22001190 0.76411957 0.08904895
v 1.22001190 0.76127880 0.08904887
v 1.23680656 0.76127880 0.08701632
v 1.23680656 0.76411957 0.08701632
v 1.22561020 0.76411957 0.08701632
v 1.22561020 0.76127880 0.08701632
v 1.23120838 0.76411957 0.08633881
v 1.23120838 0.76127880 0.08633881
v 1.22001190 0.69588964 0.08904887
v 1.22001190 0.69304901 0.08904929
v 1.21441368 0.69304901 0.09243649
v 1.21441368 0.69588964 0.09243644
v 1.24240486 0.69304901 0.08904887
v 1.24240486 0.69588964 0.08904887
v 1.22561020 0.69588964 0.08701632
v 1.22561020 0.69304901 0.08701529
v 1.23680656 0.69304901 0.08701618
v 1.23680656 0.69588964 0.08701632
v 1.23120838 0.69304901 0.08633924
v 1.23120838 0.69588964 0.08633881
v 1.24313545 0.76197762 0.10218471
v 1.24313545 0.69455105 0.10218471
v 1.24012421 0.69455105 0.09696900
v 1.24012421 0.76197762 0.09696900
v 1.23446480 0.69455105 0.09490914
v 1.23446480 0.76197762 0.09490914
v 1.22880539 0.69455105 0.09696900
v 1.22880539 0.76197762 0.09696900
v 1.22579407 0.69455105 0.10218471
v 1.22579407 0.76197762 0.10218471
v 1.22683990 0.69455105 0.10811580
v 1.22683990 0.76197762 0.10811580
v 1.23145351 0.69455105 0.11198707
v 1.23145351 0.76197762 0.11198707
v 1.23747608 0.69455105 0.11198707
v 1.23747608 0.76197762 0.11198707
v 1.23747608 0.76197762 0.11198707
v 1.23747608 0.69455105 0.11198707
v 1.24208961 0.69455105 0.10811582
v 1.24208961 0.76197762 0.10811582
v 0.20319473 0.76411957 0.21179816
v 0.23110359 0.76411957 0.09243645
v 0.19751415 0.76411957 0.09243644
v 0.16960529 0.76411957 0.21179816
v 0.20319473 0.69304901 0.21179816
v 0.16960529 0.69304901 0.21179816
v 0.19751415 0.69304901 0.09243644
v 0.23110359 0.69304901 0.09243649
v 0.22550537 0.76411957 0.08904895
v 0.20311249 0.76411957 0.08904895
v 0.21990707 0.76411957 0.08701632
v 0.20871078 0.76411957 0.08701632
v 0.21430889 0.76411957 0.08633881
v 0.20311249 0.69304901 0.08904887
v 0.22550537 0.69304901 0.08904929
v 0.20871078 0.69304901 0.08701618
v 0.21990707 0.69304901 0.08701529
v 0.21430889 0.69304901 0.08633924
v 0.19751415 0.76127880 0.09243644
v 0.23110359 0.76127880 0.09243644
v 0.20319473 0.76127880 0.21179816
v 0.16960529 0.76127880 0.21179816
v 0.19751415 0.69588964 0.09243644
v 0.16960529 0.69588964 0.21179816
v 0.20319473 0.69588964 0.21179816
v 0.23110359 0.69588964 0.09243644
v 0.22550537 0.76127880 0.08904887
v 0.20311249 0.76127880 0.08904887
v 0.21990707 0.76127880 0.08701632
v 0.20871078 0.76127880 0.08701632
v 0.21430889 0.76127880 0.08633881
v 0.20311249 0.69588964 0.08904887
v 0.22550537 0.69588964 0.08904887
v 0.20871078 0.69588964 0.08701632
v 0.21990707 0.69588964 0.08701632
v 0.21430889 0.69588964 0.08633881
v 0.19751415 0.76127880 0.09243644
v 0.16960529 0.76127880 0.21179816
v 0.16960529 0.76411957 0.21179816
v 0.19751415 0.76411957 0.09243644
v 0.20319473 0.76127880 0.21179816
v 0.23110359 0.76127880 0.09243644
v 0.23110359 0.76411957 0.09243645
v 0.20319473 0.76411957 0.21179816
v 0.23110359 0.69588964 0.09243644
v 0.20319473 0.69588964 0.21179816
v 0.20319473 0.69304901 0.21179816
v 0.23110359 0.69304901 0.09243649
v 0.16960529 0.69588964 0.21179816
v 0.19751415 0.69588964 0.09243644
v 0.19751415 0.69304901 0.09243644
v 0.16960529 0.69304901 0.21179816
v 0.20311249 0.76127880 0.08904887
v 0.20311249 0.76411957 0.08904895
v 0.23110359 0.76127880 0.09243644
v 0.22550537 0.76127880 0.08904887
v 0.22550537 0.76411957 0.08904895
v 0.23110359 0.76411957 0.09243645
v 0.20871078 0.76127880 0.08701632
v 0.20871078 0.76411957 0.08701632
v 0.21990707 0.76127880 0.08701632
v 0.21990707 0.76411957 0.08701632
v 0.21430889 0.76127880 0.08633881
v 0.21430889 0.76411957 0.08633881
v 0.22550537 0.69588964 0.08904887
v 0.23110359 0.69588964 0.09243644
v 0.23110359 0.69304901 0.09243649
v 0.22550537 0.69304901 0.08904929
v 0.20311249 0.69588964 0.08904887
v 0.20311249 0.69304901 0.08904887
v 0.21990707 0.69588964 0.08701632
v 0.21990707 0.69304901 0.08701529
v 0.20871078 0.69588964 0.08701632
v 0.20871078 0.69304901 0.08701618
v 0.21430889 0.69588964 0.08633881
v 0.21430889 0.69304901 0.08633924
v 0.20238182 0.76197762 0.10218471
v 0.20539310 0.76197762 0.09696900
v 0.20539310 0.69455105 0.09696900
v 0.20238182 0.69455105 0.10218471
v 0.21105251 0.76197762 0.09490914
v 0.21105251 0.69455105 0.09490914
v 0.21671188 0.76197762 0.09696900
v 0.21671188 0.69455105 0.09696900
v 0.21972328 0.76197762 0.10218471
v 0.21972328 0.69455105 0.10218471
v 0.21867737 0.76197762 0.10811580
v 0.21867737 0.69455105 0.10811580
v 0.21406376 0.76197762 0.11198707
v 0.21406376 0.69455105 0.11198707
v 0.21406376 0.76197762 0.11198707
v 0.20804123 0.76197762 0.11198707
v 0.20804123 0.69455105 0.11198707
v 0.21406376 0.69455105 0.11198707
v 0.20342773 0.76197762 0.10811582
v 0.20342773 0.69455105 0.10811582
v 1.00686028 0.87749008 1.22134845
v 1.00686028 0.86559361 1.22627597
v 1.11041084 0.86559361 1.22627597
v 1.11041084 0.87749008 1.22134845
v 1.00686028 0.88241760 1.20945208
v 1.11041084 0.88241760 1.20945208
v 1.00686028 0.87749008 1.19755572
v 1.11041084 0.87749008 1.19755572
v 1.00686028 0.86559361 1.19262805
v 1.11041084 0.86559361 1.19262805
v 1.00686028 0.85369724 1.19755572
v 1.11041084 0.85369724 1.19755572
v 1.00686028 0.84876972 1.20945208
v 1.11041084 0.84876972 1.20945208
v 1.00686028 0.85369724 1.22134845
v 1.11041084 0.85369724 1.22134845
v 1.11041084 0.86559361 1.22627597
v 1.00686028 0.86559361 1.22627597
v 1.07123707 0.86559361 1.20260905
v 1.07398483 0.87222725 1.20260905
v 1.07398483 0.87222725 1.14486758
v 1.07123707 0.86559361 1.14486758
v 1.08061840 0.87497490 1.20260905
v 1.08061840 0.87497490 1.14486758
v 1.08061840 0.87497490 1.20260905
v 1.08725201 0.87222725 1.20260905
v 1.08725201 0.87222725 1.14486758
v 1.08061840 0.87497490 1.14486758
v 1.08999973 0.86559361 1.20260905
v 1.08999973 0.86559361 1.14486758
v 1.08725201 0.85896008 1.20260905
v 1.08725201 0.85896008 1.14486758
v 1.08061840 0.85621231 1.20260905
v 1.08061840 0.85621231 1.14486758
v 1.07398483 0.85896008 1.20260905
v 1.07398483 0.85896008 1.14486758
v 1.02731491 0.86559361 1.20260905
v 1.03006264 0.87222725 1.20260905
v 1.03006266 0.87222725 1.14486758
v 1.02731491 0.86559361 1.14486758
v 1.03669626 0.87497490 1.20260905
v 1.03669626 0.87497490 1.14486758
v 1.03669626 0.87497490 1.20260905
v 1.04332985 0.87222725 1.20260905
v 1.04332985 0.87222725 1.14486758
v 1.03669626 0.87497490 1.14486758
v 1.04607758 0.86559361 1.20260905
v 1.04607758 0.86559361 1.14486758
v 1.04332985 0.85896008 1.20260905
v 1.04332985 0.85896008 1.14486758
v 1.03669626 0.85621231 1.20260905
v 1.03669626 0.85621231 1.14486758
v 1.03006266 0.85896008 1.20260905
v 1.03006266 0.85896008 1.14486758
v 0.43865704 0.87749008 1.22134829
v 0.33510647 0.87749008 1.22134829
v 0.33510647 0.86559361 1.22627597
v 0.43865704 0.86559361 1.22627597
v 0.43865704 0.88241760 1.20945208
v 0.33510647 0.88241760 1.20945208
v 0.43865704 0.87749008 1.19755572
v 0.33510647 0.87749008 1.19755572
v 0.43865704 0.86559361 1.19262805
v 0.33510647 0.86559361 1.19262805
v 0.43865704 0.85369724 1.19755572
v 0.33510647 0.85369724 1.19755572
v 0.43865704 0.84876972 1.20945208
v 0.33510647 0.84876972 1.20945208
v 0.43865704 0.85369724 1.22134829
v 0.33510647 0.85369724 1.22134829
v 0.43865704 0.86559361 1.22627597
v 0.33510647 0.86559361 1.22627597
v 0.37428028 0.86559361 1.20260897
v 0.37428028 0.86559361 1.14486758
v 0.37153244 0.87222725 1.14486758
v 0.37153244 0.87222725 1.20260897
v 0.36489895 0.87497490 1.14486758
v 0.36489895 0.87497490 1.20260897
v 0.36489895 0.87497490 1.20260897
v 0.36489895 0.87497490 1.14486758
v 0.35826534 0.87222725 1.14486758
v 0.35826534 0.87222725 1.20260897
v 0.35551762 0.86559361 1.14486758
v 0.35551762 0.86559361 1.20260897
v 0.35826534 0.85896008 1.14486758
v 0.35826534 0.85896008 1.20260897
v 0.36489895 0.85621231 1.14486758
v 0.36489895 0.85621231 1.20260897
v 0.37153244 0.85896008 1.14486758
v 0.37153244 0.85896008 1.20260897
v 0.41820242 0.86559361 1.20260897
v 0.41820242 0.86559361 1.14486758
v 0.41545467 0.87222725 1.14486758
v 0.41545467 0.87222725 1.20260897
v 0.40882107 0.87497490 1.14486758
v 0.40882107 0.87497490 1.20260897
v 0.40882107 0.87497490 1.20260897
v 0.40882107 0.87497490 1.14486758
v 0.40218750 0.87222725 1.14486758
v 0.40218750 0.87222725 1.20260897
v 0.39943970 0.86559361 1.14486758
v 0.39943970 0.86559361 1.20260897
v 0.40218750 0.85896008 1.14486758
v 0.40218750 0.85896008 1.20260897
v 0.40882107 0.85621231 1.14486758
v 0.40882107 0.85621231 1.20260897
v 0.41545467 0.85896008 1.14486758
v 0.41545467 0.85896008 1.20260897
vt 0.96271801 0.09749200
vt 0.78592598 0.09771100
vt 0.78591198 0.08580000
vt 0.96270299 0.08558200
vt 0.46989799 0.06513700
vt 0.46986899 0.05319700
vt 0.53324300 0.05303400
vt 0.53327298 0.06497400
vt 0.80667502 0.11707100
vt 0.98328400 0.11726800
vt 0.98843300 0.12044900
vt 0.99000800 0.12965401
vt 0.84885800 0.12941200
vt 0.98227799 0.14563800
vt 0.84112000 0.14545500
vt 0.84113300 0.13557000
vt 0.98229098 0.13575400
vt 0.53321701 0.04312500
vt 0.32324499 0.02077500
vt 0.32494801 0.01165700
vt 0.32996801 0.00867800
vt 0.46439001 0.02267100
vt 0.49463099 0.01089000
vt 0.24705900 0.08493800
vt 0.08237200 0.08519600
vt 0.08236700 0.08220400
vt 0.24705400 0.08194600
vt 0.53320003 0.04013600
vt 0.46082199 0.37484699
vt 0.52404302 0.55288398
vt 0.39760101 0.55288398
vt 0.31272200 0.02099400
vt 0.30222499 0.02099400
vt 0.15978500 0.00907900
vt 0.31272200 0.00908400
vt 0.78005999 0.08580700
vt 0.78002399 0.09771800
vt 0.29596001 0.08676400
vt 0.28982300 0.07425600
vt 0.30209199 0.05149900
vt 0.31245500 0.05316900
vt 0.30291900 0.10627300
vt 0.28898501 0.10627200
vt 0.28898501 0.09638700
vt 0.30291900 0.09638700
vt 0.69246602 0.07099800
vt 0.70283097 0.06934700
vt 0.71499699 0.07999800
vt 0.70883799 0.09249300
vt 0.31255600 0.04305800
vt 0.15976700 0.04273400
vt 0.30207801 0.04003100
vt 0.31256601 0.04006900
vt 0.07630900 0.08220100
vt 0.07653500 0.08520500
vt 0.96878898 0.08557400
vt 0.96880299 0.09748500
vt 0.77072197 0.08582400
vt 0.77051198 0.09773500
vt 0.83522499 0.13706800
vt 0.80166000 0.12051600
vt 0.99792802 0.13577400
vt 0.99791503 0.14565900
vt 0.49959400 0.01441100
vt 0.47790700 0.03053400
vt 0.25314000 0.08193700
vt 0.25314400 0.08492900
vt 0.06596300 0.08173100
vt 0.06727500 0.08478600
vt 0.61325097 0.05181900
vt 0.61320800 0.06357900
vt 0.55370998 0.06444300
vt 0.55353898 0.05268500
vt 0.61311001 0.04206200
vt 0.55339700 0.04292800
vt 0.61354798 0.37651700
vt 0.61700302 0.38152701
vt 0.61700302 0.54620397
vt 0.61359400 0.55121398
vt 0.36076599 0.11870200
vt 0.34048399 0.11877700
vt 0.34043801 0.10654100
vt 0.36072099 0.10646700
vt 0.38256001 0.11872700
vt 0.37064999 0.11866500
vt 0.37060499 0.10643100
vt 0.38251600 0.10649200
vt 0.36076599 0.11870200
vt 0.36072099 0.10646700
vt 0.33059901 0.11881300
vt 0.31868801 0.11896200
vt 0.31864300 0.10672700
vt 0.33055401 0.10657800
vt 0.34048399 0.11877700
vt 0.34043801 0.10654100
vt 0.00657300 0.11454000
vt 0.02685500 0.11448900
vt 0.02688500 0.12639999
vt 0.00660300 0.12645100
vt 0.02691000 0.13628399
vt 0.00662800 0.13633600
vt 0.80532902 0.11563900
vt 0.80533600 0.10372800
vt 0.98212701 0.10383800
vt 0.98211998 0.11574800
vt 0.40651599 0.06528000
vt 0.40648901 0.05333900
vt 0.61290503 0.33133101
vt 0.57067698 0.34351000
vt 0.42953500 0.34321001
vt 0.43114501 0.33401200
vt 0.43613499 0.33085299
vt 0.65088099 0.01482800
vt 0.65088201 0.02471300
vt 0.50972301 0.02472300
vt 0.50972301 0.01483900
vt 0.40646699 0.04342900
vt 0.55499899 0.35520101
vt 0.58516097 0.36718401
vt 0.42048699 0.36829999
vt 0.41548601 0.36528799
vt 0.41384399 0.35615799
vt 0.08503200 0.03136300
vt 0.08505500 0.02837000
vt 0.24974801 0.02964600
vt 0.24972500 0.03263700
vt 0.31845799 0.37484699
vt 0.09642600 0.07425500
vt 0.09642600 0.05149700
vt 0.28898501 0.10627200
vt 0.09558200 0.10626400
vt 0.09558200 0.09638000
vt 0.28898501 0.09638700
vt 0.90839797 0.06962600
vt 0.90838897 0.08025700
vt 0.01734800 0.04303000
vt 0.09653100 0.03980900
vt 0.00683700 0.02099600
vt 0.00683600 0.00908400
vt 0.01733400 0.00908300
vt 0.09656500 0.02098800
vt 0.98797899 0.10384200
vt 0.98802203 0.11575200
vt 0.02333200 0.08676500
vt 0.00683600 0.05316900
vt 0.01470100 0.10627100
vt 0.01470000 0.09638700
vt 0.09558200 0.09638000
vt 0.09558200 0.10626400
vt 0.99791402 0.07134800
vt 0.98148799 0.09281200
vt 0.00684500 0.04306300
vt 0.00683600 0.04006900
vt 0.25580299 0.02968000
vt 0.25555900 0.03268100
vt 0.79924297 0.11563500
vt 0.79925001 0.10372500
vt 0.99731803 0.10385300
vt 0.99753398 0.11576300
vt 0.61790699 0.33479601
vt 0.58428001 0.35121799
vt 0.66651797 0.01482700
vt 0.66651899 0.02471200
vt 0.56856799 0.34742901
vt 0.59014702 0.36369500
vt 0.07894400 0.03131600
vt 0.07896700 0.02832300
vt 0.26614299 0.02927200
vt 0.26481399 0.03231700
vt 0.32497999 0.05250800
vt 0.38593301 0.05328100
vt 0.38578099 0.06528300
vt 0.32504499 0.06451200
vt 0.32510599 0.04254700
vt 0.38605899 0.04332000
vt 0.32660499 0.03954900
vt 0.30464101 0.54620397
vt 0.30464101 0.38152701
vt 0.30809501 0.37651700
vt 0.30805001 0.55121398
vt 0.31827700 0.55288398
vt 0.38115200 0.08997100
vt 0.38108000 0.10220700
vt 0.36079800 0.10208600
vt 0.36087000 0.08985100
vt 0.40294799 0.08999600
vt 0.40287501 0.10223200
vt 0.39096400 0.10226600
vt 0.39103699 0.09003000
vt 0.38108000 0.10220700
vt 0.38115200 0.08997100
vt 0.35098600 0.08979200
vt 0.35091299 0.10202800
vt 0.33900401 0.10185200
vt 0.33907700 0.08961600
vt 0.36087000 0.08985100
vt 0.36079800 0.10208600
vt 0.65912998 0.06088000
vt 0.65912998 0.04896900
vt 0.67941201 0.04896900
vt 0.67941201 0.06088000
vt 0.65912998 0.03908400
vt 0.67941201 0.03908400
vt 0.42055801 0.17249399
vt 0.67740297 0.17201900
vt 0.67768902 0.32623699
vt 0.42084399 0.32671201
vt 0.03622900 0.56611103
vt 0.60007697 0.56652802
vt 0.61734903 0.99953902
vt 0.01831600 0.99909502
vt 0.24584700 0.12173300
vt 0.37221801 0.12345600
vt 0.38025501 0.31966901
vt 0.23232700 0.32041600
vt 0.02046000 0.36102000
vt 0.27731499 0.36115101
vt 0.28522801 0.55840200
vt 0.01234600 0.55826402
vt 0.04321500 0.12193600
vt 0.16950300 0.12420300
vt 0.17678399 0.32040399
vt 0.02884700 0.32046700
vt 0.97752398 0.06295600
vt 0.70464098 0.06295600
vt 0.69253600 0.04597400
vt 0.98962998 0.04597400
vt 0.23232700 0.32041600
vt 0.38025501 0.31966901
vt 0.39453399 0.33395201
vt 0.21798199 0.33398101
vt 0.61212200 0.08746500
vt 0.33924001 0.08664400
vt 0.32718599 0.06962600
vt 0.62427902 0.07051900
vt 0.02884700 0.32046700
vt 0.17678399 0.32040399
vt 0.19107200 0.33472800
vt 0.01444300 0.33396399
vt 0.98998302 0.04072000
vt 0.69288802 0.04072000
vt 0.69288802 0.02362700
vt 0.98998302 0.02362700
vt 0.21798199 0.33398101
vt 0.39453399 0.33395201
vt 0.39586499 0.35081601
vt 0.21689500 0.35144100
vt 0.98998302 0.01996300
vt 0.69288802 0.01996300
vt 0.69288802 0.00286900
vt 0.98998302 0.00287000
vt 0.01444300 0.33396399
vt 0.19107200 0.33472800
vt 0.19213100 0.35165799
vt 0.01327400 0.35141000
vt 0.40085000 0.13045900
vt 0.69793200 0.13175300
vt 0.67429602 0.16282500
vt 0.42421499 0.16173600
vt 0.80885100 0.18219900
vt 0.98470998 0.18316300
vt 0.95340598 0.20649301
vt 0.83989698 0.20587100
vt 0.69650102 0.12680499
vt 0.39940301 0.12551400
vt 0.42304000 0.09444100
vt 0.67313403 0.09552800
vt 0.98876899 0.17578000
vt 0.81290698 0.17460801
vt 0.84423900 0.15131500
vt 0.95775002 0.15207100
vt 0.63406003 0.99939603
vt 0.61678803 0.56638598
vt 0.01951800 0.56594402
vt 0.00160600 0.99892801
vt 0.38797599 0.31856701
vt 0.37944201 0.12320900
vt 0.29284099 0.55833602
vt 0.28492701 0.36108401
vt 0.19837600 0.33364999
vt 0.18450500 0.31932199
vt 0.68527597 0.04826500
vt 0.69738102 0.06524700
vt 0.31991899 0.07189500
vt 0.33197299 0.08891400
vt 0.40188399 0.33293799
vt 0.38797599 0.31856701
vt 0.20005800 0.35098401
vt 0.19837600 0.33364999
vt 0.68527597 0.02362700
vt 0.68527597 0.04072000
vt 0.68527597 0.00287000
vt 0.68527597 0.01996300
vt 0.40350601 0.35009399
vt 0.40188399 0.33293799
vt 0.83799398 0.14566700
vt 0.80550599 0.16731700
vt 0.68150800 0.16526400
vt 0.70514297 0.13419101
vt 0.41582799 0.09200200
vt 0.39219099 0.12307500
vt 0.96061403 0.20894000
vt 0.99191898 0.18561099
vt 0.22471000 0.31911901
vt 0.23853099 0.12129200
vt 0.17672600 0.12398400
vt 0.18450500 0.31932199
vt 0.00473300 0.55818897
vt 0.01284700 0.36094600
vt 0.02123800 0.31913701
vt 0.03590400 0.12146400
vt 0.99689001 0.04826500
vt 0.98478401 0.06524700
vt 0.21064900 0.33282900
vt 0.22471000 0.31911901
vt 0.00711900 0.33277801
vt 0.02123800 0.31913701
vt 0.63153201 0.07283300
vt 0.61937499 0.08977800
vt 0.99759603 0.02362700
vt 0.99759603 0.04072000
vt 0.20874199 0.35067800
vt 0.21064900 0.33282900
vt 0.00512900 0.35060799
vt 0.00711900 0.33277801
vt 0.99759603 0.00287000
vt 0.99759603 0.01996300
vt 0.41698200 0.16411200
vt 0.39361700 0.13283400
vt 0.83266097 0.20823900
vt 0.80161703 0.18456601
vt 0.96573597 0.15310100
vt 0.99549401 0.17837401
vt 0.68036598 0.09315200
vt 0.70373398 0.12442800
vt 0.41361701 0.32431799
vt 0.41334099 0.17491500
vt 0.41112199 0.31709999
vt 0.41086900 0.18236400
vt 0.68462902 0.17441300
vt 0.68490601 0.32381600
vt 0.68712401 0.18163200
vt 0.68737799 0.31636801
vt 0.79823500 0.16518600
vt 0.79778802 0.12687500
vt 0.81276900 0.13381501
vt 0.79823500 0.16518600
vt 0.79373199 0.16523901
vt 0.79328501 0.12692800
vt 0.79778802 0.12687500
vt 0.79373199 0.16523901
vt 0.77846998 0.13421600
vt 0.79328501 0.12692800
vt 0.70969301 0.21206599
vt 0.70924598 0.17375401
vt 0.72422701 0.18069400
vt 0.70969301 0.21206599
vt 0.70519000 0.21211800
vt 0.70474201 0.17380700
vt 0.70924598 0.17375401
vt 0.70519000 0.21211800
vt 0.68992800 0.18109500
vt 0.70474201 0.17380700
vt 0.20981200 0.20240800
vt 0.20953199 0.16409500
vt 0.22448200 0.17110001
vt 0.20981200 0.20240800
vt 0.20530900 0.20244101
vt 0.20502800 0.16412801
vt 0.20953199 0.16409500
vt 0.20530900 0.20244101
vt 0.19018200 0.17135100
vt 0.20502800 0.16412801
vt 0.78552002 0.21165700
vt 0.78507203 0.17334500
vt 0.80005300 0.18028601
vt 0.78552002 0.21165700
vt 0.78101599 0.21171001
vt 0.78056902 0.17339800
vt 0.78507203 0.17334500
vt 0.78101599 0.21171001
vt 0.76575398 0.18068600
vt 0.78056902 0.17339800
vt 0.20691700 0.16087900
vt 0.20667000 0.12256600
vt 0.22161400 0.12958500
vt 0.20353900 0.16090100
vt 0.20216601 0.12259500
vt 0.20667000 0.12256600
vt 0.20691700 0.16087900
vt 0.74101299 0.21198100
vt 0.72575098 0.18095800
vt 0.74056602 0.17366999
vt 0.74101299 0.21198100
vt 0.74056602 0.17366999
vt 0.74506903 0.17361701
vt 0.74551702 0.21192899
vt 0.74551702 0.21192899
vt 0.74506903 0.17361701
vt 0.76005000 0.18055800
vt 0.20254700 0.32619900
vt 0.18742000 0.29510999
vt 0.20226701 0.28788599
vt 0.20254700 0.32619900
vt 0.20226701 0.28788599
vt 0.20677000 0.28785300
vt 0.20705099 0.32616600
vt 0.20705099 0.32616600
vt 0.20677000 0.28785300
vt 0.22172099 0.29485899
vt 0.20550001 0.24398200
vt 0.19037400 0.21289200
vt 0.20522000 0.20566900
vt 0.20550001 0.24398200
vt 0.20522000 0.20566900
vt 0.20972300 0.20563599
vt 0.21000400 0.24394900
vt 0.21000400 0.24394900
vt 0.20972300 0.20563599
vt 0.22467400 0.21264100
vt 0.20512800 0.28475100
vt 0.19000100 0.25366199
vt 0.20484801 0.24643800
vt 0.20512800 0.28475100
vt 0.20484801 0.24643800
vt 0.20935100 0.24640600
vt 0.20963100 0.28471899
vt 0.20963100 0.28471899
vt 0.20935100 0.24640600
vt 0.22430199 0.25341100
vt 0.20353900 0.16090100
vt 0.18753000 0.13023600
vt 0.20216601 0.12259500
vt 0.94178700 0.24718700
vt 0.92688799 0.21598800
vt 0.94178700 0.20887300
vt 0.94178700 0.24718700
vt 0.94178700 0.20887300
vt 0.94629002 0.20887300
vt 0.94629103 0.24718700
vt 0.94629103 0.24718700
vt 0.94629002 0.20887300
vt 0.96118897 0.21598700
vt 0.90565598 0.24718800
vt 0.89075601 0.21598899
vt 0.90565503 0.20887400
vt 0.90565598 0.24718800
vt 0.90565503 0.20887400
vt 0.91015899 0.20887400
vt 0.91015899 0.24718800
vt 0.91015899 0.24718800
vt 0.91015899 0.20887400
vt 0.92505801 0.21598800
vt 0.97885501 0.24718800
vt 0.96395600 0.21598899
vt 0.97885501 0.20887400
vt 0.97885501 0.24718800
vt 0.97885501 0.20887400
vt 0.98335803 0.20887400
vt 0.98335898 0.24718800
vt 0.98335898 0.24718800
vt 0.98335803 0.20887400
vt 0.99825698 0.21598800
vt 0.86951399 0.24718700
vt 0.85461497 0.21598700
vt 0.86951298 0.20887300
vt 0.86951399 0.24718700
vt 0.86951298 0.20887300
vt 0.87401700 0.20887300
vt 0.87401700 0.24718700
vt 0.87401700 0.24718700
vt 0.87401700 0.20887300
vt 0.88891602 0.21598700
vt 0.76160401 0.17922500
vt 0.74614400 0.14830001
vt 0.76091200 0.14091700
vt 0.76498097 0.17916401
vt 0.76160401 0.17922500
vt 0.76091200 0.14091700
vt 0.76541501 0.14083600
vt 0.83642298 0.24850100
vt 0.83642203 0.21018700
vt 0.85132098 0.21730100
vt 0.83642298 0.24850100
vt 0.83191901 0.24850100
vt 0.83191901 0.21018700
vt 0.83642203 0.21018700
vt 0.83191901 0.24850100
vt 0.81702000 0.21730199
vt 0.83191901 0.21018700
vt 0.76521498 0.24421400
vt 0.76521403 0.20590000
vt 0.78011298 0.21301500
vt 0.76521498 0.24421400
vt 0.76071101 0.24421400
vt 0.76071101 0.20590000
vt 0.76521403 0.20590000
vt 0.76071101 0.24421400
vt 0.74581200 0.21301500
vt 0.76071101 0.20590000
vt 0.72747803 0.24581900
vt 0.72747803 0.20750500
vt 0.74237698 0.21461999
vt 0.72747803 0.24581900
vt 0.72297400 0.24581900
vt 0.72297400 0.20750500
vt 0.72747803 0.20750500
vt 0.72297400 0.24581900
vt 0.70807499 0.21461999
vt 0.72297400 0.20750500
vt 0.79872698 0.24913800
vt 0.79872602 0.21082400
vt 0.81362498 0.21793900
vt 0.79872698 0.24913800
vt 0.79422301 0.24913800
vt 0.79422301 0.21082400
vt 0.79872602 0.21082400
vt 0.79422301 0.24913800
vt 0.77932400 0.21793900
vt 0.79422301 0.21082400
vt 0.76498097 0.17916401
vt 0.76541501 0.14083600
vt 0.78023398 0.14811601
vt 0.76516199 0.13984799
vt 0.76558298 0.10153600
vt 0.78040302 0.10881400
vt 0.76516199 0.13984799
vt 0.76065898 0.13979800
vt 0.76108003 0.10148600
vt 0.76558298 0.10153600
vt 0.76065898 0.13979800
vt 0.74610400 0.10843700
vt 0.76108003 0.10148600
vt 0.70789498 0.28062999
vt 0.70837998 0.24231900
vt 0.72318798 0.24962100
vt 0.70789498 0.28062999
vt 0.70339203 0.28057301
vt 0.70387697 0.24226201
vt 0.70837998 0.24231900
vt 0.70339203 0.28057301
vt 0.68888903 0.24918699
vt 0.70387697 0.24226201
vt 0.73462301 0.16407000
vt 0.73414803 0.12575801
vt 0.74913400 0.13268800
vt 0.73462301 0.16407000
vt 0.73012000 0.16412599
vt 0.72964501 0.12581401
vt 0.73414803 0.12575801
vt 0.73012000 0.16412599
vt 0.71483600 0.13311300
vt 0.72964501 0.12581401
vt 0.72975302 0.12402800
vt 0.71467900 0.09291300
vt 0.72953802 0.08571500
vt 0.72975302 0.12402800
vt 0.72953802 0.08571500
vt 0.73404199 0.08569000
vt 0.73425603 0.12400300
vt 0.73425603 0.12400300
vt 0.73404199 0.08569000
vt 0.74897999 0.09272100
vt 0.72294599 0.31580701
vt 0.70856398 0.28436601
vt 0.72357899 0.27749899
vt 0.72294599 0.31580701
vt 0.72357899 0.27749899
vt 0.72808200 0.27757299
vt 0.72744900 0.31588200
vt 0.72744900 0.31588200
vt 0.72808200 0.27757299
vt 0.74286097 0.28493300
vt 0.74240601 0.27908400
vt 0.72802502 0.24764299
vt 0.74303901 0.24077500
vt 0.74240601 0.27908400
vt 0.74303901 0.24077500
vt 0.74754202 0.24085000
vt 0.74690902 0.27915800
vt 0.74690902 0.27915800
vt 0.74754202 0.24085000
vt 0.76232100 0.24821000
vt 0.74423099 0.67802501
vt 0.72529602 0.67802501
vt 0.72529602 0.65047097
vt 0.74423099 0.65047097
vt 0.70635998 0.67802501
vt 0.70635998 0.65047097
vt 0.68742400 0.67802501
vt 0.68742400 0.65047097
vt 0.66848803 0.67802501
vt 0.66848803 0.65047097
vt 0.64955097 0.67802501
vt 0.64955097 0.65047097
vt 0.99035299 0.67802501
vt 0.97141999 0.67802501
vt 0.97141999 0.65047097
vt 0.99035299 0.65047097
vt 0.95248699 0.67802501
vt 0.95248699 0.65047097
vt 0.93355602 0.67802501
vt 0.93355602 0.65047097
vt 0.91462398 0.67802501
vt 0.91462398 0.65047097
vt 0.89569199 0.67802501
vt 0.89569199 0.65047097
vt 0.87676102 0.67802501
vt 0.87676102 0.65047097
vt 0.85782897 0.67802501
vt 0.85782897 0.65047097
vt 0.83889800 0.67802501
vt 0.83889800 0.65047097
vt 0.81995201 0.67802501
vt 0.81995201 0.65047097
vt 0.80103302 0.67802501
vt 0.80103302 0.65047097
vt 0.78210002 0.67802501
vt 0.78210002 0.65047097
vt 0.76316601 0.67802501
vt 0.76316601 0.65047097
vt 0.95091403 0.48789701
vt 0.93198001 0.48803699
vt 0.91413897 0.48169199
vt 0.96865898 0.48129001
vt 0.89954501 0.46962801
vt 0.98307300 0.46901199
vt 0.88995701 0.45330000
vt 0.99242002 0.45254400
vt 0.88653100 0.43467799
vt 0.99557000 0.43387300
vt 0.88968199 0.41600600
vt 0.99214399 0.41525000
vt 0.89902800 0.39953899
vt 0.98255599 0.39892200
vt 0.91344202 0.38726100
vt 0.96796203 0.38685799
vt 0.93118697 0.38065299
vt 0.95012200 0.38051400
vt 0.80053699 0.38071299
vt 0.81946999 0.38097101
vt 0.83717299 0.38768801
vt 0.78265798 0.38694599
vt 0.85151201 0.40005499
vt 0.76798803 0.39891899
vt 0.86075503 0.41658100
vt 0.75829899 0.41518700
vt 0.86378902 0.43527099
vt 0.75475699 0.43378800
vt 0.86024803 0.45387200
vt 0.75779098 0.45247900
vt 0.85055798 0.47014001
vt 0.76703501 0.46900401
vt 0.83588898 0.48211199
vt 0.78137302 0.48137099
vt 0.81800997 0.48834601
vt 0.79907697 0.48808900
vt 0.72595799 0.68394202
vt 0.72595799 0.71149498
vt 0.70701897 0.71149498
vt 0.70701897 0.68394202
vt 0.68808001 0.71149498
vt 0.68808001 0.68394202
vt 0.66914099 0.71149498
vt 0.66914099 0.68394202
vt 0.65020102 0.71149498
vt 0.65020102 0.68394202
vt 0.99099398 0.68394202
vt 0.99099398 0.71149498
vt 0.97206903 0.71149498
vt 0.97206903 0.68394202
vt 0.95314199 0.71149498
vt 0.95314199 0.68394202
vt 0.93421501 0.71149498
vt 0.93421501 0.68394202
vt 0.91528702 0.71149498
vt 0.91528702 0.68394202
vt 0.89635903 0.71149498
vt 0.89635903 0.68394202
vt 0.87742901 0.71149498
vt 0.87742901 0.68394202
vt 0.85849899 0.71149498
vt 0.85849899 0.68394202
vt 0.83956701 0.71149498
vt 0.83956701 0.68394202
vt 0.82061499 0.71149498
vt 0.82061499 0.68394202
vt 0.80170202 0.71149498
vt 0.80170202 0.68394202
vt 0.78276801 0.71149498
vt 0.78276801 0.68394202
vt 0.76383197 0.71149498
vt 0.76383197 0.68394202
vt 0.74489498 0.71149498
vt 0.74489498 0.68394202
vt 0.79712403 0.60696697
vt 0.77932900 0.60049599
vt 0.83384901 0.60047799
vt 0.81605899 0.60696000
vt 0.76481903 0.58832997
vt 0.84835100 0.58830202
vt 0.75534600 0.57193500
vt 0.85781199 0.57190102
vt 0.75205201 0.55328798
vt 0.86109400 0.55325300
vt 0.75533402 0.53464001
vt 0.85780001 0.53460699
vt 0.76479602 0.51823902
vt 0.84832799 0.51821202
vt 0.77929801 0.50606298
vt 0.83381897 0.50604498
vt 0.79708898 0.49958101
vt 0.81602401 0.49957499
vt 0.67338997 0.60586798
vt 0.65568602 0.59915400
vt 0.71015602 0.59991097
vt 0.69232303 0.60612297
vt 0.64134502 0.58678901
vt 0.72486800 0.58791101
vt 0.63209897 0.57026500
vt 0.73455501 0.57164198
vt 0.62906200 0.55157501
vt 0.73809302 0.55304098
vt 0.63259900 0.53297400
vt 0.73505598 0.53434998
vt 0.64228600 0.51670402
vt 0.72580999 0.51782602
vt 0.65699899 0.50470299
vt 0.71146899 0.50546098
vt 0.67483199 0.49849200
vt 0.69376498 0.49874699
vt 0.74580503 0.71686399
vt 0.74580503 0.74441701
vt 0.72687799 0.74441701
vt 0.72687799 0.71686399
vt 0.70795101 0.74441701
vt 0.70795101 0.71686399
vt 0.68902498 0.74441701
vt 0.68902498 0.71686399
vt 0.67009902 0.74441701
vt 0.67009902 0.71686399
vt 0.65117198 0.74441701
vt 0.65117198 0.71686399
vt 0.99197102 0.71686399
vt 0.99197102 0.74441701
vt 0.97302800 0.74441701
vt 0.97302800 0.71686399
vt 0.95408601 0.74441701
vt 0.95408601 0.71686399
vt 0.93514502 0.74441701
vt 0.93514502 0.71686399
vt 0.91620600 0.74441701
vt 0.91620600 0.71686399
vt 0.89726698 0.74441701
vt 0.89726698 0.71686399
vt 0.87832999 0.74441701
vt 0.87832999 0.71686399
vt 0.85939401 0.74441701
vt 0.85939401 0.71686399
vt 0.84045899 0.74441701
vt 0.84045899 0.71686399
vt 0.82152498 0.74441701
vt 0.82152498 0.71686399
vt 0.80259299 0.74441701
vt 0.80259299 0.71686399
vt 0.78366297 0.74441701
vt 0.78366297 0.71686399
vt 0.76473302 0.74441701
vt 0.76473302 0.71686399
vt 0.93102503 0.37024099
vt 0.91322100 0.36379400
vt 0.96774203 0.36370501
vt 0.94995999 0.37020999
vt 0.89869601 0.35164699
vt 0.98222703 0.35150999
vt 0.88920200 0.33526400
vt 0.99166799 0.33509600
vt 0.88588297 0.31662300
vt 0.99492502 0.31644300
vt 0.88914102 0.29796901
vt 0.99160600 0.29780200
vt 0.89858103 0.28155601
vt 0.98211199 0.28141901
vt 0.91306603 0.26936099
vt 0.96758699 0.26927200
vt 0.93084902 0.26285601
vt 0.94978398 0.26282501
vt 0.67612898 0.48574299
vt 0.65835100 0.47922701
vt 0.71287102 0.47934699
vt 0.69506401 0.48578399
vt 0.64387202 0.46702400
vt 0.72740299 0.46720800
vt 0.63444102 0.45060501
vt 0.73690701 0.45083100
vt 0.63119400 0.43195099
vt 0.74023598 0.43219101
vt 0.63452297 0.41330999
vt 0.73698902 0.41353601
vt 0.64402699 0.39693299
vt 0.72755802 0.39711699
vt 0.65855801 0.38479301
vt 0.71307898 0.38491401
vt 0.67636597 0.37835699
vt 0.69530100 0.37839800
vt 0.72577602 0.64570302
vt 0.70683801 0.64570302
vt 0.70683801 0.61814702
vt 0.72577602 0.61814702
vt 0.68790102 0.64570302
vt 0.68790102 0.61814702
vt 0.66896302 0.64570302
vt 0.66896302 0.61814702
vt 0.65002501 0.64570302
vt 0.65002501 0.61814702
vt 0.99085200 0.64570302
vt 0.97192299 0.64570302
vt 0.97192299 0.61814702
vt 0.99085200 0.61814702
vt 0.95299202 0.64570302
vt 0.95299202 0.61814702
vt 0.93406099 0.64570302
vt 0.93406099 0.61814702
vt 0.91512901 0.64570302
vt 0.91512901 0.61814702
vt 0.89619702 0.64570302
vt 0.89619702 0.61814702
vt 0.87726402 0.64570302
vt 0.87726402 0.61814702
vt 0.85833001 0.64570302
vt 0.85833001 0.61814702
vt 0.83939600 0.64570302
vt 0.83939600 0.61814702
vt 0.82046098 0.64570302
vt 0.82046098 0.61814702
vt 0.80152500 0.64570302
vt 0.80152500 0.61814702
vt 0.78258902 0.64570302
vt 0.78258902 0.61814702
vt 0.76365203 0.64570302
vt 0.76365203 0.61814702
vt 0.74471402 0.64570302
vt 0.74471402 0.61814702
vt 0.93156499 0.50115299
vt 0.95049900 0.50128400
vt 0.96824700 0.50788301
vt 0.91372800 0.50750500
vt 0.98266703 0.52015501
vt 0.89913797 0.51957500
vt 0.99202001 0.53661901
vt 0.88955599 0.53590697
vt 0.99517798 0.55528802
vt 0.88613898 0.55453098
vt 0.99176103 0.57391202
vt 0.88929701 0.57319999
vt 0.98217899 0.59024400
vt 0.89865100 0.58966303
vt 0.96758997 0.60231400
vt 0.91307098 0.60193503
vt 0.94975197 0.60866600
vt 0.93081802 0.60853499
vt 0.82002902 0.37118500
vt 0.80109400 0.37099800
vt 0.78336602 0.36434600
vt 0.83788502 0.36488500
vt 0.76898199 0.35203299
vt 0.85250998 0.35285801
vt 0.75967699 0.33554101
vt 0.86213899 0.33655399
vt 0.75657398 0.31686300
vt 0.86561102 0.31794000
vt 0.76004601 0.29824901
vt 0.86250699 0.29926199
vt 0.76967603 0.28194499
vt 0.85320199 0.28277099
vt 0.78430098 0.26991799
vt 0.83881801 0.27045700
vt 0.80215597 0.26361799
vt 0.82108998 0.26380500
vt 0.90355998 0.99202698
vt 0.90284503 0.89150202
vt 0.92971200 0.89758301
vt 0.93042701 0.99810702
vt 0.98852098 0.88687402
vt 0.96167898 0.89306301
vt 0.96198601 0.79253602
vt 0.98882800 0.78634602
vt 0.90793598 0.88980597
vt 0.92584801 0.89385998
vt 0.91278201 0.88919401
vt 0.92173803 0.89121997
vt 0.91738403 0.88966501
vt 0.96583498 0.78879702
vt 0.98373002 0.78467101
vt 0.96993399 0.78614199
vt 0.97887999 0.78407699
vt 0.97428203 0.78456801
vt 0.86928201 0.79055101
vt 0.89604998 0.78404701
vt 0.89692003 0.88457102
vt 0.87015301 0.89107502
vt 0.83815300 0.89773399
vt 0.83832502 0.99826199
vt 0.81149101 0.99203598
vt 0.81132001 0.89150798
vt 0.89093298 0.78243101
vt 0.87308800 0.78676701
vt 0.88607800 0.78189600
vt 0.87715602 0.78406399
vt 0.88148499 0.78243899
vt 0.83430898 0.89398998
vt 0.81642002 0.88984001
vt 0.83021402 0.89132899
vt 0.82126898 0.88925302
vt 0.82586700 0.88975000
vt 0.89107502 0.75428897
vt 0.99173099 0.75428897
vt 0.99173099 0.75661898
vt 0.89107502 0.75661898
vt 0.76113498 0.75428897
vt 0.86132598 0.75428897
vt 0.86132598 0.75661898
vt 0.76113498 0.75661898
vt 0.89117301 0.76941198
vt 0.99173099 0.76941198
vt 0.99173099 0.77177298
vt 0.89117301 0.77177298
vt 0.76113498 0.76941198
vt 0.86140198 0.76941198
vt 0.86140198 0.77177298
vt 0.76113498 0.77177298
vt 0.88570201 0.75428897
vt 0.88570201 0.75661898
vt 0.86132598 0.75428897
vt 0.86668599 0.75428897
vt 0.86668599 0.75661898
vt 0.86132598 0.75661898
vt 0.88081002 0.75428897
vt 0.88081002 0.75661898
vt 0.87156200 0.75428897
vt 0.87156200 0.75661898
vt 0.87618399 0.75428897
vt 0.87618399 0.75661898
vt 0.88580197 0.76941198
vt 0.89117301 0.76941198
vt 0.89117301 0.77177298
vt 0.88580197 0.77177298
vt 0.86675900 0.76941198
vt 0.86675900 0.77177298
vt 0.88090301 0.76941198
vt 0.88090301 0.77177298
vt 0.87164998 0.76941198
vt 0.87164998 0.77177298
vt 0.87648898 0.76941198
vt 0.87648898 0.77177298
vt 0.68814498 0.82574701
vt 0.68200499 0.82574701
vt 0.68200499 0.78864801
vt 0.68814498 0.78864801
vt 0.67785800 0.82574701
vt 0.67785800 0.78864801
vt 0.67371202 0.82574701
vt 0.67371202 0.78864801
vt 0.66757101 0.82574701
vt 0.66757101 0.78864801
vt 0.66087502 0.82574701
vt 0.66087502 0.78864801
vt 0.65570003 0.82574701
vt 0.65570003 0.78864801
vt 0.65203899 0.82574701
vt 0.65203899 0.78864801
vt 0.70001698 0.82574701
vt 0.69484103 0.82574701
vt 0.69484103 0.78864801
vt 0.70001698 0.78864801
vt 0.86922699 0.99161702
vt 0.84245402 0.99809998
vt 0.84166199 0.89757597
vt 0.86843401 0.89109302
vt 0.68440902 0.99286503
vt 0.68325901 0.89234501
vt 0.71015197 0.89830899
vt 0.71130198 0.99883002
vt 0.84546900 0.89379501
vt 0.86331898 0.88947302
vt 0.84954000 0.89109498
vt 0.85846502 0.88893402
vt 0.85387099 0.88947499
vt 0.68834198 0.89062703
vt 0.70627099 0.89460301
vt 0.69318599 0.88999301
vt 0.70214999 0.89198101
vt 0.69778901 0.89044601
vt 0.80654800 0.89700103
vt 0.80672199 0.99752802
vt 0.77988702 0.99130303
vt 0.77971500 0.89077502
vt 0.83613902 0.79110599
vt 0.86299998 0.78499597
vt 0.86239398 0.88552099
vt 0.83553398 0.89163101
vt 0.78481501 0.88910598
vt 0.80270398 0.89325702
vt 0.78966498 0.88852000
vt 0.79860902 0.89059502
vt 0.79426301 0.88901597
vt 0.83999997 0.78737903
vt 0.85790801 0.78330499
vt 0.84410697 0.78473502
vt 0.85306102 0.78269899
vt 0.84846097 0.78317499
vt 0.86121601 0.74737298
vt 0.86121601 0.74969798
vt 0.76113498 0.74969798
vt 0.76113498 0.74737298
vt 0.99173099 0.74737298
vt 0.99173099 0.74969798
vt 0.89096200 0.74969798
vt 0.89096200 0.74737298
vt 0.86074400 0.75110197
vt 0.86074400 0.75342900
vt 0.76113498 0.75342900
vt 0.76113498 0.75110197
vt 0.99173099 0.75110197
vt 0.99173099 0.75342900
vt 0.89044499 0.75342900
vt 0.89044499 0.75110197
vt 0.86657703 0.74737298
vt 0.86657703 0.74969798
vt 0.89096200 0.74737298
vt 0.89096200 0.74969798
vt 0.88559800 0.74969798
vt 0.88559800 0.74737298
vt 0.87146097 0.74737298
vt 0.87146097 0.74969798
vt 0.88071501 0.74969798
vt 0.88071501 0.74737298
vt 0.87628800 0.74969798
vt 0.87628800 0.74737298
vt 0.86607200 0.75110197
vt 0.86607200 0.75342900
vt 0.86074400 0.75342900
vt 0.86074400 0.75110197
vt 0.88504899 0.75342900
vt 0.88504899 0.75110197
vt 0.87092400 0.75110197
vt 0.87092400 0.75342900
vt 0.88015002 0.75342900
vt 0.88015002 0.75110197
vt 0.87552702 0.75342900
vt 0.87552702 0.75110197
vt 0.73961598 0.78821403
vt 0.73961598 0.82532001
vt 0.73347402 0.82532001
vt 0.73347402 0.78821403
vt 0.72932601 0.82532001
vt 0.72932601 0.78821403
vt 0.72517902 0.82532001
vt 0.72517902 0.78821403
vt 0.71903700 0.82532001
vt 0.71903700 0.78821403
vt 0.71233898 0.82532001
vt 0.71234000 0.78821403
vt 0.70716298 0.82532001
vt 0.70716298 0.78821403
vt 0.75515097 0.78821403
vt 0.75515097 0.82532001
vt 0.75149000 0.82532001
vt 0.75149000 0.78821403
vt 0.74631202 0.82532001
vt 0.74631202 0.78821403
vt 0.99684298 0.99236602
vt 0.97004098 0.99872601
vt 0.96970803 0.89819902
vt 0.99651003 0.89183903
vt 0.93751401 0.99295503
vt 0.93690997 0.89243001
vt 0.96376997 0.89854002
vt 0.96437401 0.99906600
vt 0.97353297 0.89443600
vt 0.99140102 0.89019603
vt 0.97761500 0.89175498
vt 0.98654801 0.88963401
vt 0.98195398 0.89015400
vt 0.94200301 0.89073902
vt 0.95990902 0.89481300
vt 0.94685000 0.89013201
vt 0.95580202 0.89216900
vt 0.95144898 0.89060903
vt 0.93417102 0.78929001
vt 0.93292302 0.88981098
vt 0.90618098 0.88320601
vt 0.90742701 0.78268600
vt 0.65306699 0.89786798
vt 0.67996198 0.89191300
vt 0.67877603 0.99243301
vt 0.65188199 0.99838901
vt 0.91255099 0.78109002
vt 0.93037897 0.78549200
vt 0.91740698 0.78057200
vt 0.92632103 0.78277397
vt 0.92199701 0.78113401
vt 0.65694797 0.89416301
vt 0.67487901 0.89019299
vt 0.66106999 0.89154297
vt 0.67003602 0.88955802
vt 0.66543198 0.89000797
vt 0.89077097 0.76396501
vt 0.89077097 0.76164103
vt 0.99173099 0.76164103
vt 0.99173099 0.76396501
vt 0.76113498 0.76396501
vt 0.76113498 0.76164103
vt 0.86109698 0.76164103
vt 0.86109698 0.76396501
vt 0.86139399 0.76528102
vt 0.86139399 0.76761001
vt 0.76113498 0.76761001
vt 0.76113498 0.76528102
vt 0.99173099 0.76528102
vt 0.99173099 0.76761001
vt 0.89111602 0.76761001
vt 0.89111602 0.76528102
vt 0.88540298 0.76396501
vt 0.88540298 0.76164103
vt 0.86109698 0.76396501
vt 0.86109698 0.76164103
vt 0.86643797 0.76164103
vt 0.86643797 0.76396501
vt 0.88052499 0.76396501
vt 0.88052499 0.76164103
vt 0.87130398 0.76164103
vt 0.87130398 0.76396501
vt 0.87591302 0.76164103
vt 0.87591302 0.76396501
vt 0.86674398 0.76528102
vt 0.86674398 0.76761001
vt 0.86139399 0.76761001
vt 0.86139399 0.76528102
vt 0.88574100 0.76761001
vt 0.88574100 0.76528102
vt 0.87161499 0.76528102
vt 0.87161499 0.76761001
vt 0.88085300 0.76761001
vt 0.88085300 0.76528102
vt 0.87622899 0.76761001
vt 0.87622899 0.76528102
vt 0.66538602 0.78624099
vt 0.66538602 0.74913502
vt 0.67152703 0.74913502
vt 0.67152703 0.78624099
vt 0.67567402 0.74913502
vt 0.67567402 0.78624099
vt 0.67982203 0.74913502
vt 0.67982203 0.78624099
vt 0.68596399 0.74913502
vt 0.68596399 0.78624099
vt 0.69266099 0.74913502
vt 0.69266099 0.78624099
vt 0.69783801 0.74913502
vt 0.69783801 0.78624099
vt 0.70149899 0.74913502
vt 0.70149899 0.78624099
vt 0.65351099 0.78624099
vt 0.65351099 0.74913502
vt 0.65868902 0.74913502
vt 0.65868902 0.78624099
vt 0.71596700 0.99199301
vt 0.71511102 0.89146799
vt 0.74198699 0.89751101
vt 0.74284297 0.99803603
vt 0.90032500 0.99166501
vt 0.87355202 0.99814802
vt 0.87275898 0.89762300
vt 0.89953202 0.89113998
vt 0.72020000 0.88976598
vt 0.73811698 0.89379400
vt 0.72504598 0.88914502
vt 0.73400402 0.89116102
vt 0.72964799 0.88961101
vt 0.87656802 0.89384300
vt 0.89441597 0.88952100
vt 0.88063800 0.89114201
vt 0.88956100 0.88897997
vt 0.88496798 0.88952202
vt 0.80386800 0.79045099
vt 0.83072799 0.78434199
vt 0.83012199 0.88486701
vt 0.80326200 0.89097703
vt 0.77514899 0.89802098
vt 0.77532101 0.99854797
vt 0.74848801 0.99232298
vt 0.74831498 0.89179498
vt 0.82563603 0.78265101
vt 0.80772901 0.78672397
vt 0.82078898 0.78204399
vt 0.81183600 0.78408098
vt 0.81618899 0.78252000
vt 0.77130502 0.89427698
vt 0.75341499 0.89012700
vt 0.76721001 0.89161497
vt 0.75826502 0.88954002
vt 0.76286298 0.89003700
vt 0.86272597 0.77624202
vt 0.76113498 0.77624202
vt 0.76113498 0.77391702
vt 0.86272597 0.77391702
vt 0.99173099 0.77624202
vt 0.89238501 0.77624202
vt 0.89238501 0.77391702
vt 0.99173099 0.77391702
vt 0.89116001 0.75814801
vt 0.99173099 0.75814801
vt 0.99173099 0.76047099
vt 0.89116001 0.76047099
vt 0.76113498 0.75814801
vt 0.86149901 0.75814801
vt 0.86149901 0.76047099
vt 0.76113498 0.76047099
vt 0.86811697 0.77624202
vt 0.86811697 0.77391702
vt 0.89238501 0.77624202
vt 0.88706100 0.77624202
vt 0.88706100 0.77391702
vt 0.89238501 0.77391702
vt 0.87300700 0.77624202
vt 0.87300700 0.77391702
vt 0.88221502 0.77624202
vt 0.88221502 0.77391702
vt 0.87761801 0.77624202
vt 0.87761801 0.77391702
vt 0.88581401 0.75814801
vt 0.89116001 0.75814801
vt 0.89116001 0.76047099
vt 0.88581401 0.76047099
vt 0.86685699 0.75814801
vt 0.86685699 0.76047099
vt 0.88094902 0.75814801
vt 0.88094902 0.76047099
vt 0.87173003 0.75814801
vt 0.87173003 0.76047099
vt 0.87634200 0.75814801
vt 0.87634200 0.76047099
vt 0.73834902 0.78620702
vt 0.73220700 0.78620702
vt 0.73220700 0.74910098
vt 0.73834902 0.74910098
vt 0.72806001 0.78620702
vt 0.72806001 0.74910098
vt 0.72391200 0.78620702
vt 0.72391200 0.74910098
vt 0.71776998 0.78620702
vt 0.71776998 0.74910098
vt 0.71107298 0.78620702
vt 0.71107298 0.74910098
vt 0.70589602 0.78620702
vt 0.70589602 0.74910098
vt 0.75388402 0.78620702
vt 0.75022203 0.78620702
vt 0.75022203 0.74910098
vt 0.75388402 0.74910098
vt 0.74504501 0.78620702
vt 0.74504501 0.74910098
vt 0.62623399 0.06135100
vt 0.62328398 0.06135100
vt 0.62328398 0.03969300
vt 0.62623399 0.03969300
vt 0.63092798 0.06135100
vt 0.63092798 0.03969300
vt 0.63562202 0.06135100
vt 0.63562202 0.03969300
vt 0.63857198 0.06135200
vt 0.63857198 0.03969300
vt 0.64152199 0.06135200
vt 0.64152199 0.03969300
vt 0.64621598 0.06135200
vt 0.64621598 0.03969300
vt 0.65091002 0.06135200
vt 0.65091002 0.03969300
vt 0.65385997 0.03969300
vt 0.65385997 0.06135200
vt 0.69680601 0.09086500
vt 0.69682002 0.09243700
vt 0.68418401 0.09255100
vt 0.68417001 0.09098000
vt 0.69683498 0.09400800
vt 0.68419802 0.09412300
vt 0.69672102 0.08143800
vt 0.69673502 0.08300900
vt 0.68409902 0.08312300
vt 0.68408400 0.08155200
vt 0.69674897 0.08458000
vt 0.68411303 0.08469500
vt 0.69676399 0.08615200
vt 0.68412697 0.08626600
vt 0.69677800 0.08772300
vt 0.68414098 0.08783800
vt 0.69679201 0.08929400
vt 0.68415600 0.08940900
vt 0.68962699 0.07649400
vt 0.68961298 0.07806500
vt 0.67697698 0.07795100
vt 0.67699099 0.07638000
vt 0.68959898 0.07963700
vt 0.67696202 0.07952200
vt 0.68971199 0.06706600
vt 0.68969798 0.06863700
vt 0.67706102 0.06852300
vt 0.67707598 0.06695200
vt 0.68968397 0.07020900
vt 0.67704701 0.07009500
vt 0.68967003 0.07178000
vt 0.67703301 0.07166600
vt 0.68965501 0.07335100
vt 0.67701900 0.07323700
vt 0.68964100 0.07492300
vt 0.67700499 0.07480900
vt 0.64547598 0.06719600
vt 0.64547598 0.08885400
vt 0.64252597 0.08885400
vt 0.64252597 0.06719600
vt 0.65017003 0.06719600
vt 0.65017003 0.08885400
vt 0.65486401 0.06719600
vt 0.65486401 0.08885400
vt 0.65781403 0.06719600
vt 0.65781403 0.08885400
vt 0.66076398 0.06719600
vt 0.66076499 0.08885400
vt 0.66545802 0.06719600
vt 0.66545802 0.08885400
vt 0.67015201 0.06719600
vt 0.67015201 0.08885400
vt 0.67310202 0.06719600
vt 0.67310202 0.08885400
vt 0.63578898 0.08843500
vt 0.63253403 0.08842700
vt 0.63254797 0.08800000
vt 0.63580197 0.08806000
vt 0.63256103 0.08758700
vt 0.63581502 0.08766600
vt 0.63596100 0.09061200
vt 0.63273197 0.09102700
vt 0.63267702 0.09061800
vt 0.63590699 0.09022100
vt 0.63262099 0.09019400
vt 0.63585699 0.08985000
vt 0.63257402 0.08975700
vt 0.63581800 0.08949300
vt 0.63254303 0.08931100
vt 0.63579297 0.08914500
vt 0.63253099 0.08886600
vt 0.63578397 0.08879500
vt 0.63629401 0.08037000
vt 0.63303900 0.08036200
vt 0.63305199 0.07993500
vt 0.63630599 0.07999500
vt 0.63306499 0.07952300
vt 0.63631898 0.07960100
vt 0.63646501 0.08254700
vt 0.63323700 0.08296200
vt 0.63318098 0.08255300
vt 0.63641202 0.08215600
vt 0.63312501 0.08212900
vt 0.63636202 0.08178500
vt 0.63307798 0.08169200
vt 0.63632202 0.08142900
vt 0.63304698 0.08124700
vt 0.63629699 0.08108000
vt 0.63303500 0.08080100
vt 0.63628900 0.08073000
f 1/1 2/2 3/3
f 3/3 4/4 1/1
f 5/5 6/6 7/7
f 7/7 8/8 5/5
f 9/9 10/10 11/11
f 9/9 11/11 12/12
f 9/9 12/12 13/13
f 14/14 15/15 16/16
f 16/16 17/17 14/14
f 18/18 7/7 6/6
f 19/19 20/20 21/21
f 22/22 19/19 21/21
f 22/22 21/21 23/23
f 24/24 25/25 26/26
f 26/26 27/27 24/24
f 28/28 18/18 6/6
f 29/29 30/30 31/31
f 32/32 33/33 34/34
f 34/34 35/35 32/32
f 36/36 3/3 2/2
f 2/2 37/37 36/36
f 38/38 39/39 40/40
f 40/40 41/41 38/38
f 42/42 43/43 44/44
f 44/44 45/45 42/42
f 46/46 47/47 48/48
f 48/48 49/49 46/46
f 50/50 51/51 52/52
f 52/52 53/53 50/50
f 54/54 26/26 25/25
f 25/25 55/55 54/54
f 4/4 56/56 57/57
f 57/57 1/1 4/4
f 58/58 36/36 37/37
f 37/37 59/59 58/58
f 13/13 60/60 61/61
f 61/61 9/9 13/13
f 17/17 62/62 63/63
f 63/63 14/14 17/17
f 23/23 64/64 65/65
f 65/65 22/22 23/23
f 27/27 66/66 67/67
f 67/67 24/24 27/27
f 68/68 54/54 55/55
f 55/55 69/69 68/68
f 70/70 71/71 72/72
f 72/72 73/73 70/70
f 74/74 70/70 73/73
f 73/73 75/75 74/74
f 28/28 74/74 75/75
f 76/76 77/77 78/78
f 76/76 78/78 79/79
f 76/76 79/79 30/30
f 29/29 76/76 30/30
f 75/75 18/18 28/28
f 80/80 81/81 82/82
f 82/82 83/83 80/80
f 84/84 85/85 86/86
f 86/86 87/87 84/84
f 85/85 88/88 89/89
f 89/89 86/86 85/85
f 90/90 91/91 92/92
f 92/92 93/93 90/90
f 94/94 90/90 93/93
f 93/93 95/95 94/94
f 96/96 97/97 98/98
f 98/98 99/99 96/96
f 99/99 98/98 100/100
f 100/100 101/101 99/99
f 102/102 103/103 104/104
f 104/104 105/105 102/102
f 5/5 106/106 107/107
f 107/107 6/6 5/5
f 108/108 109/109 110/110
f 108/108 110/110 111/111
f 108/108 111/111 112/112
f 113/113 114/114 115/115
f 115/115 116/116 113/113
f 6/6 107/107 117/117
f 118/118 119/119 120/120
f 120/120 121/121 122/122
f 118/118 120/120 122/122
f 123/123 124/124 125/125
f 125/125 126/126 123/123
f 127/127 29/29 31/31
f 39/39 128/128 129/129
f 129/129 40/40 39/39
f 130/130 131/131 132/132
f 132/132 133/133 130/130
f 47/47 134/134 135/135
f 135/135 48/48 47/47
f 51/51 136/136 137/137
f 137/137 52/52 51/51
f 138/138 139/139 140/140
f 140/140 141/141 138/138
f 142/142 143/143 105/105
f 105/105 104/104 142/142
f 144/144 145/145 129/129
f 129/129 128/128 144/144
f 146/146 147/147 148/148
f 148/148 149/149 146/146
f 150/150 151/151 135/135
f 135/135 134/134 150/150
f 152/152 153/153 137/137
f 137/137 136/136 152/152
f 154/154 155/155 126/126
f 126/126 125/125 154/154
f 103/103 102/102 156/156
f 156/156 157/157 103/103
f 158/158 159/159 143/143
f 143/143 142/142 158/158
f 109/109 108/108 160/160
f 160/160 161/161 109/109
f 114/114 113/113 162/162
f 162/162 163/163 114/114
f 119/119 118/118 164/164
f 164/164 165/165 119/119
f 124/124 123/123 166/166
f 166/166 167/167 124/124
f 168/168 169/169 155/155
f 155/155 154/154 168/168
f 170/170 171/171 172/172
f 172/172 173/173 170/170
f 174/174 175/175 171/171
f 171/171 170/170 174/174
f 175/175 174/174 176/176
f 177/177 178/178 179/179
f 180/180 177/177 179/179
f 181/181 180/180 179/179
f 181/181 179/179 127/127
f 6/6 117/117 175/175
f 175/175 176/176 6/6
f 31/31 181/181 127/127
f 140/140 34/34 33/33
f 33/33 141/141 140/140
f 182/182 183/183 184/184
f 184/184 185/185 182/182
f 186/186 187/187 188/188
f 188/188 189/189 186/186
f 189/189 188/188 190/190
f 190/190 191/191 189/189
f 192/192 193/193 194/194
f 194/194 195/195 192/192
f 196/196 197/197 193/193
f 193/193 192/192 196/196
f 198/198 199/199 200/200
f 200/200 201/201 198/198
f 199/199 202/202 203/203
f 203/203 200/200 199/199
f 204/204 205/205 206/206
f 206/206 207/207 204/204
f 208/208 209/209 210/210
f 210/210 211/211 208/208
f 212/212 213/213 214/214
f 214/214 215/215 212/212
f 216/216 217/217 218/218
f 218/218 219/219 216/216
f 220/220 221/221 222/222
f 222/222 223/223 220/220
f 224/224 225/225 226/226
f 226/226 227/227 224/224
f 228/228 229/229 230/230
f 230/230 231/231 228/228
f 232/232 233/233 234/234
f 234/234 235/235 232/232
f 236/236 237/237 238/238
f 238/238 239/239 236/236
f 240/240 241/241 242/242
f 242/242 243/243 240/240
f 244/244 245/245 246/246
f 246/246 247/247 244/244
f 248/248 249/249 250/250
f 250/250 251/251 248/248
f 252/252 253/253 254/254
f 254/254 255/255 252/252
f 256/256 257/257 258/258
f 258/258 259/259 256/256
f 260/260 261/261 262/262
f 262/262 263/263 260/260
f 264/264 265/265 266/266
f 266/266 267/267 264/264
f 268/268 269/269 270/270
f 270/270 271/271 268/268
f 272/272 210/210 209/209
f 209/209 273/273 272/272
f 274/274 208/208 211/211
f 211/211 275/275 274/274
f 276/276 214/214 213/213
f 213/213 277/277 276/276
f 278/278 218/218 217/217
f 217/217 279/279 278/278
f 280/280 238/238 237/237
f 237/237 281/281 280/280
f 282/282 226/226 225/225
f 225/225 283/283 282/282
f 284/284 234/234 233/233
f 233/233 285/285 284/284
f 286/286 230/230 229/229
f 229/229 287/287 286/286
f 288/288 254/254 253/253
f 253/253 289/289 288/288
f 290/290 242/242 241/241
f 241/241 291/291 290/290
f 292/292 250/250 249/249
f 249/249 293/293 292/292
f 294/294 246/246 245/245
f 245/245 295/295 294/294
f 296/296 270/270 269/269
f 269/269 297/297 296/296
f 298/298 258/258 257/257
f 257/257 299/299 298/298
f 300/300 266/266 265/265
f 265/265 301/301 300/300
f 302/302 262/262 261/261
f 261/261 303/303 302/302
f 215/215 304/304 305/305
f 305/305 212/212 215/215
f 221/221 306/306 307/307
f 307/307 222/222 221/221
f 219/219 308/308 309/309
f 309/309 216/216 219/219
f 223/223 310/310 311/311
f 311/311 220/220 223/223
f 227/227 312/312 313/313
f 313/313 224/224 227/227
f 231/231 314/314 315/315
f 315/315 228/228 231/231
f 239/239 316/316 317/317
f 317/317 236/236 239/239
f 235/235 318/318 319/319
f 319/319 232/232 235/235
f 243/243 320/320 321/321
f 321/321 240/240 243/243
f 247/247 322/322 323/323
f 323/323 244/244 247/247
f 255/255 324/324 325/325
f 325/325 252/252 255/255
f 251/251 326/326 327/327
f 327/327 248/248 251/251
f 259/259 328/328 329/329
f 329/329 256/256 259/259
f 263/263 330/330 331/331
f 331/331 260/260 263/263
f 271/271 332/332 333/333
f 333/333 268/268 271/271
f 267/267 334/334 335/335
f 335/335 264/264 267/267
f 336/336 337/337 204/204
f 204/204 207/207 336/336
f 338/338 339/339 337/337
f 337/337 336/336 338/338
f 340/340 341/341 206/206
f 206/206 205/205 340/340
f 342/342 343/343 341/341
f 341/341 340/340 342/342
f 344/344 345/345 346/346
f 347/347 348/348 349/349
f 349/349 350/350 347/347
f 351/351 352/352 353/353
f 354/354 355/355 356/356
f 357/357 358/358 359/359
f 359/359 360/360 357/357
f 361/361 362/362 363/363
f 364/364 365/365 366/366
f 367/367 368/368 369/369
f 369/369 370/370 367/367
f 371/371 372/372 373/373
f 374/374 375/375 376/376
f 377/377 378/378 379/379
f 379/379 380/380 377/377
f 381/381 382/382 383/383
f 384/384 385/385 386/386
f 387/387 388/388 389/389
f 389/389 390/390 387/387
f 391/391 392/392 393/393
f 394/394 395/395 396/396
f 396/396 397/397 394/394
f 398/398 399/399 400/400
f 401/401 402/402 403/403
f 404/404 405/405 406/406
f 406/406 407/407 404/404
f 408/408 409/409 410/410
f 411/411 412/412 413/413
f 414/414 415/415 416/416
f 416/416 417/417 414/414
f 418/418 419/419 420/420
f 421/421 422/422 423/423
f 424/424 425/425 426/426
f 426/426 427/427 424/424
f 428/428 429/429 430/430
f 431/431 432/432 433/433
f 434/434 435/435 436/436
f 437/437 438/438 439/439
f 439/439 440/440 437/437
f 441/441 442/442 443/443
f 444/444 445/445 446/446
f 447/447 448/448 449/449
f 449/449 450/450 447/447
f 451/451 452/452 453/453
f 454/454 455/455 456/456
f 457/457 458/458 459/459
f 459/459 460/460 457/457
f 461/461 462/462 463/463
f 464/464 465/465 466/466
f 467/467 468/468 469/469
f 469/469 470/470 467/467
f 471/471 472/472 473/473
f 474/474 475/475 476/476
f 477/477 478/478 479/479
f 479/479 480/480 477/477
f 481/481 482/482 483/483
f 484/484 485/485 486/486
f 486/486 487/487 484/484
f 488/488 489/489 490/490
f 491/491 492/492 493/493
f 494/494 495/495 496/496
f 496/496 497/497 494/494
f 498/498 499/499 500/500
f 501/501 502/502 503/503
f 504/504 505/505 506/506
f 506/506 507/507 504/504
f 508/508 509/509 510/510
f 511/511 512/512 513/513
f 514/514 515/515 516/516
f 516/516 517/517 514/514
f 518/518 519/519 520/520
f 521/521 522/522 523/523
f 524/524 525/525 526/526
f 527/527 528/528 529/529
f 529/529 530/530 527/527
f 531/531 532/532 533/533
f 534/534 535/535 536/536
f 537/537 538/538 539/539
f 539/539 540/540 537/537
f 541/541 542/542 543/543
f 544/544 545/545 546/546
f 547/547 548/548 549/549
f 549/549 550/550 547/547
f 551/551 552/552 553/553
f 554/554 555/555 556/556
f 557/557 558/558 559/559
f 559/559 560/560 557/557
f 561/561 562/562 563/563
f 564/564 565/565 566/566
f 567/567 568/568 569/569
f 569/569 570/570 567/567
f 571/571 572/572 573/573
f 574/574 575/575 576/576
f 577/577 578/578 579/579
f 579/579 580/580 577/577
f 581/581 582/582 583/583
f 584/584 585/585 586/586
f 586/586 587/587 584/584
f 585/585 588/588 589/589
f 589/589 586/586 585/585
f 588/588 590/590 591/591
f 591/591 589/589 588/588
f 590/590 592/592 593/593
f 593/593 591/591 590/590
f 592/592 594/594 595/595
f 595/595 593/593 592/592
f 596/596 597/597 598/598
f 598/598 599/599 596/596
f 597/597 600/600 601/601
f 601/601 598/598 597/597
f 600/600 602/602 603/603
f 603/603 601/601 600/600
f 602/602 604/604 605/605
f 605/605 603/603 602/602
f 604/604 606/606 607/607
f 607/607 605/605 604/604
f 606/606 608/608 609/609
f 609/609 607/607 606/606
f 608/608 610/610 611/611
f 611/611 609/609 608/608
f 610/610 612/612 613/613
f 613/613 611/611 610/610
f 612/612 614/614 615/615
f 615/615 613/613 612/612
f 614/614 616/616 617/617
f 617/617 615/615 614/614
f 616/616 618/618 619/619
f 619/619 617/617 616/616
f 618/618 620/620 621/621
f 621/621 619/619 618/618
f 620/620 584/584 587/587
f 587/587 621/621 620/620
f 622/622 623/623 624/624
f 624/624 625/625 622/622
f 625/625 624/624 626/626
f 626/626 627/627 625/625
f 627/627 626/626 628/628
f 628/628 629/629 627/627
f 629/629 628/628 630/630
f 630/630 631/631 629/629
f 631/631 630/630 632/632
f 632/632 633/633 631/631
f 633/633 632/632 634/634
f 634/634 635/635 633/633
f 635/635 634/634 636/636
f 636/636 637/637 635/635
f 637/637 636/636 638/638
f 638/638 639/639 637/637
f 640/640 641/641 642/642
f 642/642 643/643 640/640
f 643/643 642/642 644/644
f 644/644 645/645 643/643
f 645/645 644/644 646/646
f 646/646 647/647 645/645
f 647/647 646/646 648/648
f 648/648 649/649 647/647
f 649/649 648/648 650/650
f 650/650 651/651 649/649
f 651/651 650/650 652/652
f 652/652 653/653 651/651
f 653/653 652/652 654/654
f 654/654 655/655 653/653
f 655/655 654/654 656/656
f 656/656 657/657 655/655
f 658/658 659/659 660/660
f 660/660 661/661 658/658
f 661/661 660/660 662/662
f 662/662 663/663 661/661
f 663/663 662/662 664/664
f 664/664 665/665 663/663
f 665/665 664/664 666/666
f 666/666 667/667 665/665
f 668/668 669/669 670/670
f 670/670 671/671 668/668
f 671/671 670/670 672/672
f 672/672 673/673 671/671
f 673/673 672/672 674/674
f 674/674 675/675 673/673
f 675/675 674/674 676/676
f 676/676 677/677 675/675
f 677/677 676/676 678/678
f 678/678 679/679 677/677
f 679/679 678/678 680/680
f 680/680 681/681 679/679
f 681/681 680/680 682/682
f 682/682 683/683 681/681
f 683/683 682/682 684/684
f 684/684 685/685 683/683
f 685/685 684/684 686/686
f 686/686 687/687 685/685
f 687/687 686/686 688/688
f 688/688 689/689 687/687
f 689/689 688/688 690/690
f 690/690 691/691 689/689
f 691/691 690/690 692/692
f 692/692 693/693 691/691
f 693/693 692/692 694/694
f 694/694 695/695 693/693
f 695/695 694/694 659/659
f 659/659 658/658 695/695
f 696/696 697/697 698/698
f 698/698 699/699 696/696
f 697/697 700/700 701/701
f 701/701 698/698 697/697
f 700/700 702/702 703/703
f 703/703 701/701 700/700
f 702/702 704/704 705/705
f 705/705 703/703 702/702
f 704/704 706/706 707/707
f 707/707 705/705 704/704
f 706/706 708/708 709/709
f 709/709 707/707 706/706
f 708/708 710/710 711/711
f 711/711 709/709 708/708
f 710/710 712/712 713/713
f 713/713 711/711 710/710
f 714/714 715/715 716/716
f 716/716 717/717 714/714
f 715/715 718/718 719/719
f 719/719 716/716 715/715
f 718/718 720/720 721/721
f 721/721 719/719 718/718
f 720/720 722/722 723/723
f 723/723 721/721 720/720
f 722/722 724/724 725/725
f 725/725 723/723 722/722
f 724/724 726/726 727/727
f 727/727 725/725 724/724
f 726/726 728/728 729/729
f 729/729 727/727 726/726
f 728/728 730/730 731/731
f 731/731 729/729 728/728
f 732/732 733/733 734/734
f 734/734 735/735 732/732
f 735/735 734/734 736/736
f 736/736 737/737 735/735
f 737/737 736/736 738/738
f 738/738 739/739 737/737
f 739/739 738/738 740/740
f 740/740 741/741 739/739
f 741/741 740/740 742/742
f 742/742 743/743 741/741
f 744/744 745/745 746/746
f 746/746 747/747 744/744
f 747/747 746/746 748/748
f 748/748 749/749 747/747
f 749/749 748/748 750/750
f 750/750 751/751 749/749
f 751/751 750/750 752/752
f 752/752 753/753 751/751
f 753/753 752/752 754/754
f 754/754 755/755 753/753
f 755/755 754/754 756/756
f 756/756 757/757 755/755
f 757/757 756/756 758/758
f 758/758 759/759 757/757
f 759/759 758/758 760/760
f 760/760 761/761 759/759
f 761/761 760/760 762/762
f 762/762 763/763 761/761
f 763/763 762/762 764/764
f 764/764 765/765 763/763
f 765/765 764/764 766/766
f 766/766 767/767 765/765
f 767/767 766/766 768/768
f 768/768 769/769 767/767
f 769/769 768/768 733/733
f 733/733 732/732 769/769
f 770/770 771/771 772/772
f 772/772 773/773 770/770
f 771/771 774/774 775/775
f 775/775 772/772 771/771
f 774/774 776/776 777/777
f 777/777 775/775 774/774
f 776/776 778/778 779/779
f 779/779 777/777 776/776
f 778/778 780/780 781/781
f 781/781 779/779 778/778
f 780/780 782/782 783/783
f 783/783 781/781 780/780
f 782/782 784/784 785/785
f 785/785 783/783 782/782
f 784/784 786/786 787/787
f 787/787 785/785 784/784
f 788/788 789/789 790/790
f 790/790 791/791 788/788
f 789/789 792/792 793/793
f 793/793 790/790 789/789
f 792/792 794/794 795/795
f 795/795 793/793 792/792
f 794/794 796/796 797/797
f 797/797 795/795 794/794
f 796/796 798/798 799/799
f 799/799 797/797 796/796
f 798/798 800/800 801/801
f 801/801 799/799 798/798
f 800/800 802/802 803/803
f 803/803 801/801 800/800
f 802/802 804/804 805/805
f 805/805 803/803 802/802
f 806/806 807/807 808/808
f 808/808 809/809 806/806
f 807/807 810/810 811/811
f 811/811 808/808 807/807
f 810/810 812/812 813/813
f 813/813 811/811 810/810
f 812/812 814/814 815/815
f 815/815 813/813 812/812
f 816/816 817/817 818/818
f 818/818 819/819 816/816
f 817/817 820/820 821/821
f 821/821 818/818 817/817
f 820/820 822/822 823/823
f 823/823 821/821 820/820
f 822/822 824/824 825/825
f 825/825 823/823 822/822
f 824/824 826/826 827/827
f 827/827 825/825 824/824
f 826/826 828/828 829/829
f 829/829 827/827 826/826
f 828/828 830/830 831/831
f 831/831 829/829 828/828
f 830/830 832/832 833/833
f 833/833 831/831 830/830
f 832/832 834/834 835/835
f 835/835 833/833 832/832
f 834/834 836/836 837/837
f 837/837 835/835 834/834
f 836/836 838/838 839/839
f 839/839 837/837 836/836
f 838/838 840/840 841/841
f 841/841 839/839 838/838
f 840/840 842/842 843/843
f 843/843 841/841 840/840
f 842/842 806/806 809/809
f 809/809 843/843 842/842
f 844/844 845/845 846/846
f 846/846 847/847 844/844
f 847/847 846/846 848/848
f 848/848 849/849 847/847
f 849/849 848/848 850/850
f 850/850 851/851 849/849
f 851/851 850/850 852/852
f 852/852 853/853 851/851
f 853/853 852/852 854/854
f 854/854 855/855 853/853
f 855/855 854/854 856/856
f 856/856 857/857 855/855
f 857/857 856/856 858/858
f 858/858 859/859 857/857
f 859/859 858/858 860/860
f 860/860 861/861 859/859
f 862/862 863/863 864/864
f 864/864 865/865 862/862
f 865/865 864/864 866/866
f 866/866 867/867 865/865
f 867/867 866/866 868/868
f 868/868 869/869 867/867
f 869/869 868/868 870/870
f 870/870 871/871 869/869
f 871/871 870/870 872/872
f 872/872 873/873 871/871
f 873/873 872/872 874/874
f 874/874 875/875 873/873
f 875/875 874/874 876/876
f 876/876 877/877 875/875
f 877/877 876/876 878/878
f 878/878 879/879 877/877
f 880/880 881/881 882/882
f 882/882 883/883 880/880
f 884/884 885/885 886/886
f 886/886 887/887 884/884
f 882/882 881/881 888/888
f 888/888 889/889 882/882
f 889/889 888/888 890/890
f 890/890 891/891 889/889
f 890/890 892/892 891/891
f 887/887 886/886 893/893
f 893/893 894/894 887/887
f 894/894 893/893 895/895
f 895/895 896/896 894/894
f 895/895 897/897 896/896
f 898/898 899/899 900/900
f 900/900 901/901 898/898
f 902/902 903/903 904/904
f 904/904 905/905 902/902
f 906/906 899/899 898/898
f 898/898 907/907 906/906
f 908/908 906/906 907/907
f 907/907 909/909 908/908
f 909/909 910/910 908/908
f 911/911 902/902 905/905
f 905/905 912/912 911/911
f 913/913 911/911 912/912
f 912/912 914/914 913/913
f 914/914 915/915 913/913
f 916/916 917/917 918/918
f 918/918 919/919 916/916
f 920/920 921/921 922/922
f 922/922 923/923 920/920
f 924/924 925/925 926/926
f 926/926 927/927 924/924
f 928/928 929/929 930/930
f 930/930 931/931 928/928
f 932/932 916/916 919/919
f 919/919 933/933 932/932
f 934/934 935/935 936/936
f 936/936 937/937 934/934
f 938/938 932/932 933/933
f 933/933 939/939 938/938
f 935/935 940/940 941/941
f 941/941 936/936 935/935
f 940/940 942/942 943/943
f 943/943 941/941 940/940
f 942/942 938/938 939/939
f 939/939 943/943 942/942
f 944/944 945/945 946/946
f 946/946 947/947 944/944
f 929/929 948/948 949/949
f 949/949 930/930 929/929
f 950/950 944/944 947/947
f 947/947 951/951 950/950
f 948/948 952/952 953/953
f 953/953 949/949 948/948
f 952/952 954/954 955/955
f 955/955 953/953 952/952
f 954/954 950/950 951/951
f 951/951 955/955 954/954
f 956/956 957/957 958/958
f 958/958 959/959 956/956
f 957/957 960/960 961/961
f 961/961 958/958 957/957
f 960/960 962/962 963/963
f 963/963 961/961 960/960
f 962/962 964/964 965/965
f 965/965 963/963 962/962
f 964/964 966/966 967/967
f 967/967 965/965 964/964
f 966/966 968/968 969/969
f 969/969 967/967 966/966
f 968/968 970/970 971/971
f 971/971 969/969 968/968
f 972/972 973/973 974/974
f 974/974 975/975 972/972
f 973/973 956/956 959/959
f 959/959 974/974 973/973
f 976/976 977/977 978/978
f 978/978 979/979 976/976
f 980/980 981/981 982/982
f 982/982 983/983 980/980
f 978/978 984/984 985/985
f 985/985 979/979 978/978
f 984/984 986/986 987/987
f 987/987 985/985 984/984
f 987/987 986/986 988/988
f 981/981 989/989 990/990
f 990/990 982/982 981/981
f 989/989 991/991 992/992
f 992/992 990/990 989/989
f 992/992 991/991 993/993
f 994/994 995/995 996/996
f 996/996 997/997 994/994
f 998/998 999/999 1000/1000
f 1000/1000 1001/1001 998/998
f 1002/1002 1003/1003 994/994
f 994/994 997/997 1002/1002
f 1004/1004 1005/1005 1003/1003
f 1003/1003 1002/1002 1004/1004
f 1005/1005 1004/1004 1006/1006
f 1007/1007 1008/1008 999/999
f 999/999 998/998 1007/1007
f 1009/1009 1010/1010 1008/1008
f 1008/1008 1007/1007 1009/1009
f 1010/1010 1009/1009 1011/1011
f 1012/1012 1013/1013 1014/1014
f 1014/1014 1015/1015 1012/1012
f 1016/1016 1017/1017 1018/1018
f 1018/1018 1019/1019 1016/1016
f 1020/1020 1021/1021 1022/1022
f 1022/1022 1023/1023 1020/1020
f 1024/1024 1025/1025 1026/1026
f 1026/1026 1027/1027 1024/1024
f 1028/1028 1029/1029 1013/1013
f 1013/1013 1012/1012 1028/1028
f 1030/1030 1031/1031 1032/1032
f 1032/1032 1033/1033 1030/1030
f 1034/1034 1035/1035 1029/1029
f 1029/1029 1028/1028 1034/1034
f 1033/1033 1032/1032 1036/1036
f 1036/1036 1037/1037 1033/1033
f 1037/1037 1036/1036 1038/1038
f 1038/1038 1039/1039 1037/1037
f 1039/1039 1038/1038 1035/1035
f 1035/1035 1034/1034 1039/1039
f 1040/1040 1041/1041 1042/1042
f 1042/1042 1043/1043 1040/1040
f 1027/1027 1026/1026 1044/1044
f 1044/1044 1045/1045 1027/1027
f 1046/1046 1047/1047 1041/1041
f 1041/1041 1040/1040 1046/1046
f 1045/1045 1044/1044 1048/1048
f 1048/1048 1049/1049 1045/1045
f 1049/1049 1048/1048 1050/1050
f 1050/1050 1051/1051 1049/1049
f 1051/1051 1050/1050 1047/1047
f 1047/1047 1046/1046 1051/1051
f 1052/1052 1053/1053 1054/1054
f 1054/1054 1055/1055 1052/1052
f 1055/1055 1054/1054 1056/1056
f 1056/1056 1057/1057 1055/1055
f 1057/1057 1056/1056 1058/1058
f 1058/1058 1059/1059 1057/1057
f 1059/1059 1058/1058 1060/1060
f 1060/1060 1061/1061 1059/1059
f 1061/1061 1060/1060 1062/1062
f 1062/1062 1063/1063 1061/1061
f 1063/1063 1062/1062 1064/1064
f 1064/1064 1065/1065 1063/1063
f 1066/1066 1067/1067 1068/1068
f 1068/1068 1069/1069 1066/1066
f 1069/1069 1068/1068 1070/1070
f 1070/1070 1071/1071 1069/1069
f 1071/1071 1070/1070 1053/1053
f 1053/1053 1052/1052 1071/1071
f 1072/1072 1073/1073 1074/1074
f 1074/1074 1075/1075 1072/1072
f 1076/1076 1077/1077 1078/1078
f 1078/1078 1079/1079 1076/1076
f 1074/1074 1080/1080 1081/1081
f 1081/1081 1075/1075 1074/1074
f 1080/1080 1082/1082 1083/1083
f 1083/1083 1081/1081 1080/1080
f 1083/1083 1082/1082 1084/1084
f 1077/1077 1085/1085 1086/1086
f 1086/1086 1078/1078 1077/1077
f 1085/1085 1087/1087 1088/1088
f 1088/1088 1086/1086 1085/1085
f 1088/1088 1087/1087 1089/1089
f 1090/1090 1091/1091 1092/1092
f 1092/1092 1093/1093 1090/1090
f 1094/1094 1095/1095 1096/1096
f 1096/1096 1097/1097 1094/1094
f 1098/1098 1099/1099 1090/1090
f 1090/1090 1093/1093 1098/1098
f 1100/1100 1101/1101 1099/1099
f 1099/1099 1098/1098 1100/1100
f 1101/1101 1100/1100 1102/1102
f 1103/1103 1104/1104 1095/1095
f 1095/1095 1094/1094 1103/1103
f 1105/1105 1106/1106 1104/1104
f 1104/1104 1103/1103 1105/1105
f 1106/1106 1105/1105 1107/1107
f 1108/1108 1109/1109 1110/1110
f 1110/1110 1111/1111 1108/1108
f 1112/1112 1113/1113 1114/1114
f 1114/1114 1115/1115 1112/1112
f 1116/1116 1117/1117 1118/1118
f 1118/1118 1119/1119 1116/1116
f 1120/1120 1121/1121 1122/1122
f 1122/1122 1123/1123 1120/1120
f 1124/1124 1125/1125 1109/1109
f 1109/1109 1108/1108 1124/1124
f 1126/1126 1127/1127 1128/1128
f 1128/1128 1129/1129 1126/1126
f 1130/1130 1131/1131 1125/1125
f 1125/1125 1124/1124 1130/1130
f 1129/1129 1128/1128 1132/1132
f 1132/1132 1133/1133 1129/1129
f 1133/1133 1132/1132 1134/1134
f 1134/1134 1135/1135 1133/1133
f 1135/1135 1134/1134 1131/1131
f 1131/1131 1130/1130 1135/1135
f 1136/1136 1137/1137 1138/1138
f 1138/1138 1139/1139 1136/1136
f 1123/1123 1122/1122 1140/1140
f 1140/1140 1141/1141 1123/1123
f 1142/1142 1143/1143 1137/1137
f 1137/1137 1136/1136 1142/1142
f 1141/1141 1140/1140 1144/1144
f 1144/1144 1145/1145 1141/1141
f 1145/1145 1144/1144 1146/1146
f 1146/1146 1147/1147 1145/1145
f 1147/1147 1146/1146 1143/1143
f 1143/1143 1142/1142 1147/1147
f 1148/1148 1149/1149 1150/1150
f 1150/1150 1151/1151 1148/1148
f 1151/1151 1150/1150 1152/1152
f 1152/1152 1153/1153 1151/1151
f 1153/1153 1152/1152 1154/1154
f 1154/1154 1155/1155 1153/1153
f 1155/1155 1154/1154 1156/1156
f 1156/1156 1157/1157 1155/1155
f 1157/1157 1156/1156 1158/1158
f 1158/1158 1159/1159 1157/1157
f 1159/1159 1158/1158 1160/1160
f 1160/1160 1161/1161 1159/1159
f 1161/1161 1160/1160 1162/1162
f 1162/1162 1163/1163 1161/1161
f 1164/1164 1165/1165 1166/1166
f 1166/1166 1167/1167 1164/1164
f 1167/1167 1166/1166 1149/1149
f 1149/1149 1148/1148 1167/1167
f 1168/1168 1169/1169 1170/1170
f 1170/1170 1171/1171 1168/1168
f 1172/1172 1173/1173 1174/1174
f 1174/1174 1175/1175 1172/1172
f 1170/1170 1169/1169 1176/1176
f 1176/1176 1177/1177 1170/1170
f 1177/1177 1176/1176 1178/1178
f 1178/1178 1179/1179 1177/1177
f 1178/1178 1180/1180 1179/1179
f 1175/1175 1174/1174 1181/1181
f 1181/1181 1182/1182 1175/1175
f 1182/1182 1181/1181 1183/1183
f 1183/1183 1184/1184 1182/1182
f 1183/1183 1185/1185 1184/1184
f 1186/1186 1187/1187 1188/1188
f 1188/1188 1189/1189 1186/1186
f 1190/1190 1191/1191 1192/1192
f 1192/1192 1193/1193 1190/1190
f 1194/1194 1187/1187 1186/1186
f 1186/1186 1195/1195 1194/1194
f 1196/1196 1194/1194 1195/1195
f 1195/1195 1197/1197 1196/1196
f 1197/1197 1198/1198 1196/1196
f 1199/1199 1190/1190 1193/1193
f 1193/1193 1200/1200 1199/1199
f 1201/1201 1199/1199 1200/1200
f 1200/1200 1202/1202 1201/1201
f 1202/1202 1203/1203 1201/1201
f 1204/1204 1205/1205 1206/1206
f 1206/1206 1207/1207 1204/1204
f 1208/1208 1209/1209 1210/1210
f 1210/1210 1211/1211 1208/1208
f 1212/1212 1213/1213 1214/1214
f 1214/1214 1215/1215 1212/1212
f 1216/1216 1217/1217 1218/1218
f 1218/1218 1219/1219 1216/1216
f 1220/1220 1204/1204 1207/1207
f 1207/1207 1221/1221 1220/1220
f 1222/1222 1223/1223 1224/1224
f 1224/1224 1225/1225 1222/1222
f 1226/1226 1220/1220 1221/1221
f 1221/1221 1227/1227 1226/1226
f 1223/1223 1228/1228 1229/1229
f 1229/1229 1224/1224 1223/1223
f 1228/1228 1230/1230 1231/1231
f 1231/1231 1229/1229 1228/1228
f 1230/1230 1226/1226 1227/1227
f 1227/1227 1231/1231 1230/1230
f 1232/1232 1233/1233 1234/1234
f 1234/1234 1235/1235 1232/1232
f 1217/1217 1236/1236 1237/1237
f 1237/1237 1218/1218 1217/1217
f 1238/1238 1232/1232 1235/1235
f 1235/1235 1239/1239 1238/1238
f 1236/1236 1240/1240 1241/1241
f 1241/1241 1237/1237 1236/1236
f 1240/1240 1242/1242 1243/1243
f 1243/1243 1241/1241 1240/1240
f 1242/1242 1238/1238 1239/1239
f 1239/1239 1243/1243 1242/1242
f 1244/1244 1245/1245 1246/1246
f 1246/1246 1247/1247 1244/1244
f 1245/1245 1248/1248 1249/1249
f 1249/1249 1246/1246 1245/1245
f 1248/1248 1250/1250 1251/1251
f 1251/1251 1249/1249 1248/1248
f 1250/1250 1252/1252 1253/1253
f 1253/1253 1251/1251 1250/1250
f 1252/1252 1254/1254 1255/1255
f 1255/1255 1253/1253 1252/1252
f 1254/1254 1256/1256 1257/1257
f 1257/1257 1255/1255 1254/1254
f 1258/1258 1259/1259 1260/1260
f 1260/1260 1261/1261 1258/1258
f 1259/1259 1262/1262 1263/1263
f 1263/1263 1260/1260 1259/1259
f 1262/1262 1244/1244 1247/1247
f 1247/1247 1263/1263 1262/1262
f 1264/1264 1265/1265 1266/1266
f 1266/1266 1267/1267 1264/1264
f 1268/1268 1264/1264 1267/1267
f 1267/1267 1269/1269 1268/1268
f 1270/1270 1268/1268 1269/1269
f 1269/1269 1271/1271 1270/1270
f 1272/1272 1270/1270 1271/1271
f 1271/1271 1273/1273 1272/1272
f 1274/1274 1272/1272 1273/1273
f 1273/1273 1275/1275 1274/1274
f 1276/1276 1274/1274 1275/1275
f 1275/1275 1277/1277 1276/1276
f 1278/1278 1276/1276 1277/1277
f 1277/1277 1279/1279 1278/1278
f 1278/1278 1279/1279 1280/1280
f 1280/1280 1281/1281 1278/1278
f 1282/1282 1283/1283 1284/1284
f 1284/1284 1285/1285 1282/1282
f 1283/1283 1286/1286 1287/1287
f 1287/1287 1284/1284 1283/1283
f 1288/1288 1289/1289 1290/1290
f 1290/1290 1291/1291 1288/1288
f 1289/1289 1292/1292 1293/1293
f 1293/1293 1290/1290 1289/1289
f 1292/1292 1294/1294 1295/1295
f 1295/1295 1293/1293 1292/1292
f 1294/1294 1296/1296 1297/1297
f 1297/1297 1295/1295 1294/1294
f 1296/1296 1298/1298 1299/1299
f 1299/1299 1297/1297 1296/1296
f 1298/1298 1282/1282 1285/1285
f 1285/1285 1299/1299 1298/1298
f 1300/1300 1301/1301 1302/1302
f 1302/1302 1303/1303 1300/1300
f 1301/1301 1304/1304 1305/1305
f 1305/1305 1302/1302 1301/1301
f 1306/1306 1307/1307 1308/1308
f 1308/1308 1309/1309 1306/1306
f 1307/1307 1310/1310 1311/1311
f 1311/1311 1308/1308 1307/1307
f 1310/1310 1312/1312 1313/1313
f 1313/1313 1311/1311 1310/1310
f 1312/1312 1314/1314 1315/1315
f 1315/1315 1313/1313 1312/1312
f 1314/1314 1316/1316 1317/1317
f 1317/1317 1315/1315 1314/1314
f 1316/1316 1300/1300 1303/1303
f 1303/1303 1317/1317 1316/1316
f 1318/1318 1319/1319 1320/1320
f 1320/1320 1321/1321 1318/1318
f 1322/1322 1323/1323 1319/1319
f 1319/1319 1318/1318 1322/1322
f 1324/1324 1325/1325 1323/1323
f 1323/1323 1322/1322 1324/1324
f 1326/1326 1327/1327 1325/1325
f 1325/1325 1324/1324 1326/1326
f 1328/1328 1329/1329 1327/1327
f 1327/1327 1326/1326 1328/1328
f 1330/1330 1331/1331 1329/1329
f 1329/1329 1328/1328 1330/1330
f 1332/1332 1333/1333 1331/1331
f 1331/1331 1330/1330 1332/1332
f 1332/1332 1334/1334 1335/1335
f 1335/1335 1333/1333 1332/1332
f 1336/1336 1337/1337 1338/1338
f 1338/1338 1339/1339 1336/1336
f 1339/1339 1338/1338 1340/1340
f 1340/1340 1341/1341 1339/1339
f 1342/1342 1343/1343 1344/1344
f 1344/1344 1345/1345 1342/1342
f 1345/1345 1344/1344 1346/1346
f 1346/1346 1347/1347 1345/1345
f 1347/1347 1346/1346 1348/1348
f 1348/1348 1349/1349 1347/1347
f 1349/1349 1348/1348 1350/1350
f 1350/1350 1351/1351 1349/1349
f 1351/1351 1350/1350 1352/1352
f 1352/1352 1353/1353 1351/1351
f 1353/1353 1352/1352 1337/1337
f 1337/1337 1336/1336 1353/1353
f 1354/1354 1355/1355 1356/1356
f 1356/1356 1357/1357 1354/1354
f 1357/1357 1356/1356 1358/1358
f 1358/1358 1359/1359 1357/1357
f 1360/1360 1361/1361 1362/1362
f 1362/1362 1363/1363 1360/1360
f 1363/1363 1362/1362 1364/1364
f 1364/1364 1365/1365 1363/1363
f 1365/1365 1364/1364 1366/1366
f 1366/1366 1367/1367 1365/1365
f 1367/1367 1366/1366 1368/1368
f 1368/1368 1369/1369 1367/1367
f 1369/1369 1368/1368 1370/1370
f 1370/1370 1371/1371 1369/1369
f 1371/1371 1370/1370 1355/1355
f 1355/1355 1354/1354 1371/1371

